Workbook

Sheet #summury
A2: Base 테이블
A3: DATA | B3: Type | C3: Desc
A4: Id | B4: int | C4: id
A5: Name | B5: string | C5: 이름
C6: - Localization 테이블의 키 값을 입력한다.
A7: Spine | B7: string | C7: 스파인 리소스 파일명.
C8: - 스파인 리소스는 Front와 Back 2개의 세트로 구성된다.
C9: - 스파인 리소스 파일명 규칙 확정 필요. (ex. Spine_Eve_Front)
A10: Illust | B10: string | C10: 일러스트 리소스 파일명.
A11: Icon | B11: string | C11: 캐릭터 아이콘 파일명
A15: Child 테이블
A16: DATA | B16: Type | C16: Desc
A17: Id | B17: int | C17: id
A18: BaseId | B18: int | C18: 사용할 캐릭터의 Base 테이블의 id를 입력한다.
A19: Name | B19: string | C19: 이름
C20: - Localization 테이블의 키 값을 입력한다.
A21: Grade | B21: Enum.Grade | C21: 캐릭터의 등급을 지정한다.
C22: 0: NONE
C23: 1: 1성
C24: 2: 2성
C25: 3: 3성
A26: Element | B26: Enum.Element | C26: 캐릭터의 속성을 지정한다.
C27: 0: NONE
C28: 1: 수속성
C29: 2: 화속성
C30: 3: 목속성
C31: 4: 광속성
C32: 5: 암속성
A33: Role | B33: Enum.Role | C33: 캐릭터의 직업을 지정한다.
C34: 0: NONE
C35: 1: 공격형
C36: 2: 방어형
C37: 3: 마법형
C38: 4: 보조형
A39: StatParam | B39: Enum.StatParam | C39: 스탯 종류
C40: - 스탯 종류를 설정한다.
A41: StatValue | B41: int | C41: 스탯 초기 값
C42: - 캐릭터의 1레벨의 성장되지 않은 초기 값이다.
C43: - 확장 가능
A44: SkillId | B44: int | C44: 스킬 id
C45: - 스킬 테이블의 id를 입력한다.
C46: - 한 캐릭터에 같은 스킬 id 값은 사용 불가
C47: - 확장 가능
A51: Monster 테이블
A52: DATA | B52: Type | C52: Desc
A53: Id | B53: int | C53: id
A54: BaseId | B54: int | C54: 사용할 캐릭터의 Base 테이블의 id를 입력한다.
A55: Name | B55: string | C55: 이름
C56: - Localization 테이블의 키 값을 입력한다.
A57: Size | B57: Enum.Size | C57: 몬스터의 크기
C58: 0: NONE
C59: 1: 1칸 크기
C60: 2: 3x3 크기
A61: MonsterType | B61: Enum.MonsterType | C61: 몬스터의 종류를 입력한다.
C62: 0: NONE
C63: 1: 일반
C64: 10: 보스
A65: Element | B65: Enum.Element | C65: 캐릭터의 속성을 지정한다.
C66: 0: NONE
C67: 1: 수속성
C68: 2: 화속성
C69: 3: 목속성
C70: 4: 광속성
C71: 5: 암속성
A72: Role | B72: Enum.Role | C72: 캐릭터의 직업을 지정한다.
C73: 0: NONE
C74: 1: 공격형
C75: 2: 방어형
C76: 3: 마법형
C77: 4: 보조형
A78: StatParam | B78: Enum.StatParam | C78: 스탯 종류
C79: - 스탯 종류를 설정한다.
A80: StatValue | B80: int | C80: 스탯 초기 값
C81: - 캐릭터의 1레벨의 성장되지 않은 초기 값이다.
C82: - 확장 가능
A83: SkillId | B83: int | C83: 스킬 id
C84: - 스킬 테이블의 id를 입력한다.
C85: - 한 캐릭터에 같은 스킬 id 값은 사용 불가
C86: - 확장 가능
A90: LevelupStat 테이블
A91: DATA | B91: Type | C91: Desc
A92: Id | B92: int | C92: id (캐릭터 레벨과 동일하다.)
A93: StatParam | B93: Enum.StatParam | C93: 레벨업 시 증가할 스탯을 입력한다.
A94: LevelValue | B94: int | C94: 해당 레벨에서 곱해질 스탯 배율을 입력한다.
C95: - 값은 1/100,000 단위이다.
C96: - ex) 126,000 값일 경우 실제 적용되는 값은 126%이다.
A101: LevelupExp 테이블
A102: DATA | B102: Type | C102: Desc
A103: Id | B103: int | C103: id (캐릭터 레벨과 동일하다.)
A104: NeedExp | B104: int | C104: 레벨업에 필요한 경험치를 입력한다.

Sheet Detail<Child>
A1: Id | B1: #이름 | C1: Skin | D1: #DefaultSoul | E1: Name | F1: Profile | G1: MonsterType | H1: Size | I1: Scale | J1: UseHud | K1: StatusOffset | L1: StarGrade | M1: Element | N1: Role | O1: LevelUpGroup | P1: MaxSp | Q1: UseSp | R1: TurnSp | S1: AtkSp | T1: HitSp | U1: StatParam | V1: StatValue | W1: StatParam | X1: StatValue | Y1: StatParam | Z1: StatValue | AA1: StatParam | AB1: StatValue | AC1: StatParam | AD1: StatValue | AE1: StatParam | AF1: StatValue | AG1: StatParam | AH1: StatValue | AI1: StatParam | AJ1: StatValue | AK1: StatParam | AL1: StatValue | AM1: SkillId | AN1: DefaultCheck | AO1: SkillId | AP1: DefaultCheck | AQ1: SkillId | AR1: DefaultCheck | AS1: SkillId | AT1: DefaultCheck
G3: 몬스터 타입 | H3: 크기 | L3: 등급 | M3: 속성 | N3: 직업 | AM3: Normal | AO3: Active | AQ3: Ultimate | AS3: Passive
A4: 10000064 | B4: 메두사 | C4: 106401 | D4: c064 | E4: character_name_10000064 | F4: =D4&"_profile" -> c064_profile | G4: None | H4: Normal | I4: 0.95,0.95,0.95 | J4: TRUE | K4: 0,0,0 | L4: 1 | M4: Dark | N4: Attacker | O4: =100+L4 -> 101 | P4: 6 | Q4: 6 | R4: 1 | S4: 0 | T4: 0 | U4: Spd | V4: 80 | W4: Hp | X4: 5100 | Y4: Atk | Z4: 420 | AA4: Def | AB4: 120 | AC4: Penetration | AD4: 120 | AE4: Hit | AF4: 100 | AG4: Dodge | AH4: 100 | AI4: CriRatio | AJ4: 5000 | AK4: CriDmgRatio | AL4: 150000 | AM4: =INT(1&L4&TEXT(RIGHT(A4,3),"0000")&"01") -> 11006401 | AN4: TRUE | AO4: =INT(2&$L4&TEXT(RIGHT($A4,3),"0000")&"01") -> 21006401 | AP4: TRUE | AQ4: =INT(3&$L4&TEXT(RIGHT($A4,3),"0000")&"01") -> 31006401 | AR4: TRUE | AS4: =INT(4&$L4&TEXT(RIGHT($A4,3),"0000")&"01") -> 41006401 | AT4: TRUE
A5: 10000156 | B5: 에르제베트 | C5: 115601 | D5: c156 | E5: ="character_name_"&A5 -> character_name_10000156 | F5: =D5&"_profile" -> c156_profile | G5: None | H5: Normal | I5: 0.95,0.95,0.95 | J5: TRUE | K5: 0,0,0 | L5: 2 | M5: Dark | N5: Attacker | O5: =100+L5 -> 102 | P5: {=_xlfn.IFS($N5="Attacker",6,$N5="Healer",3,$N5="Magician",4,$N5="Defender",3,$N5="Supporter",4)} -> 6 | Q5: {=_xlfn.IFS($N5="Attacker",6,$N5="Healer",3,$N5="Magician",4,$N5="Defender",3,$N5="Supporter",4)} -> 6 | R5: 1 | S5: 0 | T5: 0 | U5: Spd | V5: {=_xlfn.IFS(N5="Attacker",80,N5="Healer",90,N5="Magician",100,N5="Defender",110,N5="Supporter",120)} -> 80 | W5: Hp | X5: 5100 | Y5: Atk | Z5: 420 | AA5: Def | AB5: 120 | AC5: Penetration | AD5: 187 | AE5: Hit | AF5: 100 | AG5: Dodge | AH5: 100 | AI5: CriRatio | AJ5: 5000 | AK5: CriDmgRatio | AL5: 150000 | AM5: =INT(1&L5&TEXT(RIGHT(A5,3),"0000")&"01") -> 12015601 | AN5: TRUE | AO5: =INT(2&$L5&TEXT(RIGHT($A5,3),"0000")&"01") -> 22015601 | AP5: TRUE | AQ5: =INT(3&$L5&TEXT(RIGHT($A5,3),"0000")&"01") -> 32015601 | AR5: TRUE | AS5: =INT(4&$L5&TEXT(RIGHT($A5,3),"0000")&"01") -> 42015601 | AT5: TRUE
A6: 10000486 | B6: 쿠바바 | C6: 148601 | D6: c486 | E6: ="character_name_"&A6 -> character_name_10000486 | F6: =D6&"_profile" -> c486_profile | G6: None | H6: Normal | I6: 0.95,0.95,0.95 | J6: TRUE | K6: 0,0,0 | L6: 3 | M6: Dark | N6: Attacker | O6: =100+L6 -> 103 | P6: {=_xlfn.IFS($N6="Attacker",6,$N6="Healer",3,$N6="Magician",4,$N6="Defender",3,$N6="Supporter",4)} -> 6 | Q6: {=_xlfn.IFS($N6="Attacker",6,$N6="Healer",3,$N6="Magician",4,$N6="Defender",3,$N6="Supporter",4)} -> 6 | R6: 1 | S6: 0 | T6: 0 | U6: Spd | V6: {=_xlfn.IFS(N6="Attacker",80,N6="Healer",90,N6="Magician",100,N6="Defender",110,N6="Supporter",120)} -> 80 | W6: Hp | X6: 5100 | Y6: Atk | Z6: 420 | AA6: Def | AB6: 120 | AC6: Penetration | AD6: 187 | AE6: Hit | AF6: 100 | AG6: Dodge | AH6: 100 | AI6: CriRatio | AJ6: 5000 | AK6: CriDmgRatio | AL6: 150000 | AM6: =INT(1&L6&TEXT(RIGHT(A6,3),"0000")&"01") -> 13048601 | AN6: TRUE | AO6: =INT(2&$L6&TEXT(RIGHT($A6,3),"0000")&"01") -> 23048601 | AP6: TRUE | AQ6: =INT(3&$L6&TEXT(RIGHT($A6,3),"0000")&"01") -> 33048601 | AR6: TRUE | AS6: =INT(4&$L6&TEXT(RIGHT($A6,3),"0000")&"01") -> 43048601 | AT6: TRUE
A7: 10000532 | B7: 아누비스 | C7: 153201 | D7: c532 | E7: ="character_name_"&A7 -> character_name_10000532 | F7: =D7&"_profile" -> c532_profile | G7: None | H7: Normal | I7: 0.95,0.95,0.95 | J7: TRUE | K7: 0,0,0 | L7: 3 | M7: Dark | N7: Attacker | O7: =100+L7 -> 103 | P7: 6 | Q7: 6 | R7: 1 | S7: 0 | T7: 0 | U7: Spd | V7: {=_xlfn.IFS(N7="Attacker",80,N7="Healer",90,N7="Magician",100,N7="Defender",110,N7="Supporter",120)} -> 80 | W7: Hp | X7: 5100 | Y7: Atk | Z7: 420 | AA7: Def | AB7: 120 | AC7: Penetration | AD7: 120 | AE7: Hit | AF7: 100 | AG7: Dodge | AH7: 100 | AI7: CriRatio | AJ7: 5000 | AK7: CriDmgRatio | AL7: 150000 | AM7: =INT(1&L7&TEXT(RIGHT(A7,3),"0000")&"01") -> 13053201 | AN7: TRUE | AO7: =INT(2&$L7&TEXT(RIGHT($A7,3),"0000")&"01") -> 23053201 | AP7: TRUE | AQ7: =INT(3&$L7&TEXT(RIGHT($A7,3),"0000")&"01") -> 33053201 | AR7: TRUE | AS7: =INT(4&$L7&TEXT(RIGHT($A7,3),"0000")&"01") -> 43053201 | AT7: TRUE
A8: 10000001 | B8: 모나 | C8: 100101 | D8: c001 | E8: ="character_name_"&A8 -> character_name_10000001 | F8: =D8&"_profile" -> c001_profile | G8: None | H8: Normal | I8: 0.95,0.95,0.95 | J8: TRUE | K8: 0,0,0 | L8: 2 | M8: Dark | N8: Defender | O8: =100+L8 -> 102 | P8: 3 | Q8: 3 | R8: 1 | S8: 0 | T8: 0 | U8: Spd | V8: {=_xlfn.IFS(N8="Attacker",80,N8="Healer",90,N8="Magician",100,N8="Defender",110,N8="Supporter",120)} -> 110 | W8: Hp | X8: 6475 | Y8: Atk | Z8: 168 | AA8: Def | AB8: 151 | AC8: Penetration | AD8: 163 | AE8: Hit | AF8: 100 | AG8: Dodge | AH8: 100 | AI8: CriRatio | AJ8: 5000 | AK8: CriDmgRatio | AL8: 150000 | AM8: =INT(1&L8&TEXT(RIGHT(A8,3),"0000")&"01") -> 12000101 | AN8: TRUE | AO8: =INT(2&$L8&TEXT(RIGHT($A8,3),"0000")&"01") -> 22000101 | AP8: TRUE | AQ8: =INT(3&$L8&TEXT(RIGHT($A8,3),"0000")&"01") -> 32000101 | AR8: TRUE | AS8: =INT(4&$L8&TEXT(RIGHT($A8,3),"0000")&"01") -> 42000101 | AT8: TRUE
A9: 10000051 | B9: 프레이 | C9: 105101 | D9: c051 | E9: ="character_name_"&A9 -> character_name_10000051 | F9: =D9&"_profile" -> c051_profile | G9: None | H9: Normal | I9: 0.95,0.95,0.95 | J9: TRUE | K9: 0,0,0 | L9: 3 | M9: Dark | N9: Defender | O9: =100+L9 -> 103 | P9: {=_xlfn.IFS($N9="Attacker",6,$N9="Healer",3,$N9="Magician",4,$N9="Defender",3,$N9="Supporter",4)} -> 3 | Q9: {=_xlfn.IFS($N9="Attacker",6,$N9="Healer",3,$N9="Magician",4,$N9="Defender",3,$N9="Supporter",4)} -> 3 | R9: 1 | S9: 0 | T9: 0 | U9: Spd | V9: {=_xlfn.IFS(N9="Attacker",80,N9="Healer",90,N9="Magician",100,N9="Defender",110,N9="Supporter",120)} -> 110 | W9: Hp | X9: 8650 | Y9: Atk | Z9: 252 | AA9: Def | AB9: 240 | AC9: Penetration | AD9: 234 | AE9: Hit | AF9: 100 | AG9: Dodge | AH9: 100 | AI9: CriRatio | AJ9: 5000 | AK9: CriDmgRatio | AL9: 150000 | AM9: =INT(1&L9&TEXT(RIGHT(A9,3),"0000")&"01") -> 13005101 | AN9: TRUE | AO9: =INT(2&$L9&TEXT(RIGHT($A9,3),"0000")&"01") -> 23005101 | AP9: TRUE | AQ9: =INT(3&$L9&TEXT(RIGHT($A9,3),"0000")&"01") -> 33005101 | AR9: TRUE | AS9: =INT(4&$L9&TEXT(RIGHT($A9,3),"0000")&"01") -> 43005101 | AT9: TRUE
A10: 10000048 | B10: 네반 | C10: 104801 | D10: c048 | E10: character_name_10000048 | F10: =D10&"_profile" -> c048_profile | G10: None | H10: Normal | I10: 0.95,0.95,0.95 | J10: TRUE | K10: 0,0,0 | L10: 1 | M10: Dark | N10: Healer | O10: =100+L10 -> 101 | P10: 3 | Q10: 3 | R10: 1 | S10: 0 | T10: 0 | U10: Spd | V10: 90 | W10: Hp | X10: 6475 | Y10: Atk | Z10: 168 | AA10: Def | AB10: 151 | AC10: Penetration | AD10: 151 | AE10: Hit | AF10: 100 | AG10: Dodge | AH10: 100 | AI10: CriRatio | AJ10: 5000 | AK10: CriDmgRatio | AL10: 150000 | AM10: =INT(1&L10&TEXT(RIGHT(A10,3),"0000")&"01") -> 11004801 | AN10: TRUE | AO10: =INT(2&$L10&TEXT(RIGHT($A10,3),"0000")&"01") -> 21004801 | AP10: TRUE | AQ10: =INT(3&$L10&TEXT(RIGHT($A10,3),"0000")&"01") -> 31004801 | AR10: TRUE | AS10: =INT(4&$L10&TEXT(RIGHT($A10,3),"0000")&"01") -> 41004801 | AT10: TRUE
A11: 10000448 | B11: 미르칼라 | C11: 144801 | D11: c448 | E11: ="character_name_"&A11 -> character_name_10000448 | F11: =D11&"_profile" -> c448_profile | G11: None | H11: Normal | I11: 0.95,0.95,0.95 | J11: TRUE | K11: 0,0,0 | L11: 3 | M11: Dark | N11: Healer | O11: =100+L11 -> 103 | P11: 4 | Q11: 4 | R11: 1 | S11: 0 | T11: 0 | U11: Spd | V11: {=_xlfn.IFS(N11="Attacker",80,N11="Healer",90,N11="Magician",100,N11="Defender",110,N11="Supporter",120)} -> 90 | W11: Hp | X11: 4743 | Y11: Atk | Z11: 341 | AA11: Def | AB11: 108 | AC11: Penetration | AD11: 108 | AE11: Hit | AF11: 100 | AG11: Dodge | AH11: 100 | AI11: CriRatio | AJ11: 5000 | AK11: CriDmgRatio | AL11: 150000 | AM11: =INT(1&L11&TEXT(RIGHT(A11,3),"0000")&"01") -> 13044801 | AN11: TRUE | AO11: =INT(2&$L11&TEXT(RIGHT($A11,3),"0000")&"01") -> 23044801 | AP11: TRUE | AQ11: =INT(3&$L11&TEXT(RIGHT($A11,3),"0000")&"01") -> 33044801 | AR11: TRUE | AS11: =INT(4&$L11&TEXT(RIGHT($A11,3),"0000")&"01") -> 43044801 | AT11: TRUE
A12: 10000514 | B12: 두엣샤 | C12: 151401 | D12: c514 | E12: ="character_name_"&A12 -> character_name_10000514 | F12: =D12&"_profile" -> c514_profile | G12: None | H12: Normal | I12: 0.95,0.95,0.95 | J12: TRUE | K12: 0,0,0 | L12: 2 | M12: Dark | N12: Magician | O12: =100+L12 -> 102 | P12: {=_xlfn.IFS($N12="Attacker",6,$N12="Healer",3,$N12="Magician",4,$N12="Defender",3,$N12="Supporter",4)} -> 4 | Q12: {=_xlfn.IFS($N12="Attacker",6,$N12="Healer",3,$N12="Magician",4,$N12="Defender",3,$N12="Supporter",4)} -> 4 | R12: 1 | S12: 0 | T12: 0 | U12: Spd | V12: {=_xlfn.IFS(N12="Attacker",80,N12="Healer",90,N12="Magician",100,N12="Defender",110,N12="Supporter",120)} -> 100 | W12: Hp | X12: 5100 | Y12: Atk | Z12: 420 | AA12: Def | AB12: 120 | AC12: Penetration | AD12: 156 | AE12: Hit | AF12: 100 | AG12: Dodge | AH12: 100 | AI12: CriRatio | AJ12: 5000 | AK12: CriDmgRatio | AL12: 150000 | AM12: =INT(1&L12&TEXT(RIGHT(A12,3),"0000")&"01") -> 12051401 | AN12: TRUE | AO12: =INT(2&$L12&TEXT(RIGHT($A12,3),"0000")&"01") -> 22051401 | AP12: TRUE | AQ12: =INT(3&$L12&TEXT(RIGHT($A12,3),"0000")&"01") -> 32051401 | AR12: TRUE | AS12: =INT(4&$L12&TEXT(RIGHT($A12,3),"0000")&"01") -> 42051401 | AT12: TRUE
A13: 10000432 | B13: 아르테미스 | C13: 143201 | D13: c432 | E13: ="character_name_"&A13 -> character_name_10000432 | F13: =D13&"_profile" -> c432_profile | G13: None | H13: Normal | I13: 0.95,0.95,0.95 | J13: TRUE | K13: 0,0,0 | L13: 3 | M13: Dark | N13: Magician | O13: =100+L13 -> 103 | P13: {=_xlfn.IFS($N13="Attacker",6,$N13="Healer",3,$N13="Magician",4,$N13="Defender",3,$N13="Supporter",4)} -> 4 | Q13: {=_xlfn.IFS($N13="Attacker",6,$N13="Healer",3,$N13="Magician",4,$N13="Defender",3,$N13="Supporter",4)} -> 4 | R13: 1 | S13: 0 | T13: 0 | U13: Spd | V13: {=_xlfn.IFS(N13="Attacker",80,N13="Healer",90,N13="Magician",100,N13="Defender",110,N13="Supporter",120)} -> 100 | W13: Hp | X13: 5100 | Y13: Atk | Z13: 420 | AA13: Def | AB13: 120 | AC13: Penetration | AD13: 156 | AE13: Hit | AF13: 100 | AG13: Dodge | AH13: 100 | AI13: CriRatio | AJ13: 5000 | AK13: CriDmgRatio | AL13: 150000 | AM13: =INT(1&L13&TEXT(RIGHT(A13,3),"0000")&"01") -> 13043201 | AN13: TRUE | AO13: =INT(2&$L13&TEXT(RIGHT($A13,3),"0000")&"01") -> 23043201 | AP13: TRUE | AQ13: =INT(3&$L13&TEXT(RIGHT($A13,3),"0000")&"01") -> 33043201 | AR13: TRUE | AS13: =INT(4&$L13&TEXT(RIGHT($A13,3),"0000")&"01") -> 43043201 | AT13: TRUE
A14: 10000400 | B14: 반시 | C14: 140001 | D14: c400 | E14: ="character_name_"&A14 -> character_name_10000400 | F14: =D14&"_profile" -> c400_profile | G14: None | H14: Normal | I14: 0.95,0.95,0.95 | J14: TRUE | K14: 0,0,0 | L14: 3 | M14: Dark | N14: Magician | O14: =100+L14 -> 103 | P14: {=_xlfn.IFS($N14="Attacker",6,$N14="Healer",3,$N14="Magician",4,$N14="Defender",3,$N14="Supporter",4)} -> 4 | Q14: {=_xlfn.IFS($N14="Attacker",6,$N14="Healer",3,$N14="Magician",4,$N14="Defender",3,$N14="Supporter",4)} -> 4 | R14: 1 | S14: 0 | T14: 0 | U14: Spd | V14: {=_xlfn.IFS(N14="Attacker",80,N14="Healer",90,N14="Magician",100,N14="Defender",110,N14="Supporter",120)} -> 100 | W14: Hp | X14: 5100 | Y14: Atk | Z14: 420 | AA14: Def | AB14: 120 | AC14: Penetration | AD14: 156 | AE14: Hit | AF14: 100 | AG14: Dodge | AH14: 100 | AI14: CriRatio | AJ14: 5000 | AK14: CriDmgRatio | AL14: 150000 | AM14: =INT(1&L14&TEXT(RIGHT(A14,3),"0000")&"01") -> 13040001 | AN14: TRUE | AO14: =INT(2&$L14&TEXT(RIGHT($A14,3),"0000")&"01") -> 23040001 | AP14: TRUE | AQ14: =INT(3&$L14&TEXT(RIGHT($A14,3),"0000")&"01") -> 33040001 | AR14: TRUE | AS14: =INT(4&$L14&TEXT(RIGHT($A14,3),"0000")&"01") -> 43040001 | AT14: TRUE
A15: 10000035 | B15: 페르세포네 | C15: 103501 | D15: c035 | E15: character_name_10000035 | F15: =D15&"_profile" -> c035_profile | G15: None | H15: Normal | I15: 0.95,0.95,0.95 | J15: TRUE | K15: 0,0,0 | L15: 1 | M15: Dark | N15: Supporter | O15: =100+L15 -> 101 | P15: 4 | Q15: 4 | R15: 1 | S15: 0 | T15: 0 | U15: Spd | V15: 120 | W15: Hp | X15: 5909 | Y15: Atk | Z15: 198 | AA15: Def | AB15: 142 | AC15: Penetration | AD15: 142 | AE15: Hit | AF15: 100 | AG15: Dodge | AH15: 100 | AI15: CriRatio | AJ15: 5000 | AK15: CriDmgRatio | AL15: 150000 | AM15: =INT(1&$L15&TEXT(RIGHT($A15,3),"0000")&"01") -> 11003501 | AN15: TRUE | AO15: =INT(2&$L15&TEXT(RIGHT($A15,3),"0000")&"01") -> 21003501 | AP15: TRUE | AQ15: =INT(3&$L15&TEXT(RIGHT($A15,3),"0000")&"01") -> 31003501 | AR15: TRUE | AS15: =INT(4&$L15&TEXT(RIGHT($A15,3),"0000")&"01") -> 41003501 | AT15: TRUE
A16: 10000294 | B16: 바토리 | C16: 129401 | D16: c294 | E16: ="character_name_"&A16 -> character_name_10000294 | F16: =D16&"_profile" -> c294_profile | G16: None | H16: Normal | I16: 0.95,0.95,0.95 | J16: TRUE | K16: 0,0,0 | L16: 3 | M16: Dark | N16: Supporter | O16: =100+L16 -> 103 | P16: 6 | Q16: 6 | R16: 1 | S16: 0 | T16: 0 | U16: Spd | V16: {=_xlfn.IFS(N16="Attacker",80,N16="Healer",90,N16="Magician",100,N16="Defender",110,N16="Supporter",120)} -> 120 | W16: Hp | X16: 5100 | Y16: Atk | Z16: 420 | AA16: Def | AB16: 120 | AC16: Penetration | AD16: 156 | AE16: Hit | AF16: 100 | AG16: Dodge | AH16: 100 | AI16: CriRatio | AJ16: 5000 | AK16: CriDmgRatio | AL16: 150000 | AM16: =INT(1&L16&TEXT(RIGHT(A16,3),"0000")&"01") -> 13029401 | AN16: TRUE | AO16: =INT(2&$L16&TEXT(RIGHT($A16,3),"0000")&"01") -> 23029401 | AP16: TRUE | AQ16: =INT(3&$L16&TEXT(RIGHT($A16,3),"0000")&"01") -> 33029401 | AR16: TRUE | AS16: =INT(4&$L16&TEXT(RIGHT($A16,3),"0000")&"01") -> 43029401 | AT16: TRUE
A17: 10000485 | B17: 유나 | C17: 148501 | D17: c485 | E17: ="character_name_"&A17 -> character_name_10000485 | F17: =D17&"_profile" -> c485_profile | G17: None | H17: Normal | I17: 0.95,0.95,0.95 | J17: TRUE | K17: 0,0,0 | L17: 3 | M17: Dark | N17: Supporter | O17: =100+L17 -> 103 | P17: 4 | Q17: 4 | R17: 1 | S17: 0 | T17: 0 | U17: Spd | V17: {=_xlfn.IFS(N17="Attacker",80,N17="Healer",90,N17="Magician",100,N17="Defender",110,N17="Supporter",120)} -> 120 | W17: Hp | X17: 5909 | Y17: Atk | Z17: 198 | AA17: Def | AB17: 142 | AC17: Penetration | AD17: 142 | AE17: Hit | AF17: 100 | AG17: Dodge | AH17: 100 | AI17: CriRatio | AJ17: 5000 | AK17: CriDmgRatio | AL17: 150000 | AM17: =INT(1&L17&TEXT(RIGHT(A17,3),"0000")&"01") -> 13048501 | AN17: TRUE | AO17: =INT(2&$L17&TEXT(RIGHT($A17,3),"0000")&"01") -> 23048501 | AP17: TRUE | AQ17: =INT(3&$L17&TEXT(RIGHT($A17,3),"0000")&"01") -> 33048501 | AR17: TRUE | AS17: =INT(4&$L17&TEXT(RIGHT($A17,3),"0000")&"01") -> 43048501 | AT17: TRUE
A18: 10000083 | B18: 네이드 | C18: 108301 | D18: c083 | E18: character_name_10000083 | F18: =D18&"_profile" -> c083_profile | G18: None | H18: Normal | I18: 0.95,0.95,0.95 | J18: TRUE | K18: 0,0,0 | L18: 1 | M18: Fire | N18: Attacker | O18: =100+L18 -> 101 | P18: 6 | Q18: 6 | R18: 1 | S18: 0 | T18: 0 | U18: Spd | V18: 80 | W18: Hp | X18: 5100 | Y18: Atk | Z18: 420 | AA18: Def | AB18: 120 | AC18: Penetration | AD18: 120 | AE18: Hit | AF18: 100 | AG18: Dodge | AH18: 100 | AI18: CriRatio | AJ18: 5000 | AK18: CriDmgRatio | AL18: 150000 | AM18: =INT(1&L18&TEXT(RIGHT(A18,3),"0000")&"01") -> 11008301 | AN18: TRUE | AO18: =INT(2&$L18&TEXT(RIGHT($A18,3),"0000")&"01") -> 21008301 | AP18: TRUE | AQ18: =INT(3&$L18&TEXT(RIGHT($A18,3),"0000")&"01") -> 31008301 | AR18: TRUE | AS18: =INT(4&$L18&TEXT(RIGHT($A18,3),"0000")&"01") -> 41008301 | AT18: TRUE
A19: 10000412 | B19: 카인 | C19: 141201 | D19: c412 | E19: ="character_name_"&A19 -> character_name_10000412 | F19: =D19&"_profile" -> c412_profile | G19: None | H19: Normal | I19: 0.95,0.95,0.95 | J19: TRUE | K19: 0,0,0 | L19: 2 | M19: Fire | N19: Attacker | O19: =100+L19 -> 102 | P19: {=_xlfn.IFS($N19="Attacker",6,$N19="Healer",3,$N19="Magician",4,$N19="Defender",3,$N19="Supporter",4)} -> 6 | Q19: {=_xlfn.IFS($N19="Attacker",6,$N19="Healer",3,$N19="Magician",4,$N19="Defender",3,$N19="Supporter",4)} -> 6 | R19: 1 | S19: 0 | T19: 0 | U19: Spd | V19: {=_xlfn.IFS(N19="Attacker",80,N19="Healer",90,N19="Magician",100,N19="Defender",110,N19="Supporter",120)} -> 80 | W19: Hp | X19: 5100 | Y19: Atk | Z19: 420 | AA19: Def | AB19: 120 | AC19: Penetration | AD19: 130 | AE19: Hit | AF19: 100 | AG19: Dodge | AH19: 100 | AI19: CriRatio | AJ19: 5000 | AK19: CriDmgRatio | AL19: 150000 | AM19: =INT(1&L19&TEXT(RIGHT(A19,3),"0000")&"01") -> 12041201 | AN19: TRUE | AO19: =INT(2&$L19&TEXT(RIGHT($A19,3),"0000")&"01") -> 22041201 | AP19: TRUE | AQ19: =INT(3&$L19&TEXT(RIGHT($A19,3),"0000")&"01") -> 32041201 | AR19: TRUE | AS19: =INT(4&$L19&TEXT(RIGHT($A19,3),"0000")&"01") -> 42041201 | AT19: TRUE
A20: 10000501 | B20: 라가라자 | C20: 150101 | D20: c501 | E20: ="character_name_"&A20 -> character_name_10000501 | F20: =D20&"_profile" -> c501_profile | G20: None | H20: Normal | I20: 0.95,0.95,0.95 | J20: TRUE | K20: 0,0,0 | L20: 3 | M20: Fire | N20: Attacker | O20: =100+L20 -> 103 | P20: {=_xlfn.IFS($N20="Attacker",6,$N20="Healer",3,$N20="Magician",4,$N20="Defender",3,$N20="Supporter",4)} -> 6 | Q20: {=_xlfn.IFS($N20="Attacker",6,$N20="Healer",3,$N20="Magician",4,$N20="Defender",3,$N20="Supporter",4)} -> 6 | R20: 1 | S20: 0 | T20: 0 | U20: Spd | V20: {=_xlfn.IFS(N20="Attacker",80,N20="Healer",90,N20="Magician",100,N20="Defender",110,N20="Supporter",120)} -> 80 | W20: Hp | X20: 8650 | Y20: Atk | Z20: 252 | AA20: Def | AB20: 240 | AC20: Penetration | AD20: 234 | AE20: Hit | AF20: 100 | AG20: Dodge | AH20: 100 | AI20: CriRatio | AJ20: 5000 | AK20: CriDmgRatio | AL20: 150000 | AM20: =INT(1&L20&TEXT(RIGHT(A20,3),"0000")&"01") -> 13050101 | AN20: TRUE | AO20: =INT(2&$L20&TEXT(RIGHT($A20,3),"0000")&"01") -> 23050101 | AP20: TRUE | AQ20: =INT(3&$L20&TEXT(RIGHT($A20,3),"0000")&"01") -> 33050101 | AR20: TRUE | AS20: =INT(4&$L20&TEXT(RIGHT($A20,3),"0000")&"01") -> 43050101 | AT20: TRUE
A21: 10000445 | B21: 카라라트리 | C21: 144501 | D21: c445 | E21: ="character_name_"&A21 -> character_name_10000445 | F21: =D21&"_profile" -> c445_profile | G21: None | H21: Normal | I21: 0.95,0.95,0.95 | J21: TRUE | K21: 0,0,0 | L21: 3 | M21: Fire | N21: Attacker | O21: =100+L21 -> 103 | P21: 4 | Q21: 4 | R21: 1 | S21: 0 | T21: 0 | U21: Spd | V21: {=_xlfn.IFS(N21="Attacker",80,N21="Healer",90,N21="Magician",100,N21="Defender",110,N21="Supporter",120)} -> 80 | W21: Hp | X21: 4743 | Y21: Atk | Z21: 341 | AA21: Def | AB21: 108 | AC21: Penetration | AD21: 156 | AE21: Hit | AF21: 100 | AG21: Dodge | AH21: 100 | AI21: CriRatio | AJ21: 5000 | AK21: CriDmgRatio | AL21: 150000 | AM21: =INT(1&L21&TEXT(RIGHT(A21,3),"0000")&"01") -> 13044501 | AN21: TRUE | AO21: =INT(2&$L21&TEXT(RIGHT($A21,3),"0000")&"01") -> 23044501 | AP21: TRUE | AQ21: =INT(3&$L21&TEXT(RIGHT($A21,3),"0000")&"01") -> 33044501 | AR21: TRUE | AS21: =INT(4&$L21&TEXT(RIGHT($A21,3),"0000")&"01") -> 43044501 | AT21: TRUE
A22: 10000037 | B22: 유다 | C22: 103701 | D22: c037 | E22: character_name_10000037 | F22: =D22&"_profile" -> c037_profile | G22: None | H22: Normal | I22: 0.95,0.95,0.95 | J22: TRUE | K22: 0,0,0 | L22: 1 | M22: Fire | N22: Defender | O22: =100+L22 -> 101 | P22: 3 | Q22: 3 | R22: 1 | S22: 0 | T22: 0 | U22: Spd | V22: 110 | W22: Hp | X22: 8650 | Y22: Atk | Z22: 252 | AA22: Def | AB22: 240 | AC22: Penetration | AD22: 240 | AE22: Hit | AF22: 100 | AG22: Dodge | AH22: 100 | AI22: CriRatio | AJ22: 5000 | AK22: CriDmgRatio | AL22: 150000 | AM22: =INT(1&L22&TEXT(RIGHT(A22,3),"0000")&"01") -> 11003701 | AN22: TRUE | AO22: =INT(2&$L22&TEXT(RIGHT($A22,3),"0000")&"01") -> 21003701 | AP22: TRUE | AQ22: =INT(3&$L22&TEXT(RIGHT($A22,3),"0000")&"01") -> 31003701 | AR22: TRUE | AS22: =INT(4&$L22&TEXT(RIGHT($A22,3),"0000")&"01") -> 41003701 | AT22: TRUE
A23: 10000462 | B23: 데레사 | C23: 146201 | D23: c462 | E23: ="character_name_"&A23 -> character_name_10000462 | F23: =D23&"_profile" -> c462_profile | G23: None | H23: Normal | I23: 0.95,0.95,0.95 | J23: TRUE | K23: 0,0,0 | L23: 3 | M23: Fire | N23: Defender | O23: =100+L23 -> 103 | P23: {=_xlfn.IFS($N23="Attacker",6,$N23="Healer",3,$N23="Magician",4,$N23="Defender",3,$N23="Supporter",4)} -> 3 | Q23: {=_xlfn.IFS($N23="Attacker",6,$N23="Healer",3,$N23="Magician",4,$N23="Defender",3,$N23="Supporter",4)} -> 3 | R23: 1 | S23: 0 | T23: 0 | U23: Spd | V23: {=_xlfn.IFS(N23="Attacker",80,N23="Healer",90,N23="Magician",100,N23="Defender",110,N23="Supporter",120)} -> 110 | W23: Hp | X23: 8650 | Y23: Atk | Z23: 252 | AA23: Def | AB23: 240 | AC23: Penetration | AD23: 156 | AE23: Hit | AF23: 100 | AG23: Dodge | AH23: 100 | AI23: CriRatio | AJ23: 5000 | AK23: CriDmgRatio | AL23: 150000 | AM23: =INT(1&L23&TEXT(RIGHT(A23,3),"0000")&"01") -> 13046201 | AN23: TRUE | AO23: =INT(2&$L23&TEXT(RIGHT($A23,3),"0000")&"01") -> 23046201 | AP23: TRUE | AQ23: =INT(3&$L23&TEXT(RIGHT($A23,3),"0000")&"01") -> 33046201 | AR23: TRUE | AS23: =INT(4&$L23&TEXT(RIGHT($A23,3),"0000")&"01") -> 43046201 | AT23: TRUE
A24: 10000286 | B24: 베르들레 | C24: 128601 | D24: c286 | E24: character_name_10000286 | F24: =D24&"_profile" -> c286_profile | G24: None | H24: Normal | I24: 0.95,0.95,0.95 | J24: TRUE | K24: 0,0,0 | L24: 1 | M24: Fire | N24: Healer | O24: =100+L24 -> 101 | P24: 3 | Q24: 3 | R24: 1 | S24: 0 | T24: 0 | U24: Spd | V24: 90 | W24: Hp | X24: 6475 | Y24: Atk | Z24: 168 | AA24: Def | AB24: 151 | AC24: Penetration | AD24: 151 | AE24: Hit | AF24: 100 | AG24: Dodge | AH24: 100 | AI24: CriRatio | AJ24: 5000 | AK24: CriDmgRatio | AL24: 150000 | AM24: =INT(1&L24&TEXT(RIGHT(A24,3),"0000")&"01") -> 11028601 | AN24: TRUE | AO24: =INT(2&$L24&TEXT(RIGHT($A24,3),"0000")&"01") -> 21028601 | AP24: TRUE | AQ24: =INT(3&$L24&TEXT(RIGHT($A24,3),"0000")&"01") -> 31028601 | AR24: TRUE | AS24: =INT(4&$L24&TEXT(RIGHT($A24,3),"0000")&"01") -> 41028601 | AT24: TRUE
A25: 10000429 | B25: 지바 | C25: 142901 | D25: c429 | E25: ="character_name_"&A25 -> character_name_10000429 | F25: =D25&"_profile" -> c429_profile | G25: None | H25: Normal | I25: 0.95,0.95,0.95 | J25: TRUE | K25: 0,0,0 | L25: 3 | M25: Fire | N25: Healer | O25: =100+L25 -> 103 | P25: 3 | Q25: 3 | R25: 1 | S25: 0 | T25: 0 | U25: Spd | V25: {=_xlfn.IFS(N25="Attacker",80,N25="Healer",90,N25="Magician",100,N25="Defender",110,N25="Supporter",120)} -> 90 | W25: Hp | X25: 6475 | Y25: Atk | Z25: 168 | AA25: Def | AB25: 151 | AC25: Penetration | AD25: 151 | AE25: Hit | AF25: 100 | AG25: Dodge | AH25: 100 | AI25: CriRatio | AJ25: 5000 | AK25: CriDmgRatio | AL25: 150000 | AM25: =INT(1&L25&TEXT(RIGHT(A25,3),"0000")&"01") -> 13042901 | AN25: TRUE | AO25: =INT(2&$L25&TEXT(RIGHT($A25,3),"0000")&"01") -> 23042901 | AP25: TRUE | AQ25: =INT(3&$L25&TEXT(RIGHT($A25,3),"0000")&"01") -> 33042901 | AR25: TRUE | AS25: =INT(4&$L25&TEXT(RIGHT($A25,3),"0000")&"01") -> 43042901 | AT25: TRUE
A26: 10000003 | B26: 다비 | C26: 100301 | D26: c003 | E26: ="character_name_"&A26 -> character_name_10000003 | F26: =D26&"_profile" -> c003_profile | G26: None | H26: Normal | I26: 0.95,0.95,0.95 | J26: TRUE | K26: 0,0,0 | L26: 2 | M26: Fire | N26: Magician | O26: =100+L26 -> 102 | P26: 6 | Q26: 6 | R26: 1 | S26: 0 | T26: 0 | U26: Spd | V26: {=_xlfn.IFS(N26="Attacker",80,N26="Healer",90,N26="Magician",100,N26="Defender",110,N26="Supporter",120)} -> 100 | W26: Hp | X26: 5100 | Y26: Atk | Z26: 420 | AA26: Def | AB26: 120 | AC26: Penetration | AD26: 130 | AE26: Hit | AF26: 100 | AG26: Dodge | AH26: 100 | AI26: CriRatio | AJ26: 5000 | AK26: CriDmgRatio | AL26: 150000 | AM26: =INT(1&L26&TEXT(RIGHT(A26,3),"0000")&"01") -> 12000301 | AN26: TRUE | AO26: =INT(2&$L26&TEXT(RIGHT($A26,3),"0000")&"01") -> 22000301 | AP26: TRUE | AQ26: =INT(3&$L26&TEXT(RIGHT($A26,3),"0000")&"01") -> 32000301 | AR26: TRUE | AS26: =INT(4&$L26&TEXT(RIGHT($A26,3),"0000")&"01") -> 42000301 | AT26: TRUE
A27: 10000417 | B27: 구미호 | C27: 141701 | D27: c417 | E27: ="character_name_"&A27 -> character_name_10000417 | F27: =D27&"_profile" -> c417_profile | G27: None | H27: Normal | I27: 0.95,0.95,0.95 | J27: TRUE | K27: 0,0,0 | L27: 3 | M27: Fire | N27: Magician | O27: =100+L27 -> 103 | P27: 4 | Q27: 4 | R27: 1 | S27: 0 | T27: 0 | U27: Spd | V27: {=_xlfn.IFS(N27="Attacker",80,N27="Healer",90,N27="Magician",100,N27="Defender",110,N27="Supporter",120)} -> 100 | W27: Hp | X27: 4743 | Y27: Atk | Z27: 341 | AA27: Def | AB27: 108 | AC27: Penetration | AD27: 187 | AE27: Hit | AF27: 100 | AG27: Dodge | AH27: 100 | AI27: CriRatio | AJ27: 5000 | AK27: CriDmgRatio | AL27: 150000 | AM27: =INT(1&L27&TEXT(RIGHT(A27,3),"0000")&"01") -> 13041701 | AN27: TRUE | AO27: =INT(2&$L27&TEXT(RIGHT($A27,3),"0000")&"01") -> 23041701 | AP27: TRUE | AQ27: =INT(3&$L27&TEXT(RIGHT($A27,3),"0000")&"01") -> 33041701 | AR27: TRUE | AS27: =INT(4&$L27&TEXT(RIGHT($A27,3),"0000")&"01") -> 43041701 | AT27: TRUE
A28: 10000283 | B28: 모건 | C28: 128301 | D28: c283 | E28: ="character_name_"&A28 -> character_name_10000283 | F28: =D28&"_profile" -> c283_profile | G28: None | H28: Normal | I28: 0.95,0.95,0.95 | J28: TRUE | K28: 0,0,0 | L28: 3 | M28: Fire | N28: Magician | O28: =100+L28 -> 103 | P28: 3 | Q28: 3 | R28: 1 | S28: 0 | T28: 0 | U28: Spd | V28: {=_xlfn.IFS(N28="Attacker",80,N28="Healer",90,N28="Magician",100,N28="Defender",110,N28="Supporter",120)} -> 100 | W28: Hp | X28: 8650 | Y28: Atk | Z28: 252 | AA28: Def | AB28: 240 | AC28: Penetration | AD28: 156 | AE28: Hit | AF28: 100 | AG28: Dodge | AH28: 100 | AI28: CriRatio | AJ28: 5000 | AK28: CriDmgRatio | AL28: 150000 | AM28: =INT(1&L28&TEXT(RIGHT(A28,3),"0000")&"01") -> 13028301 | AN28: TRUE | AO28: =INT(2&$L28&TEXT(RIGHT($A28,3),"0000")&"01") -> 23028301 | AP28: TRUE | AQ28: =INT(3&$L28&TEXT(RIGHT($A28,3),"0000")&"01") -> 33028301 | AR28: TRUE | AS28: =INT(4&$L28&TEXT(RIGHT($A28,3),"0000")&"01") -> 43028301 | AT28: TRUE
A29: 10000339 | B29: 다비 | C29: 133901 | D29: c339 | E29: character_name_10000339 | F29: =D29&"_profile" -> c339_profile | G29: None | H29: Normal | I29: 0.95,0.95,0.95 | J29: TRUE | K29: 0,0,0 | L29: 3 | M29: Fire | N29: Magician | O29: =100+L29 -> 103 | P29: 6 | Q29: 6 | R29: 1 | S29: 0 | T29: 0 | U29: Spd | V29: 100 | W29: Hp | X29: 5500 | Y29: Atk | Z29: 198 | AA29: Def | AB29: 142 | AC29: Penetration | AD29: 142 | AE29: Hit | AF29: 100 | AG29: Dodge | AH29: 100 | AI29: CriRatio | AJ29: 5000 | AK29: CriDmgRatio | AL29: 150000 | AM29: =INT(1&L29&TEXT(RIGHT(A29,3),"0000")&"01") -> 13033901 | AN29: TRUE | AO29: =INT(2&$L29&TEXT(RIGHT($A29,3),"0000")&"01") -> 23033901 | AP29: TRUE | AQ29: =INT(3&$L29&TEXT(RIGHT($A29,3),"0000")&"01") -> 33033901 | AR29: TRUE | AS29: =INT(4&$L29&TEXT(RIGHT($A29,3),"0000")&"01") -> 43033901 | AT29: TRUE
A30: 10000354 | B30: 드미테르 | C30: 135401 | D30: c354 | E30: ="character_name_"&A30 -> character_name_10000354 | F30: =D30&"_profile" -> c354_profile | G30: None | H30: Normal | I30: 0.95,0.95,0.95 | J30: TRUE | K30: 0,0,0 | L30: 2 | M30: Fire | N30: Supporter | O30: =100+L30 -> 102 | P30: {=_xlfn.IFS($N30="Attacker",6,$N30="Healer",3,$N30="Magician",4,$N30="Defender",3,$N30="Supporter",4)} -> 4 | Q30: {=_xlfn.IFS($N30="Attacker",6,$N30="Healer",3,$N30="Magician",4,$N30="Defender",3,$N30="Supporter",4)} -> 4 | R30: 1 | S30: 0 | T30: 0 | U30: Spd | V30: {=_xlfn.IFS(N30="Attacker",80,N30="Healer",90,N30="Magician",100,N30="Defender",110,N30="Supporter",120)} -> 120 | W30: Hp | X30: 5100 | Y30: Atk | Z30: 420 | AA30: Def | AB30: 120 | AC30: Penetration | AD30: 130 | AE30: Hit | AF30: 100 | AG30: Dodge | AH30: 100 | AI30: CriRatio | AJ30: 5000 | AK30: CriDmgRatio | AL30: 150000 | AM30: =INT(1&L30&TEXT(RIGHT(A30,3),"0000")&"01") -> 12035401 | AN30: TRUE | AO30: =INT(2&$L30&TEXT(RIGHT($A30,3),"0000")&"01") -> 22035401 | AP30: TRUE | AQ30: =INT(3&$L30&TEXT(RIGHT($A30,3),"0000")&"01") -> 32035401 | AR30: TRUE | AS30: =INT(4&$L30&TEXT(RIGHT($A30,3),"0000")&"01") -> 42035401 | AT30: TRUE
A31: 10000562 | B31: 살마키스 | C31: 156201 | D31: c562 | E31: ="character_name_"&A31 -> character_name_10000562 | F31: =D31&"_profile" -> c562_profile | G31: None | H31: Normal | I31: 0.95,0.95,0.95 | J31: TRUE | K31: 0,0,0 | L31: 3 | M31: Fire | N31: Supporter | O31: =100+L31 -> 103 | P31: 4 | Q31: 4 | R31: 1 | S31: 0 | T31: 0 | U31: Spd | V31: {=_xlfn.IFS(N31="Attacker",80,N31="Healer",90,N31="Magician",100,N31="Defender",110,N31="Supporter",120)} -> 120 | W31: Hp | X31: 5909 | Y31: Atk | Z31: 198 | AA31: Def | AB31: 142 | AC31: Penetration | AD31: 142 | AE31: Hit | AF31: 100 | AG31: Dodge | AH31: 100 | AI31: CriRatio | AJ31: 5000 | AK31: CriDmgRatio | AL31: 150000 | AM31: =INT(1&L31&TEXT(RIGHT(A31,3),"0000")&"01") -> 13056201 | AN31: TRUE | AO31: =INT(2&$L31&TEXT(RIGHT($A31,3),"0000")&"01") -> 23056201 | AP31: TRUE | AQ31: =INT(3&$L31&TEXT(RIGHT($A31,3),"0000")&"01") -> 33056201 | AR31: TRUE | AS31: =INT(4&$L31&TEXT(RIGHT($A31,3),"0000")&"01") -> 43056201 | AT31: TRUE
A32: 10000062 | B32: 에우로페 | C32: 106201 | D32: c062 | E32: character_name_10000062 | F32: =D32&"_profile" -> c062_profile | G32: None | H32: Normal | I32: 0.95,0.95,0.95 | J32: TRUE | K32: 0,0,0 | L32: 1 | M32: Forest | N32: Attacker | O32: =100+L32 -> 101 | P32: 6 | Q32: 6 | R32: 1 | S32: 0 | T32: 0 | U32: Spd | V32: 80 | W32: Hp | X32: 5100 | Y32: Atk | Z32: 420 | AA32: Def | AB32: 120 | AC32: Penetration | AD32: 120 | AE32: Hit | AF32: 100 | AG32: Dodge | AH32: 100 | AI32: CriRatio | AJ32: 5000 | AK32: CriDmgRatio | AL32: 150000 | AM32: =INT(1&L32&TEXT(RIGHT(A32,3),"0000")&"01") -> 11006201 | AN32: TRUE | AO32: =INT(2&$L32&TEXT(RIGHT($A32,3),"0000")&"01") -> 21006201 | AP32: TRUE | AQ32: =INT(3&$L32&TEXT(RIGHT($A32,3),"0000")&"01") -> 31006201 | AR32: TRUE | AS32: =INT(4&$L32&TEXT(RIGHT($A32,3),"0000")&"01") -> 41006201 | AT32: TRUE
A33: 10000132 | B33: 미다스 | C33: 113201 | D33: c132 | E33: character_name_10000132 | F33: =D33&"_profile" -> c132_profile | G33: None | H33: Normal | I33: 0.95,0.95,0.95 | J33: TRUE | K33: 0,0,0 | L33: 2 | M33: Forest | N33: Attacker | O33: =100+L33 -> 102 | P33: 6 | Q33: 6 | R33: 1 | S33: 0 | T33: 0 | U33: Spd | V33: 80 | W33: Hp | X33: 5100 | Y33: Atk | Z33: 420 | AA33: Def | AB33: 120 | AC33: Penetration | AD33: 120 | AE33: Hit | AF33: 100 | AG33: Dodge | AH33: 100 | AI33: CriRatio | AJ33: 5000 | AK33: CriDmgRatio | AL33: 150000 | AM33: =INT(1&L33&TEXT(RIGHT(A33,3),"0000")&"01") -> 12013201 | AN33: TRUE | AO33: =INT(2&$L33&TEXT(RIGHT($A33,3),"0000")&"01") -> 22013201 | AP33: TRUE | AQ33: =INT(3&$L33&TEXT(RIGHT($A33,3),"0000")&"01") -> 32013201 | AR33: TRUE | AS33: =INT(4&$L33&TEXT(RIGHT($A33,3),"0000")&"01") -> 42013201 | AT33: TRUE
A34: 10000447 | B34: 미리암 | C34: 144701 | D34: c447 | E34: ="character_name_"&A34 -> character_name_10000447 | F34: =D34&"_profile" -> c447_profile | G34: None | H34: Normal | I34: 0.95,0.95,0.95 | J34: TRUE | K34: 0,0,0 | L34: 3 | M34: Forest | N34: Attacker | O34: =100+L34 -> 103 | P34: {=_xlfn.IFS($N34="Attacker",6,$N34="Healer",3,$N34="Magician",4,$N34="Defender",3,$N34="Supporter",4)} -> 6 | Q34: {=_xlfn.IFS($N34="Attacker",6,$N34="Healer",3,$N34="Magician",4,$N34="Defender",3,$N34="Supporter",4)} -> 6 | R34: 1 | S34: 0 | T34: 0 | U34: Spd | V34: {=_xlfn.IFS(N34="Attacker",80,N34="Healer",90,N34="Magician",100,N34="Defender",110,N34="Supporter",120)} -> 80 | W34: Hp | X34: 8650 | Y34: Atk | Z34: 252 | AA34: Def | AB34: 240 | AC34: Penetration | AD34: 156 | AE34: Hit | AF34: 100 | AG34: Dodge | AH34: 100 | AI34: CriRatio | AJ34: 5000 | AK34: CriDmgRatio | AL34: 150000 | AM34: =INT(1&L34&TEXT(RIGHT(A34,3),"0000")&"01") -> 13044701 | AN34: TRUE | AO34: =INT(2&$L34&TEXT(RIGHT($A34,3),"0000")&"01") -> 23044701 | AP34: TRUE | AQ34: =INT(3&$L34&TEXT(RIGHT($A34,3),"0000")&"01") -> 33044701 | AR34: TRUE | AS34: =INT(4&$L34&TEXT(RIGHT($A34,3),"0000")&"01") -> 43044701 | AT34: TRUE
A35: 10000549 | B35: 다누 | C35: 154901 | D35: c549 | E35: ="character_name_"&A35 -> character_name_10000549 | F35: =D35&"_profile" -> c549_profile | G35: None | H35: Normal | I35: 0.95,0.95,0.95 | J35: TRUE | K35: 0,0,0 | L35: 3 | M35: Forest | N35: Attacker | O35: =100+L35 -> 103 | P35: {=_xlfn.IFS($N35="Attacker",6,$N35="Healer",3,$N35="Magician",4,$N35="Defender",3,$N35="Supporter",4)} -> 6 | Q35: {=_xlfn.IFS($N35="Attacker",6,$N35="Healer",3,$N35="Magician",4,$N35="Defender",3,$N35="Supporter",4)} -> 6 | R35: 1 | S35: 0 | T35: 0 | U35: Spd | V35: {=_xlfn.IFS(N35="Attacker",80,N35="Healer",90,N35="Magician",100,N35="Defender",110,N35="Supporter",120)} -> 80 | W35: Hp | X35: 6475 | Y35: Atk | Z35: 168 | AA35: Def | AB35: 151 | AC35: Penetration | AD35: 151 | AE35: Hit | AF35: 100 | AG35: Dodge | AH35: 100 | AI35: CriRatio | AJ35: 5000 | AK35: CriDmgRatio | AL35: 150000 | AM35: =INT(1&L35&TEXT(RIGHT(A35,3),"0000")&"01") -> 13054901 | AN35: TRUE | AO35: =INT(2&$L35&TEXT(RIGHT($A35,3),"0000")&"01") -> 23054901 | AP35: TRUE | AQ35: =INT(3&$L35&TEXT(RIGHT($A35,3),"0000")&"01") -> 33054901 | AR35: TRUE | AS35: =INT(4&$L35&TEXT(RIGHT($A35,3),"0000")&"01") -> 43054901 | AT35: TRUE
A36: 10000180 | B36: 맘몬 | C36: 118001 | D36: c180 | E36: ="character_name_"&A36 -> character_name_10000180 | F36: =D36&"_profile" -> c180_profile | G36: None | H36: Normal | I36: 0.95,0.95,0.95 | J36: TRUE | K36: 0,0,0 | L36: 2 | M36: Forest | N36: Defender | O36: =100+L36 -> 102 | P36: {=_xlfn.IFS($N36="Attacker",6,$N36="Healer",3,$N36="Magician",4,$N36="Defender",3,$N36="Supporter",4)} -> 3 | Q36: {=_xlfn.IFS($N36="Attacker",6,$N36="Healer",3,$N36="Magician",4,$N36="Defender",3,$N36="Supporter",4)} -> 3 | R36: 1 | S36: 0 | T36: 0 | U36: Spd | V36: {=_xlfn.IFS(N36="Attacker",80,N36="Healer",90,N36="Magician",100,N36="Defender",110,N36="Supporter",120)} -> 110 | W36: Hp | X36: 8650 | Y36: Atk | Z36: 252 | AA36: Def | AB36: 240 | AC36: Penetration | AD36: 163 | AE36: Hit | AF36: 100 | AG36: Dodge | AH36: 100 | AI36: CriRatio | AJ36: 5000 | AK36: CriDmgRatio | AL36: 150000 | AM36: =INT(1&L36&TEXT(RIGHT(A36,3),"0000")&"01") -> 12018001 | AN36: TRUE | AO36: =INT(2&$L36&TEXT(RIGHT($A36,3),"0000")&"01") -> 22018001 | AP36: TRUE | AQ36: =INT(3&$L36&TEXT(RIGHT($A36,3),"0000")&"01") -> 32018001 | AR36: TRUE | AS36: =INT(4&$L36&TEXT(RIGHT($A36,3),"0000")&"01") -> 42018001 | AT36: TRUE
A37: 10000468 | B37: 메티스 | C37: 146801 | D37: c468 | E37: ="character_name_"&A37 -> character_name_10000468 | F37: =D37&"_profile" -> c468_profile | G37: None | H37: Normal | I37: 0.95,0.95,0.95 | J37: TRUE | K37: 0,0,0 | L37: 3 | M37: Forest | N37: Defender | O37: =100+L37 -> 103 | P37: {=_xlfn.IFS($N37="Attacker",6,$N37="Healer",3,$N37="Magician",4,$N37="Defender",3,$N37="Supporter",4)} -> 3 | Q37: {=_xlfn.IFS($N37="Attacker",6,$N37="Healer",3,$N37="Magician",4,$N37="Defender",3,$N37="Supporter",4)} -> 3 | R37: 1 | S37: 0 | T37: 0 | U37: Spd | V37: {=_xlfn.IFS(N37="Attacker",80,N37="Healer",90,N37="Magician",100,N37="Defender",110,N37="Supporter",120)} -> 110 | W37: Hp | X37: 5909 | Y37: Atk | Z37: 198 | AA37: Def | AB37: 142 | AC37: Penetration | AD37: 142 | AE37: Hit | AF37: 100 | AG37: Dodge | AH37: 100 | AI37: CriRatio | AJ37: 5000 | AK37: CriDmgRatio | AL37: 150000 | AM37: =INT(1&L37&TEXT(RIGHT(A37,3),"0000")&"01") -> 13046801 | AN37: TRUE | AO37: =INT(2&$L37&TEXT(RIGHT($A37,3),"0000")&"01") -> 23046801 | AP37: TRUE | AQ37: =INT(3&$L37&TEXT(RIGHT($A37,3),"0000")&"01") -> 33046801 | AR37: TRUE | AS37: =INT(4&$L37&TEXT(RIGHT($A37,3),"0000")&"01") -> 43046801 | AT37: TRUE
A38: 10000031 | B38: 프레이야 | C38: 103101 | D38: c031 | E38: character_name_10000031 | F38: =D38&"_profile" -> c031_profile | G38: None | H38: Normal | I38: 0.95,0.95,0.95 | J38: TRUE | K38: 0,0,0 | L38: 1 | M38: Forest | N38: Healer | O38: =100+L38 -> 101 | P38: 3 | Q38: 3 | R38: 1 | S38: 0 | T38: 0 | U38: Spd | V38: 90 | W38: Hp | X38: 6475 | Y38: Atk | Z38: 168 | AA38: Def | AB38: 151 | AC38: Penetration | AD38: 151 | AE38: Hit | AF38: 100 | AG38: Dodge | AH38: 100 | AI38: CriRatio | AJ38: 5000 | AK38: CriDmgRatio | AL38: 150000 | AM38: =INT(1&L38&TEXT(RIGHT(A38,3),"0000")&"01") -> 11003101 | AN38: TRUE | AO38: =INT(2&$L38&TEXT(RIGHT($A38,3),"0000")&"01") -> 21003101 | AP38: TRUE | AQ38: =INT(3&$L38&TEXT(RIGHT($A38,3),"0000")&"01") -> 31003101 | AR38: TRUE | AS38: =INT(4&$L38&TEXT(RIGHT($A38,3),"0000")&"01") -> 41003101 | AT38: TRUE
A39: 10000229 | B39: 브라우니 | C39: 122901 | D39: c229 | E39: ="character_name_"&A39 -> character_name_10000229 | F39: =D39&"_profile" -> c229_profile | G39: None | H39: Normal | I39: 0.95,0.95,0.95 | J39: TRUE | K39: 0,0,0 | L39: 3 | M39: Forest | N39: Healer | O39: =100+L39 -> 103 | P39: 4 | Q39: 4 | R39: 1 | S39: 0 | T39: 0 | U39: Spd | V39: {=_xlfn.IFS(N39="Attacker",80,N39="Healer",90,N39="Magician",100,N39="Defender",110,N39="Supporter",120)} -> 90 | W39: Hp | X39: 5909 | Y39: Atk | Z39: 198 | AA39: Def | AB39: 142 | AC39: Penetration | AD39: 156 | AE39: Hit | AF39: 100 | AG39: Dodge | AH39: 100 | AI39: CriRatio | AJ39: 5000 | AK39: CriDmgRatio | AL39: 150000 | AM39: =INT(1&L39&TEXT(RIGHT(A39,3),"0000")&"01") -> 13022901 | AN39: TRUE | AO39: =INT(2&$L39&TEXT(RIGHT($A39,3),"0000")&"01") -> 23022901 | AP39: TRUE | AQ39: =INT(3&$L39&TEXT(RIGHT($A39,3),"0000")&"01") -> 33022901 | AR39: TRUE | AS39: =INT(4&$L39&TEXT(RIGHT($A39,3),"0000")&"01") -> 43022901 | AT39: TRUE
A40: 10000033 | B40: 다이아나 | C40: 103301 | D40: c033 | E40: character_name_10000033 | F40: =D40&"_profile" -> c033_profile | G40: None | H40: Normal | I40: 0.95,0.95,0.95 | J40: TRUE | K40: 0,0,0 | L40: 1 | M40: Forest | N40: Magician | O40: =100+L40 -> 101 | P40: 4 | Q40: 4 | R40: 1 | S40: 0 | T40: 0 | U40: Spd | V40: 120 | W40: Hp | X40: 5909 | Y40: Atk | Z40: 198 | AA40: Def | AB40: 142 | AC40: Penetration | AD40: 142 | AE40: Hit | AF40: 100 | AG40: Dodge | AH40: 100 | AI40: CriRatio | AJ40: 5000 | AK40: CriDmgRatio | AL40: 150000 | AM40: =INT(1&L40&TEXT(RIGHT(A40,3),"0000")&"01") -> 11003301 | AN40: TRUE | AO40: =INT(2&$L40&TEXT(RIGHT($A40,3),"0000")&"01") -> 21003301 | AP40: TRUE | AQ40: =INT(3&$L40&TEXT(RIGHT($A40,3),"0000")&"01") -> 31003301 | AR40: TRUE | AS40: =INT(4&$L40&TEXT(RIGHT($A40,3),"0000")&"01") -> 41003301 | AT40: TRUE
A41: 10000336 | B41: 판 | C41: 133601 | D41: c336 | E41: ="character_name_"&A41 -> character_name_10000336 | F41: =D41&"_profile" -> c336_profile | G41: None | H41: Normal | I41: 0.95,0.95,0.95 | J41: TRUE | K41: 0,0,0 | L41: 3 | M41: Forest | N41: Magician | O41: =100+L41 -> 103 | P41: 4 | Q41: 4 | R41: 1 | S41: 0 | T41: 0 | U41: Spd | V41: {=_xlfn.IFS(N41="Attacker",80,N41="Healer",90,N41="Magician",100,N41="Defender",110,N41="Supporter",120)} -> 100 | W41: Hp | X41: 4743 | Y41: Atk | Z41: 341 | AA41: Def | AB41: 108 | AC41: Penetration | AD41: 156 | AE41: Hit | AF41: 100 | AG41: Dodge | AH41: 100 | AI41: CriRatio | AJ41: 5000 | AK41: CriDmgRatio | AL41: 150000 | AM41: =INT(1&L41&TEXT(RIGHT(A41,3),"0000")&"01") -> 13033601 | AN41: TRUE | AO41: =INT(2&$L41&TEXT(RIGHT($A41,3),"0000")&"01") -> 23033601 | AP41: TRUE | AQ41: =INT(3&$L41&TEXT(RIGHT($A41,3),"0000")&"01") -> 33033601 | AR41: TRUE | AS41: =INT(4&$L41&TEXT(RIGHT($A41,3),"0000")&"01") -> 43033601 | AT41: TRUE
A42: 10000601 | B42: 에레보스 | C42: 160101 | D42: c601 | E42: ="character_name_"&A42 -> character_name_10000601 | F42: =D42&"_profile" -> c601_profile | G42: None | H42: Normal | I42: 0.95,0.95,0.95 | J42: TRUE | K42: 0,0,0 | L42: 3 | M42: Forest | N42: Magician | O42: =100+L42 -> 103 | P42: {=_xlfn.IFS($N42="Attacker",6,$N42="Healer",3,$N42="Magician",4,$N42="Defender",3,$N42="Supporter",4)} -> 4 | Q42: {=_xlfn.IFS($N42="Attacker",6,$N42="Healer",3,$N42="Magician",4,$N42="Defender",3,$N42="Supporter",4)} -> 4 | R42: 1 | S42: 0 | T42: 0 | U42: Spd | V42: {=_xlfn.IFS(N42="Attacker",80,N42="Healer",90,N42="Magician",100,N42="Defender",110,N42="Supporter",120)} -> 100 | W42: Hp | X42: 5100 | Y42: Atk | Z42: 420 | AA42: Def | AB42: 120 | AC42: Penetration | AD42: 120 | AE42: Hit | AF42: 100 | AG42: Dodge | AH42: 100 | AI42: CriRatio | AJ42: 5000 | AK42: CriDmgRatio | AL42: 150000 | AM42: =INT(1&L42&TEXT(RIGHT(A42,3),"0000")&"01") -> 13060101 | AN42: TRUE | AO42: =INT(2&$L42&TEXT(RIGHT($A42,3),"0000")&"01") -> 23060101 | AP42: TRUE | AQ42: =INT(3&$L42&TEXT(RIGHT($A42,3),"0000")&"01") -> 33060101 | AR42: TRUE | AS42: =INT(4&$L42&TEXT(RIGHT($A42,3),"0000")&"01") -> 43060101 | AT42: TRUE
A43: 10000398 | B43: 자청비 | C43: 139801 | D43: c398 | E43: character_name_10000398 | F43: =D43&"_profile" -> c398_profile | G43: None | H43: Normal | I43: 0.95,0.95,0.95 | J43: TRUE | K43: 0,0,0 | L43: 2 | M43: Forest | N43: Supporter | O43: =100+L43 -> 102 | P43: 4 | Q43: 4 | R43: 1 | S43: 0 | T43: 0 | U43: Spd | V43: 120 | W43: Hp | X43: 5909 | Y43: Atk | Z43: 198 | AA43: Def | AB43: 142 | AC43: Penetration | AD43: 142 | AE43: Hit | AF43: 100 | AG43: Dodge | AH43: 100 | AI43: CriRatio | AJ43: 5000 | AK43: CriDmgRatio | AL43: 150000 | AM43: =INT(1&L43&TEXT(RIGHT(A43,3),"0000")&"01") -> 12039801 | AN43: TRUE | AO43: =INT(2&$L43&TEXT(RIGHT($A43,3),"0000")&"01") -> 22039801 | AP43: TRUE | AQ43: =INT(3&$L43&TEXT(RIGHT($A43,3),"0000")&"01") -> 32039801 | AR43: TRUE | AS43: =INT(4&$L43&TEXT(RIGHT($A43,3),"0000")&"01") -> 42039801 | AT43: TRUE
A44: 10000525 | B44: 그릴라 | C44: 152501 | D44: c525 | E44: ="character_name_"&A44 -> character_name_10000525 | F44: =D44&"_profile" -> c525_profile | G44: None | H44: Normal | I44: 0.95,0.95,0.95 | J44: TRUE | K44: 0,0,0 | L44: 3 | M44: Forest | N44: Supporter | O44: =100+L44 -> 103 | P44: 4 | Q44: 4 | R44: 1 | S44: 0 | T44: 0 | U44: Spd | V44: {=_xlfn.IFS(N44="Attacker",80,N44="Healer",90,N44="Magician",100,N44="Defender",110,N44="Supporter",120)} -> 120 | W44: Hp | X44: 5909 | Y44: Atk | Z44: 198 | AA44: Def | AB44: 142 | AC44: Penetration | AD44: 156 | AE44: Hit | AF44: 100 | AG44: Dodge | AH44: 100 | AI44: CriRatio | AJ44: 5000 | AK44: CriDmgRatio | AL44: 150000 | AM44: =INT(1&L44&TEXT(RIGHT(A44,3),"0000")&"01") -> 13052501 | AN44: TRUE | AO44: =INT(2&$L44&TEXT(RIGHT($A44,3),"0000")&"01") -> 23052501 | AP44: TRUE | AQ44: =INT(3&$L44&TEXT(RIGHT($A44,3),"0000")&"01") -> 33052501 | AR44: TRUE | AS44: =INT(4&$L44&TEXT(RIGHT($A44,3),"0000")&"01") -> 43052501 | AT44: TRUE
A45: 10000461 | B45: 아우로라 | C45: 146101 | D45: c461 | E45: ="character_name_"&A45 -> character_name_10000461 | F45: =D45&"_profile" -> c461_profile | G45: None | H45: Normal | I45: 0.95,0.95,0.95 | J45: TRUE | K45: 0,0,0 | L45: 3 | M45: Forest | N45: Supporter | O45: =100+L45 -> 103 | P45: {=_xlfn.IFS($N45="Attacker",6,$N45="Healer",3,$N45="Magician",4,$N45="Defender",3,$N45="Supporter",4)} -> 4 | Q45: {=_xlfn.IFS($N45="Attacker",6,$N45="Healer",3,$N45="Magician",4,$N45="Defender",3,$N45="Supporter",4)} -> 4 | R45: 1 | S45: 0 | T45: 0 | U45: Spd | V45: {=_xlfn.IFS(N45="Attacker",80,N45="Healer",90,N45="Magician",100,N45="Defender",110,N45="Supporter",120)} -> 120 | W45: Hp | X45: 5909 | Y45: Atk | Z45: 198 | AA45: Def | AB45: 142 | AC45: Penetration | AD45: 156 | AE45: Hit | AF45: 100 | AG45: Dodge | AH45: 100 | AI45: CriRatio | AJ45: 5000 | AK45: CriDmgRatio | AL45: 150000 | AM45: =INT(1&L45&TEXT(RIGHT(A45,3),"0000")&"01") -> 13046101 | AN45: TRUE | AO45: =INT(2&$L45&TEXT(RIGHT($A45,3),"0000")&"01") -> 23046101 | AP45: TRUE | AQ45: =INT(3&$L45&TEXT(RIGHT($A45,3),"0000")&"01") -> 33046101 | AR45: TRUE | AS45: =INT(4&$L45&TEXT(RIGHT($A45,3),"0000")&"01") -> 43046101 | AT45: TRUE
A46: 10000221 | B46: 야나 | C46: 122101 | D46: c221 | E46: character_name_10000221 | F46: =D46&"_profile" -> c221_profile | G46: None | H46: Normal | I46: 0.95,0.95,0.95 | J46: TRUE | K46: 0,0,0 | L46: 1 | M46: Light | N46: Attacker | O46: =100+L46 -> 101 | P46: 6 | Q46: 6 | R46: 1 | S46: 0 | T46: 0 | U46: Spd | V46: 80 | W46: Hp | X46: 5100 | Y46: Atk | Z46: 420 | AA46: Def | AB46: 120 | AC46: Penetration | AD46: 120 | AE46: Hit | AF46: 100 | AG46: Dodge | AH46: 100 | AI46: CriRatio | AJ46: 5000 | AK46: CriDmgRatio | AL46: 150000 | AM46: =INT(1&L46&TEXT(RIGHT(A46,3),"0000")&"01") -> 11022101 | AN46: TRUE | AO46: =INT(2&$L46&TEXT(RIGHT($A46,3),"0000")&"01") -> 21022101 | AP46: TRUE | AQ46: =INT(3&$L46&TEXT(RIGHT($A46,3),"0000")&"01") -> 31022101 | AR46: TRUE | AS46: =INT(4&$L46&TEXT(RIGHT($A46,3),"0000")&"01") -> 41022101 | AT46: TRUE
A47: 10000296 | B47: 힐드 | C47: 129601 | D47: c296 | E47: ="character_name_"&A47 -> character_name_10000296 | F47: =D47&"_profile" -> c296_profile | G47: None | H47: Normal | I47: 0.95,0.95,0.95 | J47: TRUE | K47: 0,0,0 | L47: 2 | M47: Light | N47: Attacker | O47: =100+L47 -> 102 | P47: {=_xlfn.IFS($N47="Attacker",6,$N47="Healer",3,$N47="Magician",4,$N47="Defender",3,$N47="Supporter",4)} -> 6 | Q47: {=_xlfn.IFS($N47="Attacker",6,$N47="Healer",3,$N47="Magician",4,$N47="Defender",3,$N47="Supporter",4)} -> 6 | R47: 1 | S47: 0 | T47: 0 | U47: Spd | V47: {=_xlfn.IFS(N47="Attacker",80,N47="Healer",90,N47="Magician",100,N47="Defender",110,N47="Supporter",120)} -> 80 | W47: Hp | X47: 5100 | Y47: Atk | Z47: 420 | AA47: Def | AB47: 120 | AC47: Penetration | AD47: 187 | AE47: Hit | AF47: 100 | AG47: Dodge | AH47: 100 | AI47: CriRatio | AJ47: 5000 | AK47: CriDmgRatio | AL47: 150000 | AM47: =INT(1&L47&TEXT(RIGHT(A47,3),"0000")&"01") -> 12029601 | AN47: TRUE | AO47: =INT(2&$L47&TEXT(RIGHT($A47,3),"0000")&"01") -> 22029601 | AP47: TRUE | AQ47: =INT(3&$L47&TEXT(RIGHT($A47,3),"0000")&"01") -> 32029601 | AR47: TRUE | AS47: =INT(4&$L47&TEXT(RIGHT($A47,3),"0000")&"01") -> 42029601 | AT47: TRUE
A48: 10000194 | B48: 아슈토레스 | C48: 119401 | D48: c194 | E48: ="character_name_"&A48 -> character_name_10000194 | F48: =D48&"_profile" -> c194_profile | G48: None | H48: Normal | I48: 0.95,0.95,0.95 | J48: TRUE | K48: 0,0,0 | L48: 3 | M48: Light | N48: Attacker | O48: =100+L48 -> 103 | P48: {=_xlfn.IFS($N48="Attacker",6,$N48="Healer",3,$N48="Magician",4,$N48="Defender",3,$N48="Supporter",4)} -> 6 | Q48: {=_xlfn.IFS($N48="Attacker",6,$N48="Healer",3,$N48="Magician",4,$N48="Defender",3,$N48="Supporter",4)} -> 6 | R48: 1 | S48: 0 | T48: 0 | U48: Spd | V48: {=_xlfn.IFS(N48="Attacker",80,N48="Healer",90,N48="Magician",100,N48="Defender",110,N48="Supporter",120)} -> 80 | W48: Hp | X48: 5100 | Y48: Atk | Z48: 420 | AA48: Def | AB48: 120 | AC48: Penetration | AD48: 130 | AE48: Hit | AF48: 100 | AG48: Dodge | AH48: 100 | AI48: CriRatio | AJ48: 5000 | AK48: CriDmgRatio | AL48: 150000 | AM48: =INT(1&L48&TEXT(RIGHT(A48,3),"0000")&"01") -> 13019401 | AN48: TRUE | AO48: =INT(2&$L48&TEXT(RIGHT($A48,3),"0000")&"01") -> 23019401 | AP48: TRUE | AQ48: =INT(3&$L48&TEXT(RIGHT($A48,3),"0000")&"01") -> 33019401 | AR48: TRUE | AS48: =INT(4&$L48&TEXT(RIGHT($A48,3),"0000")&"01") -> 43019401 | AT48: TRUE
A49: 10000353 | B49: 샤를 | C49: 135301 | D49: c353 | E49: ="character_name_"&A49 -> character_name_10000353 | F49: =D49&"_profile" -> c353_profile | G49: None | H49: Normal | I49: 0.95,0.95,0.95 | J49: TRUE | K49: 0,0,0 | L49: 1 | M49: Light | N49: Defender | O49: =100+L49 -> 101 | P49: {=_xlfn.IFS($N49="Attacker",6,$N49="Healer",3,$N49="Magician",4,$N49="Defender",3,$N49="Supporter",4)} -> 3 | Q49: {=_xlfn.IFS($N49="Attacker",6,$N49="Healer",3,$N49="Magician",4,$N49="Defender",3,$N49="Supporter",4)} -> 3 | R49: 1 | S49: 0 | T49: 0 | U49: Spd | V49: {=_xlfn.IFS(N49="Attacker",80,N49="Healer",90,N49="Magician",100,N49="Defender",110,N49="Supporter",120)} -> 110 | W49: Hp | X49: 8650 | Y49: Atk | Z49: 252 | AA49: Def | AB49: 240 | AC49: Penetration | AD49: 195 | AE49: Hit | AF49: 100 | AG49: Dodge | AH49: 100 | AI49: CriRatio | AJ49: 5000 | AK49: CriDmgRatio | AL49: 150000 | AM49: =INT(1&L49&TEXT(RIGHT(A49,3),"0000")&"01") -> 11035301 | AN49: TRUE | AO49: =INT(2&$L49&TEXT(RIGHT($A49,3),"0000")&"01") -> 21035301 | AP49: TRUE | AQ49: =INT(3&$L49&TEXT(RIGHT($A49,3),"0000")&"01") -> 31035301 | AR49: TRUE | AS49: =INT(4&$L49&TEXT(RIGHT($A49,3),"0000")&"01") -> 41035301 | AT49: TRUE
A50: 10000473 | B50: 티타니아 | C50: 147301 | D50: c473 | E50: ="character_name_"&A50 -> character_name_10000473 | F50: =D50&"_profile" -> c473_profile | G50: None | H50: Normal | I50: 0.95,0.95,0.95 | J50: TRUE | K50: 0,0,0 | L50: 3 | M50: Light | N50: Defender | O50: =100+L50 -> 103 | P50: {=_xlfn.IFS($N50="Attacker",6,$N50="Healer",3,$N50="Magician",4,$N50="Defender",3,$N50="Supporter",4)} -> 3 | Q50: {=_xlfn.IFS($N50="Attacker",6,$N50="Healer",3,$N50="Magician",4,$N50="Defender",3,$N50="Supporter",4)} -> 3 | R50: 1 | S50: 0 | T50: 0 | U50: Spd | V50: {=_xlfn.IFS(N50="Attacker",80,N50="Healer",90,N50="Magician",100,N50="Defender",110,N50="Supporter",120)} -> 110 | W50: Hp | X50: 5909 | Y50: Atk | Z50: 198 | AA50: Def | AB50: 142 | AC50: Penetration | AD50: 142 | AE50: Hit | AF50: 100 | AG50: Dodge | AH50: 100 | AI50: CriRatio | AJ50: 5000 | AK50: CriDmgRatio | AL50: 150000 | AM50: =INT(1&L50&TEXT(RIGHT(A50,3),"0000")&"01") -> 13047301 | AN50: TRUE | AO50: =INT(2&$L50&TEXT(RIGHT($A50,3),"0000")&"01") -> 23047301 | AP50: TRUE | AQ50: =INT(3&$L50&TEXT(RIGHT($A50,3),"0000")&"01") -> 33047301 | AR50: TRUE | AS50: =INT(4&$L50&TEXT(RIGHT($A50,3),"0000")&"01") -> 43047301 | AT50: TRUE
A51: 10000393 | B51: 모나 | C51: 139301 | D51: c393 | E51: character_name_10000393 | F51: =D51&"_profile" -> c393_profile | G51: None | H51: Normal | I51: 0.95,0.95,0.95 | J51: TRUE | K51: 0,0,0 | L51: 3 | M51: Light | N51: Defender | O51: =100+L51 -> 103 | P51: 6 | Q51: 6 | R51: 1 | S51: 0 | T51: 0 | U51: Spd | V51: 100 | W51: Hp | X51: 5500 | Y51: Atk | Z51: 198 | AA51: Def | AB51: 142 | AC51: Penetration | AD51: 142 | AE51: Hit | AF51: 100 | AG51: Dodge | AH51: 100 | AI51: CriRatio | AJ51: 5000 | AK51: CriDmgRatio | AL51: 150000 | AM51: =INT(1&L51&TEXT(RIGHT(A51,3),"0000")&"01") -> 13039301 | AN51: TRUE | AO51: =INT(2&$L51&TEXT(RIGHT($A51,3),"0000")&"01") -> 23039301 | AP51: TRUE | AQ51: =INT(3&$L51&TEXT(RIGHT($A51,3),"0000")&"01") -> 33039301 | AR51: TRUE | AS51: =INT(4&$L51&TEXT(RIGHT($A51,3),"0000")&"01") -> 43039301 | AT51: TRUE
A52: 10000183 | B52: 다나 | C52: 118301 | D52: c183 | E52: ="character_name_"&A52 -> character_name_10000183 | F52: =D52&"_profile" -> c183_profile | G52: None | H52: Normal | I52: 0.95,0.95,0.95 | J52: TRUE | K52: 0,0,0 | L52: 2 | M52: Light | N52: Healer | O52: =100+L52 -> 102 | P52: {=_xlfn.IFS($N52="Attacker",6,$N52="Healer",3,$N52="Magician",4,$N52="Defender",3,$N52="Supporter",4)} -> 3 | Q52: {=_xlfn.IFS($N52="Attacker",6,$N52="Healer",3,$N52="Magician",4,$N52="Defender",3,$N52="Supporter",4)} -> 3 | R52: 1 | S52: 0 | T52: 0 | U52: Spd | V52: {=_xlfn.IFS(N52="Attacker",80,N52="Healer",90,N52="Magician",100,N52="Defender",110,N52="Supporter",120)} -> 90 | W52: Hp | X52: 6475 | Y52: Atk | Z52: 168 | AA52: Def | AB52: 151 | AC52: Penetration | AD52: 187 | AE52: Hit | AF52: 100 | AG52: Dodge | AH52: 100 | AI52: CriRatio | AJ52: 5000 | AK52: CriDmgRatio | AL52: 150000 | AM52: =INT(1&L52&TEXT(RIGHT(A52,3),"0000")&"01") -> 12018301 | AN52: TRUE | AO52: =INT(2&$L52&TEXT(RIGHT($A52,3),"0000")&"01") -> 22018301 | AP52: TRUE | AQ52: =INT(3&$L52&TEXT(RIGHT($A52,3),"0000")&"01") -> 32018301 | AR52: TRUE | AS52: =INT(4&$L52&TEXT(RIGHT($A52,3),"0000")&"01") -> 42018301 | AT52: TRUE
A53: 10000455 | B53: 티와즈 | C53: 145501 | D53: c455 | E53: ="character_name_"&A53 -> character_name_10000455 | F53: =D53&"_profile" -> c455_profile | G53: None | H53: Normal | I53: 0.95,0.95,0.95 | J53: TRUE | K53: 0,0,0 | L53: 3 | M53: Light | N53: Healer | O53: =100+L53 -> 103 | P53: {=_xlfn.IFS($N53="Attacker",6,$N53="Healer",3,$N53="Magician",4,$N53="Defender",3,$N53="Supporter",4)} -> 3 | Q53: {=_xlfn.IFS($N53="Attacker",6,$N53="Healer",3,$N53="Magician",4,$N53="Defender",3,$N53="Supporter",4)} -> 3 | R53: 1 | S53: 0 | T53: 0 | U53: Spd | V53: {=_xlfn.IFS(N53="Attacker",80,N53="Healer",90,N53="Magician",100,N53="Defender",110,N53="Supporter",120)} -> 90 | W53: Hp | X53: 5100 | Y53: Atk | Z53: 420 | AA53: Def | AB53: 120 | AC53: Penetration | AD53: 120 | AE53: Hit | AF53: 100 | AG53: Dodge | AH53: 100 | AI53: CriRatio | AJ53: 5000 | AK53: CriDmgRatio | AL53: 150000 | AM53: =INT(1&L53&TEXT(RIGHT(A53,3),"0000")&"01") -> 13045501 | AN53: TRUE | AO53: =INT(2&$L53&TEXT(RIGHT($A53,3),"0000")&"01") -> 23045501 | AP53: TRUE | AQ53: =INT(3&$L53&TEXT(RIGHT($A53,3),"0000")&"01") -> 33045501 | AR53: TRUE | AS53: =INT(4&$L53&TEXT(RIGHT($A53,3),"0000")&"01") -> 43045501 | AT53: TRUE
A54: 10000227 | B54: 마프데트 | C54: 122701 | D54: c227 | E54: character_name_10000227 | F54: =D54&"_profile" -> c227_profile | G54: None | H54: Normal | I54: 0.95,0.95,0.95 | J54: TRUE | K54: 0,0,0 | L54: 2 | M54: Light | N54: Magician | O54: =100+L54 -> 102 | P54: 4 | Q54: 4 | R54: 1 | S54: 0 | T54: 0 | U54: Spd | V54: 120 | W54: Hp | X54: 5909 | Y54: Atk | Z54: 198 | AA54: Def | AB54: 142 | AC54: Penetration | AD54: 142 | AE54: Hit | AF54: 100 | AG54: Dodge | AH54: 100 | AI54: CriRatio | AJ54: 5000 | AK54: CriDmgRatio | AL54: 150000 | AM54: =INT(1&L54&TEXT(RIGHT(A54,3),"0000")&"01") -> 12022701 | AN54: TRUE | AO54: =INT(2&$L54&TEXT(RIGHT($A54,3),"0000")&"01") -> 22022701 | AP54: TRUE | AQ54: =INT(3&$L54&TEXT(RIGHT($A54,3),"0000")&"01") -> 32022701 | AR54: TRUE | AS54: =INT(4&$L54&TEXT(RIGHT($A54,3),"0000")&"01") -> 42022701 | AT54: TRUE
A55: 10000438 | B55: 세멜레 | C55: 143801 | D55: c438 | E55: ="character_name_"&A55 -> character_name_10000438 | F55: =D55&"_profile" -> c438_profile | G55: None | H55: Normal | I55: 0.95,0.95,0.95 | J55: TRUE | K55: 0,0,0 | L55: 3 | M55: Light | N55: Magician | O55: =100+L55 -> 103 | P55: {=_xlfn.IFS($N55="Attacker",6,$N55="Healer",3,$N55="Magician",4,$N55="Defender",3,$N55="Supporter",4)} -> 4 | Q55: {=_xlfn.IFS($N55="Attacker",6,$N55="Healer",3,$N55="Magician",4,$N55="Defender",3,$N55="Supporter",4)} -> 4 | R55: 1 | S55: 0 | T55: 0 | U55: Spd | V55: {=_xlfn.IFS(N55="Attacker",80,N55="Healer",90,N55="Magician",100,N55="Defender",110,N55="Supporter",120)} -> 100 | W55: Hp | X55: 5100 | Y55: Atk | Z55: 420 | AA55: Def | AB55: 120 | AC55: Penetration | AD55: 120 | AE55: Hit | AF55: 100 | AG55: Dodge | AH55: 100 | AI55: CriRatio | AJ55: 5000 | AK55: CriDmgRatio | AL55: 150000 | AM55: =INT(1&L55&TEXT(RIGHT(A55,3),"0000")&"01") -> 13043801 | AN55: TRUE | AO55: =INT(2&$L55&TEXT(RIGHT($A55,3),"0000")&"01") -> 23043801 | AP55: TRUE | AQ55: =INT(3&$L55&TEXT(RIGHT($A55,3),"0000")&"01") -> 33043801 | AR55: TRUE | AS55: =INT(4&$L55&TEXT(RIGHT($A55,3),"0000")&"01") -> 43043801 | AT55: TRUE
A56: 10000600 | B56: 루미나 | C56: 160001 | D56: c600 | E56: ="character_name_"&A56 -> character_name_10000600 | F56: =D56&"_profile" -> c600_profile | G56: None | H56: Normal | I56: 0.95,0.95,0.95 | J56: TRUE | K56: 0,0,0 | L56: 3 | M56: Light | N56: Magician | O56: =100+L56 -> 103 | P56: {=_xlfn.IFS($N56="Attacker",6,$N56="Healer",3,$N56="Magician",4,$N56="Defender",3,$N56="Supporter",4)} -> 4 | Q56: {=_xlfn.IFS($N56="Attacker",6,$N56="Healer",3,$N56="Magician",4,$N56="Defender",3,$N56="Supporter",4)} -> 4 | R56: 1 | S56: 0 | T56: 0 | U56: Spd | V56: {=_xlfn.IFS(N56="Attacker",80,N56="Healer",90,N56="Magician",100,N56="Defender",110,N56="Supporter",120)} -> 100 | W56: Hp | X56: 5909 | Y56: Atk | Z56: 198 | AA56: Def | AB56: 142 | AC56: Penetration | AD56: 142 | AE56: Hit | AF56: 100 | AG56: Dodge | AH56: 100 | AI56: CriRatio | AJ56: 5000 | AK56: CriDmgRatio | AL56: 150000 | AM56: =INT(1&L56&TEXT(RIGHT(A56,3),"0000")&"01") -> 13060001 | AN56: TRUE | AO56: =INT(2&$L56&TEXT(RIGHT($A56,3),"0000")&"01") -> 23060001 | AP56: TRUE | AQ56: =INT(3&$L56&TEXT(RIGHT($A56,3),"0000")&"01") -> 33060001 | AR56: TRUE | AS56: =INT(4&$L56&TEXT(RIGHT($A56,3),"0000")&"01") -> 43060001 | AT56: TRUE
A57: 10000028 | B57: 레다 | C57: 102801 | D57: c028 | E57: character_name_10000028 | F57: =D57&"_profile" -> c028_profile | G57: None | H57: Normal | I57: 0.95,0.95,0.95 | J57: TRUE | K57: 0,0,0 | L57: 1 | M57: Light | N57: Supporter | O57: =100+L57 -> 101 | P57: 4 | Q57: 4 | R57: 1 | S57: 0 | T57: 0 | U57: Spd | V57: 120 | W57: Hp | X57: 5909 | Y57: Atk | Z57: 198 | AA57: Def | AB57: 142 | AC57: Penetration | AD57: 142 | AE57: Hit | AF57: 100 | AG57: Dodge | AH57: 100 | AI57: CriRatio | AJ57: 5000 | AK57: CriDmgRatio | AL57: 150000 | AM57: =INT(1&L57&TEXT(RIGHT(A57,3),"0000")&"01") -> 11002801 | AN57: TRUE | AO57: =INT(2&$L57&TEXT(RIGHT($A57,3),"0000")&"01") -> 21002801 | AP57: TRUE | AQ57: =INT(3&$L57&TEXT(RIGHT($A57,3),"0000")&"01") -> 31002801 | AR57: TRUE | AS57: =INT(4&$L57&TEXT(RIGHT($A57,3),"0000")&"01") -> 41002801 | AT57: TRUE
A58: 10000364 | B58: 시트리 | C58: 136401 | D58: c364 | E58: ="character_name_"&A58 -> character_name_10000364 | F58: =D58&"_profile" -> c364_profile | G58: None | H58: Normal | I58: 0.95,0.95,0.95 | J58: TRUE | K58: 0,0,0 | L58: 3 | M58: Light | N58: Supporter | O58: =100+L58 -> 103 | P58: {=_xlfn.IFS($N58="Attacker",6,$N58="Healer",3,$N58="Magician",4,$N58="Defender",3,$N58="Supporter",4)} -> 4 | Q58: {=_xlfn.IFS($N58="Attacker",6,$N58="Healer",3,$N58="Magician",4,$N58="Defender",3,$N58="Supporter",4)} -> 4 | R58: 1 | S58: 0 | T58: 0 | U58: Spd | V58: {=_xlfn.IFS(N58="Attacker",80,N58="Healer",90,N58="Magician",100,N58="Defender",110,N58="Supporter",120)} -> 120 | W58: Hp | X58: 5909 | Y58: Atk | Z58: 198 | AA58: Def | AB58: 142 | AC58: Penetration | AD58: 187 | AE58: Hit | AF58: 100 | AG58: Dodge | AH58: 100 | AI58: CriRatio | AJ58: 5000 | AK58: CriDmgRatio | AL58: 150000 | AM58: =INT(1&L58&TEXT(RIGHT(A58,3),"0000")&"01") -> 13036401 | AN58: TRUE | AO58: =INT(2&$L58&TEXT(RIGHT($A58,3),"0000")&"01") -> 23036401 | AP58: TRUE | AQ58: =INT(3&$L58&TEXT(RIGHT($A58,3),"0000")&"01") -> 33036401 | AR58: TRUE | AS58: =INT(4&$L58&TEXT(RIGHT($A58,3),"0000")&"01") -> 43036401 | AT58: TRUE
A59: 10000533 | B59: 오네이로이 | C59: 153301 | D59: c533 | E59: ="character_name_"&A59 -> character_name_10000533 | F59: =D59&"_profile" -> c533_profile | G59: None | H59: Normal | I59: 0.95,0.95,0.95 | J59: TRUE | K59: 0,0,0 | L59: 3 | M59: Light | N59: Supporter | O59: =100+L59 -> 103 | P59: {=_xlfn.IFS($N59="Attacker",6,$N59="Healer",3,$N59="Magician",4,$N59="Defender",3,$N59="Supporter",4)} -> 4 | Q59: {=_xlfn.IFS($N59="Attacker",6,$N59="Healer",3,$N59="Magician",4,$N59="Defender",3,$N59="Supporter",4)} -> 4 | R59: 1 | S59: 0 | T59: 0 | U59: Spd | V59: {=_xlfn.IFS(N59="Attacker",80,N59="Healer",90,N59="Magician",100,N59="Defender",110,N59="Supporter",120)} -> 120 | W59: Hp | X59: 4743 | Y59: Atk | Z59: 341 | AA59: Def | AB59: 108 | AC59: Penetration | AD59: 108 | AE59: Hit | AF59: 100 | AG59: Dodge | AH59: 100 | AI59: CriRatio | AJ59: 5000 | AK59: CriDmgRatio | AL59: 150000 | AM59: =INT(1&L59&TEXT(RIGHT(A59,3),"0000")&"01") -> 13053301 | AN59: TRUE | AO59: =INT(2&$L59&TEXT(RIGHT($A59,3),"0000")&"01") -> 23053301 | AP59: TRUE | AQ59: =INT(3&$L59&TEXT(RIGHT($A59,3),"0000")&"01") -> 33053301 | AR59: TRUE | AS59: =INT(4&$L59&TEXT(RIGHT($A59,3),"0000")&"01") -> 43053301 | AT59: TRUE
A60: 10000002 | B60: 리자 | C60: 100201 | D60: c002 | E60: ="character_name_"&A60 -> character_name_10000002 | F60: =D60&"_profile" -> c002_profile | G60: None | H60: Normal | I60: 0.95,0.95,0.95 | J60: TRUE | K60: 0,0,0 | L60: 2 | M60: Water | N60: Attacker | O60: =100+L60 -> 102 | P60: {=_xlfn.IFS($N60="Attacker",6,$N60="Healer",3,$N60="Magician",4,$N60="Defender",3,$N60="Supporter",4)} -> 6 | Q60: {=_xlfn.IFS($N60="Attacker",6,$N60="Healer",3,$N60="Magician",4,$N60="Defender",3,$N60="Supporter",4)} -> 6 | R60: 1 | S60: 0 | T60: 0 | U60: Spd | V60: {=_xlfn.IFS(N60="Attacker",80,N60="Healer",90,N60="Magician",100,N60="Defender",110,N60="Supporter",120)} -> 80 | W60: Hp | X60: 4743 | Y60: Atk | Z60: 341 | AA60: Def | AB60: 108 | AC60: Penetration | AD60: 130 | AE60: Hit | AF60: 100 | AG60: Dodge | AH60: 100 | AI60: CriRatio | AJ60: 5000 | AK60: CriDmgRatio | AL60: 150000 | AM60: =INT(1&L60&TEXT(RIGHT(A60,3),"0000")&"01") -> 12000201 | AN60: TRUE | AO60: =INT(2&$L60&TEXT(RIGHT($A60,3),"0000")&"01") -> 22000201 | AP60: TRUE | AQ60: =INT(3&$L60&TEXT(RIGHT($A60,3),"0000")&"01") -> 32000201 | AR60: TRUE | AS60: =INT(4&$L60&TEXT(RIGHT($A60,3),"0000")&"01") -> 42000201 | AT60: TRUE
A61: 10000193 | B61: 비루파 | C61: 119301 | D61: c193 | E61: character_name_10000193 | F61: =D61&"_profile" -> c193_profile | G61: None | H61: Normal | I61: 0.95,0.95,0.95 | J61: TRUE | K61: 0,0,0 | L61: 2 | M61: Water | N61: Attacker | O61: =100+L61 -> 102 | P61: 6 | Q61: 6 | R61: 1 | S61: 0 | T61: 0 | U61: Spd | V61: 80 | W61: Hp | X61: 5100 | Y61: Atk | Z61: 420 | AA61: Def | AB61: 120 | AC61: Penetration | AD61: 120 | AE61: Hit | AF61: 100 | AG61: Dodge | AH61: 100 | AI61: CriRatio | AJ61: 5000 | AK61: CriDmgRatio | AL61: 150000 | AM61: =INT(1&L61&TEXT(RIGHT(A61,3),"0000")&"01") -> 12019301 | AN61: TRUE | AO61: =INT(2&$L61&TEXT(RIGHT($A61,3),"0000")&"01") -> 22019301 | AP61: TRUE | AQ61: =INT(3&$L61&TEXT(RIGHT($A61,3),"0000")&"01") -> 32019301 | AR61: TRUE | AS61: =INT(4&$L61&TEXT(RIGHT($A61,3),"0000")&"01") -> 42019301 | AT61: TRUE
A62: 10000124 | B62: 이브 | C62: 112401 | D62: c124 | E62: ="character_name_"&A62 -> character_name_10000124 | F62: =D62&"_profile" -> c124_profile | G62: None | H62: Normal | I62: 0.95,0.95,0.95 | J62: TRUE | K62: 0,0,0 | L62: 3 | M62: Water | N62: Attacker | O62: =100+L62 -> 103 | P62: 6 | Q62: 6 | R62: 1 | S62: 0 | T62: 0 | U62: Spd | V62: {=_xlfn.IFS(N62="Attacker",80,N62="Healer",90,N62="Magician",100,N62="Defender",110,N62="Supporter",120)} -> 80 | W62: Hp | X62: 5100 | Y62: Atk | Z62: 420 | AA62: Def | AB62: 120 | AC62: Penetration | AD62: 156 | AE62: Hit | AF62: 100 | AG62: Dodge | AH62: 100 | AI62: CriRatio | AJ62: 5000 | AK62: CriDmgRatio | AL62: 150000 | AM62: =INT(1&L62&TEXT(RIGHT(A62,3),"0000")&"01") -> 13012401 | AN62: TRUE | AO62: =INT(2&$L62&TEXT(RIGHT($A62,3),"0000")&"01") -> 23012401 | AP62: TRUE | AQ62: =INT(3&$L62&TEXT(RIGHT($A62,3),"0000")&"01") -> 33012401 | AR62: TRUE | AS62: =INT(4&$L62&TEXT(RIGHT($A62,3),"0000")&"01") -> 43012401 | AT62: TRUE
A63: 10000442 | B63: 니르티 | C63: 144201 | D63: c442 | E63: ="character_name_"&A63 -> character_name_10000442 | F63: =D63&"_profile" -> c442_profile | G63: None | H63: Normal | I63: 0.95,0.95,0.95 | J63: TRUE | K63: 0,0,0 | L63: 3 | M63: Water | N63: Attacker | O63: =100+L63 -> 103 | P63: {=_xlfn.IFS($N63="Attacker",6,$N63="Healer",3,$N63="Magician",4,$N63="Defender",3,$N63="Supporter",4)} -> 6 | Q63: {=_xlfn.IFS($N63="Attacker",6,$N63="Healer",3,$N63="Magician",4,$N63="Defender",3,$N63="Supporter",4)} -> 6 | R63: 1 | S63: 0 | T63: 0 | U63: Spd | V63: {=_xlfn.IFS(N63="Attacker",80,N63="Healer",90,N63="Magician",100,N63="Defender",110,N63="Supporter",120)} -> 80 | W63: Hp | X63: 5100 | Y63: Atk | Z63: 420 | AA63: Def | AB63: 120 | AC63: Penetration | AD63: 187 | AE63: Hit | AF63: 100 | AG63: Dodge | AH63: 100 | AI63: CriRatio | AJ63: 5000 | AK63: CriDmgRatio | AL63: 150000 | AM63: =INT(1&L63&TEXT(RIGHT(A63,3),"0000")&"01") -> 13044201 | AN63: TRUE | AO63: =INT(2&$L63&TEXT(RIGHT($A63,3),"0000")&"01") -> 23044201 | AP63: TRUE | AQ63: =INT(3&$L63&TEXT(RIGHT($A63,3),"0000")&"01") -> 33044201 | AR63: TRUE | AS63: =INT(4&$L63&TEXT(RIGHT($A63,3),"0000")&"01") -> 43044201 | AT63: TRUE
A64: 10000366 | B64: 데이노 | C64: 136601 | D64: c366 | E64: character_name_10000366 | F64: =D64&"_profile" -> c366_profile | G64: None | H64: Normal | I64: 0.95,0.95,0.95 | J64: TRUE | K64: 0,0,0 | L64: 1 | M64: Water | N64: Defender | O64: =100+L64 -> 101 | P64: 3 | Q64: 3 | R64: 1 | S64: 0 | T64: 0 | U64: Spd | V64: 110 | W64: Hp | X64: 8650 | Y64: Atk | Z64: 252 | AA64: Def | AB64: 240 | AC64: Penetration | AD64: 240 | AE64: Hit | AF64: 100 | AG64: Dodge | AH64: 100 | AI64: CriRatio | AJ64: 5000 | AK64: CriDmgRatio | AL64: 150000 | AM64: =INT(1&L64&TEXT(RIGHT(A64,3),"0000")&"01") -> 11036601 | AN64: TRUE | AO64: =INT(2&$L64&TEXT(RIGHT($A64,3),"0000")&"01") -> 21036601 | AP64: TRUE | AQ64: =INT(3&$L64&TEXT(RIGHT($A64,3),"0000")&"01") -> 31036601 | AR64: TRUE | AS64: =INT(4&$L64&TEXT(RIGHT($A64,3),"0000")&"01") -> 41036601 | AT64: TRUE
A65: 10000537 | B65: 엘리시온 | C65: 153701 | D65: c537 | E65: ="character_name_"&A65 -> character_name_10000537 | F65: =D65&"_profile" -> c537_profile | G65: None | H65: Normal | I65: 0.95,0.95,0.95 | J65: TRUE | K65: 0,0,0 | L65: 3 | M65: Water | N65: Defender | O65: =100+L65 -> 103 | P65: {=_xlfn.IFS($N65="Attacker",6,$N65="Healer",3,$N65="Magician",4,$N65="Defender",3,$N65="Supporter",4)} -> 3 | Q65: {=_xlfn.IFS($N65="Attacker",6,$N65="Healer",3,$N65="Magician",4,$N65="Defender",3,$N65="Supporter",4)} -> 3 | R65: 1 | S65: 0 | T65: 0 | U65: Spd | V65: {=_xlfn.IFS(N65="Attacker",80,N65="Healer",90,N65="Magician",100,N65="Defender",110,N65="Supporter",120)} -> 110 | W65: Hp | X65: 6475 | Y65: Atk | Z65: 168 | AA65: Def | AB65: 151 | AC65: Penetration | AD65: 151 | AE65: Hit | AF65: 100 | AG65: Dodge | AH65: 100 | AI65: CriRatio | AJ65: 5000 | AK65: CriDmgRatio | AL65: 150000 | AM65: =INT(1&L65&TEXT(RIGHT(A65,3),"0000")&"01") -> 13053701 | AN65: TRUE | AO65: =INT(2&$L65&TEXT(RIGHT($A65,3),"0000")&"01") -> 23053701 | AP65: TRUE | AQ65: =INT(3&$L65&TEXT(RIGHT($A65,3),"0000")&"01") -> 33053701 | AR65: TRUE | AS65: =INT(4&$L65&TEXT(RIGHT($A65,3),"0000")&"01") -> 43053701 | AT65: TRUE
A66: 10000437 | B66: 에우로스 | C66: 143701 | D66: c437 | E66: character_name_10000437 | F66: =D66&"_profile" -> c437_profile | G66: None | H66: Normal | I66: 0.95,0.95,0.95 | J66: TRUE | K66: 0,0,0 | L66: 2 | M66: Water | N66: Healer | O66: =100+L66 -> 102 | P66: 3 | Q66: 3 | R66: 1 | S66: 0 | T66: 0 | U66: Spd | V66: 90 | W66: Hp | X66: 6475 | Y66: Atk | Z66: 168 | AA66: Def | AB66: 151 | AC66: Penetration | AD66: 151 | AE66: Hit | AF66: 100 | AG66: Dodge | AH66: 100 | AI66: CriRatio | AJ66: 5000 | AK66: CriDmgRatio | AL66: 150000 | AM66: =INT(1&L66&TEXT(RIGHT(A66,3),"0000")&"01") -> 12043701 | AN66: TRUE | AO66: =INT(2&$L66&TEXT(RIGHT($A66,3),"0000")&"01") -> 22043701 | AP66: TRUE | AQ66: =INT(3&$L66&TEXT(RIGHT($A66,3),"0000")&"01") -> 32043701 | AR66: TRUE | AS66: =INT(4&$L66&TEXT(RIGHT($A66,3),"0000")&"01") -> 42043701 | AT66: TRUE
A67: 10000281 | B67: 티스베 | C67: 128101 | D67: c281 | E67: ="character_name_"&A67 -> character_name_10000281 | F67: =D67&"_profile" -> c281_profile | G67: None | H67: Normal | I67: 0.95,0.95,0.95 | J67: TRUE | K67: 0,0,0 | L67: 3 | M67: Water | N67: Healer | O67: =100+L67 -> 103 | P67: {=_xlfn.IFS($N67="Attacker",6,$N67="Healer",3,$N67="Magician",4,$N67="Defender",3,$N67="Supporter",4)} -> 3 | Q67: {=_xlfn.IFS($N67="Attacker",6,$N67="Healer",3,$N67="Magician",4,$N67="Defender",3,$N67="Supporter",4)} -> 3 | R67: 1 | S67: 0 | T67: 0 | U67: Spd | V67: {=_xlfn.IFS(N67="Attacker",80,N67="Healer",90,N67="Magician",100,N67="Defender",110,N67="Supporter",120)} -> 90 | W67: Hp | X67: 5909 | Y67: Atk | Z67: 198 | AA67: Def | AB67: 142 | AC67: Penetration | AD67: 156 | AE67: Hit | AF67: 100 | AG67: Dodge | AH67: 100 | AI67: CriRatio | AJ67: 5000 | AK67: CriDmgRatio | AL67: 150000 | AM67: =INT(1&L67&TEXT(RIGHT(A67,3),"0000")&"01") -> 13028101 | AN67: TRUE | AO67: =INT(2&$L67&TEXT(RIGHT($A67,3),"0000")&"01") -> 23028101 | AP67: TRUE | AQ67: =INT(3&$L67&TEXT(RIGHT($A67,3),"0000")&"01") -> 33028101 | AR67: TRUE | AS67: =INT(4&$L67&TEXT(RIGHT($A67,3),"0000")&"01") -> 43028101 | AT67: TRUE
A68: 10000022 | B68: 마야우엘 | C68: 102201 | D68: c022 | E68: character_name_10000022 | F68: =D68&"_profile" -> c022_profile | G68: None | H68: Normal | I68: 0.95,0.95,0.95 | J68: TRUE | K68: 0,0,0 | L68: 1 | M68: Water | N68: Magician | O68: =100+L68 -> 101 | P68: 4 | Q68: 4 | R68: 1 | S68: 0 | T68: 0 | U68: Spd | V68: 120 | W68: Hp | X68: 5909 | Y68: Atk | Z68: 198 | AA68: Def | AB68: 142 | AC68: Penetration | AD68: 142 | AE68: Hit | AF68: 100 | AG68: Dodge | AH68: 100 | AI68: CriRatio | AJ68: 5000 | AK68: CriDmgRatio | AL68: 150000 | AM68: =INT(1&L68&TEXT(RIGHT(A68,3),"0000")&"01") -> 11002201 | AN68: TRUE | AO68: =INT(2&$L68&TEXT(RIGHT($A68,3),"0000")&"01") -> 21002201 | AP68: TRUE | AQ68: =INT(3&$L68&TEXT(RIGHT($A68,3),"0000")&"01") -> 31002201 | AR68: TRUE | AS68: =INT(4&$L68&TEXT(RIGHT($A68,3),"0000")&"01") -> 41002201 | AT68: TRUE
A69: 10000502 | B69: 도계화 | C69: 150201 | D69: c502 | E69: ="character_name_"&A69 -> character_name_10000502 | F69: =D69&"_profile" -> c502_profile | G69: None | H69: Normal | I69: 0.95,0.95,0.95 | J69: TRUE | K69: 0,0,0 | L69: 3 | M69: Water | N69: Magician | O69: =100+L69 -> 103 | P69: {=_xlfn.IFS($N69="Attacker",6,$N69="Healer",3,$N69="Magician",4,$N69="Defender",3,$N69="Supporter",4)} -> 4 | Q69: {=_xlfn.IFS($N69="Attacker",6,$N69="Healer",3,$N69="Magician",4,$N69="Defender",3,$N69="Supporter",4)} -> 4 | R69: 1 | S69: 0 | T69: 0 | U69: Spd | V69: {=_xlfn.IFS(N69="Attacker",80,N69="Healer",90,N69="Magician",100,N69="Defender",110,N69="Supporter",120)} -> 100 | W69: Hp | X69: 5100 | Y69: Atk | Z69: 420 | AA69: Def | AB69: 120 | AC69: Penetration | AD69: 156 | AE69: Hit | AF69: 100 | AG69: Dodge | AH69: 100 | AI69: CriRatio | AJ69: 5000 | AK69: CriDmgRatio | AL69: 150000 | AM69: =INT(1&L69&TEXT(RIGHT(A69,3),"0000")&"01") -> 13050201 | AN69: TRUE | AO69: =INT(2&$L69&TEXT(RIGHT($A69,3),"0000")&"01") -> 23050201 | AP69: TRUE | AQ69: =INT(3&$L69&TEXT(RIGHT($A69,3),"0000")&"01") -> 33050201 | AR69: TRUE | AS69: =INT(4&$L69&TEXT(RIGHT($A69,3),"0000")&"01") -> 43050201 | AT69: TRUE
A70: 10000318 | B70: 바리 | C70: 131801 | D70: c318 | E70: ="character_name_"&A70 -> character_name_10000318 | F70: =D70&"_profile" -> c318_profile | G70: None | H70: Normal | I70: 0.95,0.95,0.95 | J70: TRUE | K70: 0,0,0 | L70: 3 | M70: Water | N70: Magician | O70: =100+L70 -> 103 | P70: {=_xlfn.IFS($N70="Attacker",6,$N70="Healer",3,$N70="Magician",4,$N70="Defender",3,$N70="Supporter",4)} -> 4 | Q70: {=_xlfn.IFS($N70="Attacker",6,$N70="Healer",3,$N70="Magician",4,$N70="Defender",3,$N70="Supporter",4)} -> 4 | R70: 1 | S70: 0 | T70: 0 | U70: Spd | V70: {=_xlfn.IFS(N70="Attacker",80,N70="Healer",90,N70="Magician",100,N70="Defender",110,N70="Supporter",120)} -> 100 | W70: Hp | X70: 4743 | Y70: Atk | Z70: 341 | AA70: Def | AB70: 108 | AC70: Penetration | AD70: 187 | AE70: Hit | AF70: 100 | AG70: Dodge | AH70: 100 | AI70: CriRatio | AJ70: 5000 | AK70: CriDmgRatio | AL70: 150000 | AM70: =INT(1&L70&TEXT(RIGHT(A70,3),"0000")&"01") -> 13031801 | AN70: TRUE | AO70: =INT(2&$L70&TEXT(RIGHT($A70,3),"0000")&"01") -> 23031801 | AP70: TRUE | AQ70: =INT(3&$L70&TEXT(RIGHT($A70,3),"0000")&"01") -> 33031801 | AR70: TRUE | AS70: =INT(4&$L70&TEXT(RIGHT($A70,3),"0000")&"01") -> 43031801 | AT70: TRUE
A71: 10000362 | B71: 레오 | C71: 136201 | D71: c362 | E71: character_name_10000362 | F71: =D71&"_profile" -> c362_profile | G71: None | H71: Normal | I71: 0.95,0.95,0.95 | J71: TRUE | K71: 0,0,0 | L71: 1 | M71: Water | N71: Supporter | O71: =100+L71 -> 101 | P71: 4 | Q71: 4 | R71: 1 | S71: 0 | T71: 0 | U71: Spd | V71: 120 | W71: Hp | X71: 5909 | Y71: Atk | Z71: 198 | AA71: Def | AB71: 142 | AC71: Penetration | AD71: 142 | AE71: Hit | AF71: 100 | AG71: Dodge | AH71: 100 | AI71: CriRatio | AJ71: 5000 | AK71: CriDmgRatio | AL71: 150000 | AM71: =INT(1&L71&TEXT(RIGHT(A71,3),"0000")&"01") -> 11036201 | AN71: TRUE | AO71: =INT(2&$L71&TEXT(RIGHT($A71,3),"0000")&"01") -> 21036201 | AP71: TRUE | AQ71: =INT(3&$L71&TEXT(RIGHT($A71,3),"0000")&"01") -> 31036201 | AR71: TRUE | AS71: =INT(4&$L71&TEXT(RIGHT($A71,3),"0000")&"01") -> 41036201 | AT71: TRUE
A72: 10000464 | B72: 아라한 | C72: 146401 | D72: c464 | E72: ="character_name_"&A72 -> character_name_10000464 | F72: =D72&"_profile" -> c464_profile | G72: None | H72: Normal | I72: 0.95,0.95,0.95 | J72: TRUE | K72: 0,0,0 | L72: 3 | M72: Water | N72: Supporter | O72: =100+L72 -> 103 | P72: {=_xlfn.IFS($N72="Attacker",6,$N72="Healer",3,$N72="Magician",4,$N72="Defender",3,$N72="Supporter",4)} -> 4 | Q72: {=_xlfn.IFS($N72="Attacker",6,$N72="Healer",3,$N72="Magician",4,$N72="Defender",3,$N72="Supporter",4)} -> 4 | R72: 1 | S72: 0 | T72: 0 | U72: Spd | V72: {=_xlfn.IFS(N72="Attacker",80,N72="Healer",90,N72="Magician",100,N72="Defender",110,N72="Supporter",120)} -> 120 | W72: Hp | X72: 5909 | Y72: Atk | Z72: 198 | AA72: Def | AB72: 142 | AC72: Penetration | AD72: 187 | AE72: Hit | AF72: 100 | AG72: Dodge | AH72: 100 | AI72: CriRatio | AJ72: 5000 | AK72: CriDmgRatio | AL72: 150000 | AM72: =INT(1&L72&TEXT(RIGHT(A72,3),"0000")&"01") -> 13046401 | AN72: TRUE | AO72: =INT(2&$L72&TEXT(RIGHT($A72,3),"0000")&"01") -> 23046401 | AP72: TRUE | AQ72: =INT(3&$L72&TEXT(RIGHT($A72,3),"0000")&"01") -> 33046401 | AR72: TRUE | AS72: =INT(4&$L72&TEXT(RIGHT($A72,3),"0000")&"01") -> 43046401 | AT72: TRUE
A73: 10000167 | B73: 상아 | C73: 116701 | D73: c167 | E73: ="character_name_"&A73 -> character_name_10000167 | F73: =D73&"_profile" -> c167_profile | G73: None | H73: Normal | I73: 0.95,0.95,0.95 | J73: TRUE | K73: 0,0,0 | L73: 3 | M73: Water | N73: Supporter | O73: =100+L73 -> 103 | P73: {=_xlfn.IFS($N73="Attacker",6,$N73="Healer",3,$N73="Magician",4,$N73="Defender",3,$N73="Supporter",4)} -> 4 | Q73: {=_xlfn.IFS($N73="Attacker",6,$N73="Healer",3,$N73="Magician",4,$N73="Defender",3,$N73="Supporter",4)} -> 4 | R73: 1 | S73: 0 | T73: 0 | U73: Spd | V73: {=_xlfn.IFS(N73="Attacker",80,N73="Healer",90,N73="Magician",100,N73="Defender",110,N73="Supporter",120)} -> 120 | W73: Hp | X73: 5909 | Y73: Atk | Z73: 198 | AA73: Def | AB73: 142 | AC73: Penetration | AD73: 142 | AE73: Hit | AF73: 100 | AG73: Dodge | AH73: 100 | AI73: CriRatio | AJ73: 5000 | AK73: CriDmgRatio | AL73: 150000 | AM73: =INT(1&L73&TEXT(RIGHT(A73,3),"0000")&"01") -> 13016701 | AN73: TRUE | AO73: =INT(2&$L73&TEXT(RIGHT($A73,3),"0000")&"01") -> 23016701 | AP73: TRUE | AQ73: =INT(3&$L73&TEXT(RIGHT($A73,3),"0000")&"01") -> 33016701 | AR73: TRUE | AS73: =INT(4&$L73&TEXT(RIGHT($A73,3),"0000")&"01") -> 43016701 | AT73: TRUE

Sheet Detail<Monster>
A1: Id | B1: #이름 | C1: Skin | D1: #DefaultSoul | E1: Name | F1: Profile | G1: MonsterType | H1: Size | I1: #Difficuly | J1: Scale | K1: UseHud | L1: StatusOffset | M1: StarGrade | N1: Element | O1: Role | P1: LevelUpGroup | Q1: MaxSp | R1: UseSp | S1: TurnSp | T1: AtkSp | U1: HitSp | V1: StatParam | W1: StatValue | X1: StatParam | Y1: StatValue | Z1: StatParam | AA1: StatValue | AB1: StatParam | AC1: StatValue | AD1: StatParam | AE1: StatValue | AF1: StatParam | AG1: StatValue | AH1: StatParam | AI1: StatValue | AJ1: StatParam | AK1: StatValue | AL1: StatParam | AM1: StatValue | AN1: SkillId | AO1: DefaultCheck | AP1: SkillId | AQ1: DefaultCheck | AR1: SkillId | AS1: DefaultCheck | AT1: SkillId | AU1: DefaultCheck
G3: 몬스터 타입 | H3: 크기 | I3: 난이도 | M3: 등급 | N3: 속성 | O3: 직업 | AN3: Normal | AP3: Active | AR3: Ultimate | AT3: Passive
A4: 20130101 | B4: 봉제인형 | C4: 201301 | D4: 0 | E4: character_name_20130101 | G4: Normal | H4: Normal | I4: 1 | J4: 1,1,1 | K4: TRUE | L4: 0,0,0 | M4: 2 | N4: Fire | O4: Defender | P4: 200 | Q4: {=_xlfn.IFS($O4="Attacker",6,$O4="Healer",3,$O4="Magician",4,$O4="Defender",3,$O4="Supporter",4)} -> 3 | R4: {=_xlfn.IFS($O4="Attacker",6,$O4="Healer",3,$O4="Magician",4,$O4="Defender",3,$O4="Supporter",4)} -> 3 | S4: 1 | T4: 0 | U4: 0 | V4: Spd | W4: {=_xlfn.IFS(O4="Attacker",80,O4="Healer",90,O4="Magician",100,O4="Defender",110,O4="Supporter",120)} -> 110 | X4: Hp | Y4: 1000 | Z4: Atk | AA4: 500 | AB4: Def | AC4: 20 | AD4: Penetration | AE4: =AC4 -> 20 | AF4: Hit | AG4: 100 | AH4: Dodge | AI4: 80 | AJ4: CriRatio | AK4: 0 | AL4: CriDmgRatio | AM4: 150000 | AN4: 1842051 | AO4: TRUE | AP4: 2842051 | AQ4: TRUE | AR4: 0 | AS4: FALSE | AT4: 0 | AU4: FALSE
A5: 20130201 | B5: 봉제인형 | C5: 201302 | D5: 0 | E5: character_name_20130201 | G5: Normal | H5: Normal | I5: 1 | J5: 1,1,1 | K5: TRUE | L5: 0,0,0 | M5: 2 | N5: Fire | O5: Defender | P5: 200 | Q5: {=_xlfn.IFS($O5="Attacker",6,$O5="Healer",3,$O5="Magician",4,$O5="Defender",3,$O5="Supporter",4)} -> 3 | R5: {=_xlfn.IFS($O5="Attacker",6,$O5="Healer",3,$O5="Magician",4,$O5="Defender",3,$O5="Supporter",4)} -> 3 | S5: 1 | T5: 0 | U5: 0 | V5: Spd | W5: {=_xlfn.IFS(O5="Attacker",80,O5="Healer",90,O5="Magician",100,O5="Defender",110,O5="Supporter",120)} -> 110 | X5: Hp | Y5: 1000 | Z5: Atk | AA5: 500 | AB5: Def | AC5: 20 | AD5: Penetration | AE5: =AC5 -> 20 | AF5: Hit | AG5: 100 | AH5: Dodge | AI5: 80 | AJ5: CriRatio | AK5: 0 | AL5: CriDmgRatio | AM5: 150000 | AN5: 1842051 | AO5: TRUE | AP5: 2842051 | AQ5: TRUE | AR5: 0 | AS5: FALSE | AT5: 0 | AU5: FALSE
A6: 20130102 | B6: 봉제인형 | C6: 201301 | D6: 0 | E6: character_name_20130102 | G6: Normal | H6: Normal | I6: 2 | J6: 1,1,1 | K6: TRUE | L6: 0,0,0 | M6: 2 | N6: Fire | O6: Defender | P6: 200 | Q6: {=_xlfn.IFS($O6="Attacker",6,$O6="Healer",3,$O6="Magician",4,$O6="Defender",3,$O6="Supporter",4)} -> 3 | R6: {=_xlfn.IFS($O6="Attacker",6,$O6="Healer",3,$O6="Magician",4,$O6="Defender",3,$O6="Supporter",4)} -> 3 | S6: 1 | T6: 0 | U6: 0 | V6: Spd | W6: {=_xlfn.IFS(O6="Attacker",80,O6="Healer",90,O6="Magician",100,O6="Defender",110,O6="Supporter",120)} -> 110 | X6: Hp | Y6: 1000 | Z6: Atk | AA6: 500 | AB6: Def | AC6: 20 | AD6: Penetration | AE6: =AC6 -> 20 | AF6: Hit | AG6: 100 | AH6: Dodge | AI6: 80 | AJ6: CriRatio | AK6: 0 | AL6: CriDmgRatio | AM6: 150000 | AN6: 1842051 | AO6: TRUE | AP6: 2842051 | AQ6: TRUE | AR6: 0 | AS6: FALSE | AT6: 0 | AU6: FALSE
A7: 20130202 | B7: 봉제인형 | C7: 201302 | D7: 0 | E7: character_name_20130202 | G7: Normal | H7: Normal | I7: 2 | J7: 1,1,1 | K7: TRUE | L7: 0,0,0 | M7: 2 | N7: Fire | O7: Defender | P7: 200 | Q7: {=_xlfn.IFS($O7="Attacker",6,$O7="Healer",3,$O7="Magician",4,$O7="Defender",3,$O7="Supporter",4)} -> 3 | R7: {=_xlfn.IFS($O7="Attacker",6,$O7="Healer",3,$O7="Magician",4,$O7="Defender",3,$O7="Supporter",4)} -> 3 | S7: 1 | T7: 0 | U7: 0 | V7: Spd | W7: {=_xlfn.IFS(O7="Attacker",80,O7="Healer",90,O7="Magician",100,O7="Defender",110,O7="Supporter",120)} -> 110 | X7: Hp | Y7: 1000 | Z7: Atk | AA7: 500 | AB7: Def | AC7: 20 | AD7: Penetration | AE7: =AC7 -> 20 | AF7: Hit | AG7: 100 | AH7: Dodge | AI7: 80 | AJ7: CriRatio | AK7: 0 | AL7: CriDmgRatio | AM7: 150000 | AN7: 1842051 | AO7: TRUE | AP7: 2842051 | AQ7: TRUE | AR7: 0 | AS7: FALSE | AT7: 0 | AU7: FALSE
A8: 20730101 | B8: 큐브-화 | C8: 207301 | D8: 0 | E8: character_name_20730101 | G8: Normal | H8: Normal | I8: 1 | J8: 1,1,1 | K8: TRUE | L8: 0,0,0 | M8: 2 | N8: Fire | O8: Defender | P8: 200 | Q8: {=_xlfn.IFS($O8="Attacker",6,$O8="Healer",3,$O8="Magician",4,$O8="Defender",3,$O8="Supporter",4)} -> 3 | R8: {=_xlfn.IFS($O8="Attacker",6,$O8="Healer",3,$O8="Magician",4,$O8="Defender",3,$O8="Supporter",4)} -> 3 | S8: 1 | T8: 0 | U8: 0 | V8: Spd | W8: {=_xlfn.IFS(O8="Attacker",80,O8="Healer",90,O8="Magician",100,O8="Defender",110,O8="Supporter",120)} -> 110 | X8: Hp | Y8: 300 | Z8: Atk | AA8: 200 | AB8: Def | AC8: 0 | AD8: Penetration | AE8: 0 | AF8: Hit | AG8: 100 | AH8: Dodge | AI8: 100 | AJ8: CriRatio | AK8: 5000 | AL8: CriDmgRatio | AM8: 150000 | AN8: 1811041 | AO8: TRUE | AP8: 2811041 | AQ8: TRUE | AR8: 0 | AS8: FALSE | AT8: 0 | AU8: FALSE
A9: 20730201 | B9: 큐브-수 | C9: 207302 | D9: 0 | E9: character_name_20730201 | G9: Normal | H9: Normal | I9: 1 | J9: 1,1,1 | K9: TRUE | L9: 0,0,0 | M9: 2 | N9: Water | O9: Defender | P9: 200 | Q9: {=_xlfn.IFS($O9="Attacker",6,$O9="Healer",3,$O9="Magician",4,$O9="Defender",3,$O9="Supporter",4)} -> 3 | R9: {=_xlfn.IFS($O9="Attacker",6,$O9="Healer",3,$O9="Magician",4,$O9="Defender",3,$O9="Supporter",4)} -> 3 | S9: 1 | T9: 0 | U9: 0 | V9: Spd | W9: {=_xlfn.IFS(O9="Attacker",80,O9="Healer",90,O9="Magician",100,O9="Defender",110,O9="Supporter",120)} -> 110 | X9: Hp | Y9: 300 | Z9: Atk | AA9: 200 | AB9: Def | AC9: 0 | AD9: Penetration | AE9: 0 | AF9: Hit | AG9: 120 | AH9: Dodge | AI9: 100 | AJ9: CriRatio | AK9: 5000 | AL9: CriDmgRatio | AM9: 150000 | AN9: 1821041 | AO9: TRUE | AP9: 2821041 | AQ9: TRUE | AR9: 0 | AS9: FALSE | AT9: 0 | AU9: FALSE
A10: 20730301 | B10: 큐브-목 | C10: 207303 | D10: 0 | E10: character_name_20730301 | G10: Normal | H10: Normal | I10: 1 | J10: 1,1,1 | K10: TRUE | L10: 0,0,0 | M10: 2 | N10: Forest | O10: Defender | P10: 200 | Q10: {=_xlfn.IFS($O10="Attacker",6,$O10="Healer",3,$O10="Magician",4,$O10="Defender",3,$O10="Supporter",4)} -> 3 | R10: {=_xlfn.IFS($O10="Attacker",6,$O10="Healer",3,$O10="Magician",4,$O10="Defender",3,$O10="Supporter",4)} -> 3 | S10: 1 | T10: 0 | U10: 0 | V10: Spd | W10: {=_xlfn.IFS(O10="Attacker",80,O10="Healer",90,O10="Magician",100,O10="Defender",110,O10="Supporter",120)} -> 110 | X10: Hp | Y10: 300 | Z10: Atk | AA10: 200 | AB10: Def | AC10: 0 | AD10: Penetration | AE10: 0 | AF10: Hit | AG10: 100 | AH10: Dodge | AI10: 100 | AJ10: CriRatio | AK10: 5000 | AL10: CriDmgRatio | AM10: 150000 | AN10: 1831041 | AO10: TRUE | AP10: 2831041 | AQ10: TRUE | AR10: 0 | AS10: FALSE | AT10: 0 | AU10: FALSE
A11: 20730401 | B11: 큐브-광 | C11: 207304 | D11: 0 | E11: character_name_20730401 | G11: Normal | H11: Normal | I11: 1 | J11: 1,1,1 | K11: TRUE | L11: 0,0,0 | M11: 2 | N11: Light | O11: Defender | P11: 200 | Q11: {=_xlfn.IFS($O11="Attacker",6,$O11="Healer",3,$O11="Magician",4,$O11="Defender",3,$O11="Supporter",4)} -> 3 | R11: {=_xlfn.IFS($O11="Attacker",6,$O11="Healer",3,$O11="Magician",4,$O11="Defender",3,$O11="Supporter",4)} -> 3 | S11: 1 | T11: 0 | U11: 0 | V11: Spd | W11: {=_xlfn.IFS(O11="Attacker",80,O11="Healer",90,O11="Magician",100,O11="Defender",110,O11="Supporter",120)} -> 110 | X11: Hp | Y11: 300 | Z11: Atk | AA11: 200 | AB11: Def | AC11: 0 | AD11: Penetration | AE11: 0 | AF11: Hit | AG11: 100 | AH11: Dodge | AI11: 100 | AJ11: CriRatio | AK11: 5000 | AL11: CriDmgRatio | AM11: 150000 | AN11: 1841041 | AO11: TRUE | AP11: 2841041 | AQ11: TRUE | AR11: 0 | AS11: FALSE | AT11: 0 | AU11: FALSE
A12: 20730501 | B12: 큐브-암 | C12: 207305 | D12: 0 | E12: character_name_20730501 | G12: Normal | H12: Normal | I12: 1 | J12: 1,1,1 | K12: TRUE | L12: 0,0,0 | M12: 2 | N12: Dark | O12: Defender | P12: 200 | Q12: {=_xlfn.IFS($O12="Attacker",6,$O12="Healer",3,$O12="Magician",4,$O12="Defender",3,$O12="Supporter",4)} -> 3 | R12: {=_xlfn.IFS($O12="Attacker",6,$O12="Healer",3,$O12="Magician",4,$O12="Defender",3,$O12="Supporter",4)} -> 3 | S12: 1 | T12: 0 | U12: 0 | V12: Spd | W12: {=_xlfn.IFS(O12="Attacker",80,O12="Healer",90,O12="Magician",100,O12="Defender",110,O12="Supporter",120)} -> 110 | X12: Hp | Y12: 300 | Z12: Atk | AA12: 200 | AB12: Def | AC12: 0 | AD12: Penetration | AE12: 0 | AF12: Hit | AG12: 100 | AH12: Dodge | AI12: 100 | AJ12: CriRatio | AK12: 5000 | AL12: CriDmgRatio | AM12: 150000 | AN12: 1851041 | AO12: TRUE | AP12: 2851041 | AQ12: TRUE | AR12: 0 | AS12: FALSE | AT12: 0 | AU12: FALSE
A13: 20730102 | B13: 큐브-화 | C13: 207301 | D13: 0 | E13: character_name_20730102 | G13: Normal | H13: Normal | I13: 2 | J13: 1,1,1 | K13: TRUE | L13: 0,0,0 | M13: 2 | N13: Fire | O13: Defender | P13: 200 | Q13: {=_xlfn.IFS($O13="Attacker",6,$O13="Healer",3,$O13="Magician",4,$O13="Defender",3,$O13="Supporter",4)} -> 3 | R13: {=_xlfn.IFS($O13="Attacker",6,$O13="Healer",3,$O13="Magician",4,$O13="Defender",3,$O13="Supporter",4)} -> 3 | S13: 1 | T13: 0 | U13: 0 | V13: Spd | W13: {=_xlfn.IFS(O13="Attacker",80,O13="Healer",90,O13="Magician",100,O13="Defender",110,O13="Supporter",120)} -> 110 | X13: Hp | Y13: 300 | Z13: Atk | AA13: 200 | AB13: Def | AC13: 20 | AD13: Penetration | AE13: 0 | AF13: Hit | AG13: 100 | AH13: Dodge | AI13: 100 | AJ13: CriRatio | AK13: 5000 | AL13: CriDmgRatio | AM13: 150000 | AN13: 1811041 | AO13: TRUE | AP13: 2811041 | AQ13: TRUE | AR13: 0 | AS13: FALSE | AT13: 0 | AU13: FALSE
A14: 20730202 | B14: 큐브-수 | C14: 207302 | D14: 0 | E14: character_name_20730202 | G14: Normal | H14: Normal | I14: 2 | J14: 1,1,1 | K14: TRUE | L14: 0,0,0 | M14: 2 | N14: Water | O14: Defender | P14: 200 | Q14: {=_xlfn.IFS($O14="Attacker",6,$O14="Healer",3,$O14="Magician",4,$O14="Defender",3,$O14="Supporter",4)} -> 3 | R14: {=_xlfn.IFS($O14="Attacker",6,$O14="Healer",3,$O14="Magician",4,$O14="Defender",3,$O14="Supporter",4)} -> 3 | S14: 1 | T14: 0 | U14: 0 | V14: Spd | W14: {=_xlfn.IFS(O14="Attacker",80,O14="Healer",90,O14="Magician",100,O14="Defender",110,O14="Supporter",120)} -> 110 | X14: Hp | Y14: 300 | Z14: Atk | AA14: 200 | AB14: Def | AC14: 20 | AD14: Penetration | AE14: 0 | AF14: Hit | AG14: 100 | AH14: Dodge | AI14: 100 | AJ14: CriRatio | AK14: 5000 | AL14: CriDmgRatio | AM14: 150000 | AN14: 1821041 | AO14: TRUE | AP14: 2821041 | AQ14: TRUE | AR14: 0 | AS14: FALSE | AT14: 0 | AU14: FALSE
A15: 20730302 | B15: 큐브-목 | C15: 207303 | D15: 0 | E15: character_name_20730302 | G15: Normal | H15: Normal | I15: 2 | J15: 1,1,1 | K15: TRUE | L15: 0,0,0 | M15: 2 | N15: Forest | O15: Defender | P15: 200 | Q15: {=_xlfn.IFS($O15="Attacker",6,$O15="Healer",3,$O15="Magician",4,$O15="Defender",3,$O15="Supporter",4)} -> 3 | R15: {=_xlfn.IFS($O15="Attacker",6,$O15="Healer",3,$O15="Magician",4,$O15="Defender",3,$O15="Supporter",4)} -> 3 | S15: 1 | T15: 0 | U15: 0 | V15: Spd | W15: {=_xlfn.IFS(O15="Attacker",80,O15="Healer",90,O15="Magician",100,O15="Defender",110,O15="Supporter",120)} -> 110 | X15: Hp | Y15: 300 | Z15: Atk | AA15: 200 | AB15: Def | AC15: 20 | AD15: Penetration | AE15: 0 | AF15: Hit | AG15: 100 | AH15: Dodge | AI15: 100 | AJ15: CriRatio | AK15: 5000 | AL15: CriDmgRatio | AM15: 150000 | AN15: 1831041 | AO15: TRUE | AP15: 2831041 | AQ15: TRUE | AR15: 0 | AS15: FALSE | AT15: 0 | AU15: FALSE
A16: 20730402 | B16: 큐브-광 | C16: 207304 | D16: 0 | E16: character_name_20730402 | G16: Normal | H16: Normal | I16: 2 | J16: 1,1,1 | K16: TRUE | L16: 0,0,0 | M16: 2 | N16: Light | O16: Defender | P16: 200 | Q16: {=_xlfn.IFS($O16="Attacker",6,$O16="Healer",3,$O16="Magician",4,$O16="Defender",3,$O16="Supporter",4)} -> 3 | R16: {=_xlfn.IFS($O16="Attacker",6,$O16="Healer",3,$O16="Magician",4,$O16="Defender",3,$O16="Supporter",4)} -> 3 | S16: 1 | T16: 0 | U16: 0 | V16: Spd | W16: {=_xlfn.IFS(O16="Attacker",80,O16="Healer",90,O16="Magician",100,O16="Defender",110,O16="Supporter",120)} -> 110 | X16: Hp | Y16: 300 | Z16: Atk | AA16: 200 | AB16: Def | AC16: 20 | AD16: Penetration | AE16: 0 | AF16: Hit | AG16: 100 | AH16: Dodge | AI16: 100 | AJ16: CriRatio | AK16: 5000 | AL16: CriDmgRatio | AM16: 150000 | AN16: 1841041 | AO16: TRUE | AP16: 2841041 | AQ16: TRUE | AR16: 0 | AS16: FALSE | AT16: 0 | AU16: FALSE
A17: 20730502 | B17: 큐브-암 | C17: 207305 | D17: 0 | E17: character_name_20730502 | G17: Normal | H17: Normal | I17: 2 | J17: 1,1,1 | K17: TRUE | L17: 0,0,0 | M17: 2 | N17: Dark | O17: Defender | P17: 200 | Q17: {=_xlfn.IFS($O17="Attacker",6,$O17="Healer",3,$O17="Magician",4,$O17="Defender",3,$O17="Supporter",4)} -> 3 | R17: {=_xlfn.IFS($O17="Attacker",6,$O17="Healer",3,$O17="Magician",4,$O17="Defender",3,$O17="Supporter",4)} -> 3 | S17: 1 | T17: 0 | U17: 0 | V17: Spd | W17: {=_xlfn.IFS(O17="Attacker",80,O17="Healer",90,O17="Magician",100,O17="Defender",110,O17="Supporter",120)} -> 110 | X17: Hp | Y17: 300 | Z17: Atk | AA17: 200 | AB17: Def | AC17: 20 | AD17: Penetration | AE17: 0 | AF17: Hit | AG17: 100 | AH17: Dodge | AI17: 100 | AJ17: CriRatio | AK17: 5000 | AL17: CriDmgRatio | AM17: 150000 | AN17: 1851041 | AO17: TRUE | AP17: 2851041 | AQ17: TRUE | AR17: 0 | AS17: FALSE | AT17: 0 | AU17: FALSE
A18: 20730103 | B18: 큐브-화 | C18: 207301 | D18: 0 | E18: character_name_20730103 | G18: Normal | H18: Normal | I18: 3 | J18: 1,1,1 | K18: TRUE | L18: 0,0,0 | M18: 2 | N18: Fire | O18: Defender | P18: 200 | Q18: {=_xlfn.IFS($O18="Attacker",6,$O18="Healer",3,$O18="Magician",4,$O18="Defender",3,$O18="Supporter",4)} -> 3 | R18: {=_xlfn.IFS($O18="Attacker",6,$O18="Healer",3,$O18="Magician",4,$O18="Defender",3,$O18="Supporter",4)} -> 3 | S18: 1 | T18: 0 | U18: 0 | V18: Spd | W18: {=_xlfn.IFS(O18="Attacker",80,O18="Healer",90,O18="Magician",100,O18="Defender",110,O18="Supporter",120)} -> 110 | X18: Hp | Y18: 36000 | Z18: Atk | AA18: 450 | AB18: Def | AC18: 0 | AD18: Penetration | AE18: 0 | AF18: Hit | AG18: 100 | AH18: Dodge | AI18: 80 | AJ18: CriRatio | AK18: 0 | AL18: CriDmgRatio | AM18: 150000 | AN18: 1811041 | AO18: TRUE | AP18: 2811041 | AQ18: TRUE | AR18: 0 | AS18: FALSE | AT18: 0 | AU18: FALSE
A19: 20730203 | B19: 큐브-수 | C19: 207302 | D19: 0 | E19: character_name_20730203 | G19: Normal | H19: Normal | I19: 3 | J19: 1,1,1 | K19: TRUE | L19: 0,0,0 | M19: 2 | N19: Water | O19: Defender | P19: 200 | Q19: {=_xlfn.IFS($O19="Attacker",6,$O19="Healer",3,$O19="Magician",4,$O19="Defender",3,$O19="Supporter",4)} -> 3 | R19: {=_xlfn.IFS($O19="Attacker",6,$O19="Healer",3,$O19="Magician",4,$O19="Defender",3,$O19="Supporter",4)} -> 3 | S19: 1 | T19: 0 | U19: 0 | V19: Spd | W19: {=_xlfn.IFS(O19="Attacker",80,O19="Healer",90,O19="Magician",100,O19="Defender",110,O19="Supporter",120)} -> 110 | X19: Hp | Y19: 36000 | Z19: Atk | AA19: 450 | AB19: Def | AC19: 0 | AD19: Penetration | AE19: 0 | AF19: Hit | AG19: 120 | AH19: Dodge | AI19: 80 | AJ19: CriRatio | AK19: 0 | AL19: CriDmgRatio | AM19: 150000 | AN19: 1821041 | AO19: TRUE | AP19: 2821041 | AQ19: TRUE | AR19: 0 | AS19: FALSE | AT19: 0 | AU19: FALSE
... A141: 11240102 | B141: 이브 | C141: 112411 | D141: 0 | E141: character_name_11240102 | G141: Normal | H141: Normal | I141: 2 | J141: 0.95,0.95,0.95 | K141: TRUE | L141: 0,0,0 | M141: 3 | N141: Water | O141: Attacker | P141: 200 | Q141: {=_xlfn.IFS($O141="Attacker",6,$O141="Healer",3,$O141="Magician",4,$O141="Defender",3,$O141="Supporter",4)} -> 6 | R141: {=_xlfn.IFS($O141="Attacker",6,$O141="Healer",3,$O141="Magician",4,$O141="Defender",3,$O141="Supporter",4)} -> 6 | S141: 1 | T141: 0 | U141: 0 | V141: Spd | W141: {=_xlfn.IFS(O141="Attacker",80,O141="Healer",90,O141="Magician",100,O141="Defender",110,O141="Supporter",120)} -> 80 | X141: Hp | Y141: 2142 | Z141: Atk | AA141: 221 | AB141: Def | AC141: 156 | AD141: Penetration | AE141: 156 | AF141: Hit | AG141: 100 | AH141: Dodge | AI141: 80 | AJ141: CriRatio | AK141: 5000 | AL141: CriDmgRatio | AM141: 150000 | AN141: 1321241 | AO141: TRUE | AP141: 2321241 | AQ141: TRUE | AR141: 3321241 | AS141: TRUE | AT141: 4321241 | AU141: TRUE
A142: 13360102 | B142: 판 | C142: 133611 | D142: 0 | E142: ="character_name_"&A142 -> character_name_13360102 | G142: Normal | H142: Normal | I142: 2 | J142: 0.95,0.95,0.95 | K142: TRUE | L142: 0,0,0 | M142: 3 | N142: Forest | O142: Supporter | P142: =100+M142 -> 103 | Q142: {=_xlfn.IFS($O142="Attacker",6,$O142="Healer",3,$O142="Magician",4,$O142="Defender",3,$O142="Supporter",4)} -> 4 | R142: {=_xlfn.IFS($O142="Attacker",6,$O142="Healer",3,$O142="Magician",4,$O142="Defender",3,$O142="Supporter",4)} -> 4 | S142: 1 | T142: 0 | U142: 0 | V142: Spd | W142: {=_xlfn.IFS(O142="Attacker",80,O142="Healer",90,O142="Magician",100,O142="Defender",110,O142="Supporter",120)} -> 120 | X142: Hp | Y142: =ROUND($Y$16*0.9, 0) -> 270 | Z142: Atk | AA142: 221 | AB142: Def | AC142: 156 | AD142: Penetration | AE142: =AC142 -> 156 | AF142: Hit | AG142: 100 | AH142: Dodge | AI142: 100 | AJ142: CriRatio | AK142: 5000 | AL142: CriDmgRatio | AM142: 150000 | AN142: 1535261 | AO142: TRUE | AP142: 2535261 | AQ142: TRUE | AR142: 3535261 | AS142: TRUE | AT142: 4535261 | AU142: TRUE
A143: 14450102 | B143: 카라라트리 | C143: 144511 | D143: 0 | E143: ="character_name_"&A143 -> character_name_14450102 | G143: Normal | H143: Normal | I143: 2 | J143: 0.95,0.95,0.95 | K143: TRUE | L143: 0,0,0 | M143: 3 | N143: Fire | O143: Attacker | P143: =100+M143 -> 103 | Q143: {=_xlfn.IFS($O143="Attacker",6,$O143="Healer",3,$O143="Magician",4,$O143="Defender",3,$O143="Supporter",4)} -> 6 | R143: {=_xlfn.IFS($O143="Attacker",6,$O143="Healer",3,$O143="Magician",4,$O143="Defender",3,$O143="Supporter",4)} -> 6 | S143: 1 | T143: 0 | U143: 0 | V143: Spd | W143: {=_xlfn.IFS(O143="Attacker",80,O143="Healer",90,O143="Magician",100,O143="Defender",110,O143="Supporter",120)} -> 80 | X143: Hp | Y143: =ROUND($Y$16*0.9, 0) -> 270 | Z143: Atk | AA143: 221 | AB143: Def | AC143: 156 | AD143: Penetration | AE143: =AC143 -> 156 | AF143: Hit | AG143: 100 | AH143: Dodge | AI143: 100 | AJ143: CriRatio | AK143: 5000 | AL143: CriDmgRatio | AM143: 150000 | AN143: 1513271 | AO143: TRUE | AP143: 2513271 | AQ143: TRUE | AR143: 3513271 | AS143: TRUE | AT143: 4513271 | AU143: TRUE
A144: 14610102 | B144: 아우로라 | C144: 146111 | D144: 0 | E144: ="character_name_"&A144 -> character_name_14610102 | G144: Normal | H144: Normal | I144: 2 | J144: 0.95,0.95,0.95 | K144: TRUE | L144: 0,0,0 | M144: 3 | N144: Forest | O144: Supporter | P144: =100+M144 -> 103 | Q144: {=_xlfn.IFS($O144="Attacker",6,$O144="Healer",3,$O144="Magician",4,$O144="Defender",3,$O144="Supporter",4)} -> 4 | R144: {=_xlfn.IFS($O144="Attacker",6,$O144="Healer",3,$O144="Magician",4,$O144="Defender",3,$O144="Supporter",4)} -> 4 | S144: 1 | T144: 0 | U144: 0 | V144: Spd | W144: {=_xlfn.IFS(O144="Attacker",80,O144="Healer",90,O144="Magician",100,O144="Defender",110,O144="Supporter",120)} -> 120 | X144: Hp | Y144: =ROUND($Y$16*0.9, 0) -> 270 | Z144: Atk | AA144: 221 | AB144: Def | AC144: 156 | AD144: Penetration | AE144: =AC144 -> 156 | AF144: Hit | AG144: 100 | AH144: Dodge | AI144: 100 | AJ144: CriRatio | AK144: 5000 | AL144: CriDmgRatio | AM144: 150000 | AN144: 1534281 | AO144: TRUE | AP144: 2534281 | AQ144: TRUE | AR144: 3534281 | AS144: TRUE | AT144: 4534281 | AU144: TRUE
A145: 12830102 | B145: 모건 | C145: 128311 | D145: 0 | E145: ="character_name_"&A145 -> character_name_12830102 | G145: Normal | H145: Normal | I145: 2 | J145: 0.95,0.95,0.95 | K145: TRUE | L145: 0,0,0 | M145: 3 | N145: Forest | O145: Supporter | P145: =100+M145 -> 103 | Q145: {=_xlfn.IFS($O145="Attacker",6,$O145="Healer",3,$O145="Magician",4,$O145="Defender",3,$O145="Supporter",4)} -> 4 | R145: {=_xlfn.IFS($O145="Attacker",6,$O145="Healer",3,$O145="Magician",4,$O145="Defender",3,$O145="Supporter",4)} -> 4 | S145: 1 | T145: 0 | U145: 0 | V145: Spd | W145: {=_xlfn.IFS(O145="Attacker",80,O145="Healer",90,O145="Magician",100,O145="Defender",110,O145="Supporter",120)} -> 120 | X145: Hp | Y145: =ROUND($Y$16*0.9, 0) -> 270 | Z145: Atk | AA145: 221 | AB145: Def | AC145: 156 | AD145: Penetration | AE145: =AC145 -> 156 | AF145: Hit | AG145: 100 | AH145: Dodge | AI145: 100 | AJ145: CriRatio | AK145: 5000 | AL145: CriDmgRatio | AM145: 150000 | AN145: 1534281 | AO145: TRUE | AP145: 2534281 | AQ145: TRUE | AR145: 3534281 | AS145: TRUE | AT145: 4534281 | AU145: TRUE
A146: 14000102 | B146: 반시 | C146: 140011 | D146: 0 | E146: ="character_name_"&A146 -> character_name_14000102 | G146: Normal | H146: Normal | I146: 2 | J146: 0.95,0.95,0.95 | K146: TRUE | L146: 0,0,0 | M146: 3 | N146: Forest | O146: Supporter | P146: =100+M146 -> 103 | Q146: {=_xlfn.IFS($O146="Attacker",6,$O146="Healer",3,$O146="Magician",4,$O146="Defender",3,$O146="Supporter",4)} -> 4 | R146: {=_xlfn.IFS($O146="Attacker",6,$O146="Healer",3,$O146="Magician",4,$O146="Defender",3,$O146="Supporter",4)} -> 4 | S146: 1 | T146: 0 | U146: 0 | V146: Spd | W146: {=_xlfn.IFS(O146="Attacker",80,O146="Healer",90,O146="Magician",100,O146="Defender",110,O146="Supporter",120)} -> 120 | X146: Hp | Y146: =ROUND($Y$16*0.9, 0) -> 270 | Z146: Atk | AA146: 221 | AB146: Def | AC146: 156 | AD146: Penetration | AE146: =AC146 -> 156 | AF146: Hit | AG146: 100 | AH146: Dodge | AI146: 100 | AJ146: CriRatio | AK146: 5000 | AL146: CriDmgRatio | AM146: 150000 | AN146: 1534281 | AO146: TRUE | AP146: 2534281 | AQ146: TRUE | AR146: 3534281 | AS146: TRUE | AT146: 4534281 | AU146: TRUE
A147: 14470102 | B147: 미리암 | C147: 144711 | D147: 0 | E147: ="character_name_"&A147 -> character_name_14470102 | G147: Normal | H147: Normal | I147: 2 | J147: 0.95,0.95,0.95 | K147: TRUE | L147: 0,0,0 | M147: 3 | N147: Forest | O147: Supporter | P147: =100+M147 -> 103 | Q147: {=_xlfn.IFS($O147="Attacker",6,$O147="Healer",3,$O147="Magician",4,$O147="Defender",3,$O147="Supporter",4)} -> 4 | R147: {=_xlfn.IFS($O147="Attacker",6,$O147="Healer",3,$O147="Magician",4,$O147="Defender",3,$O147="Supporter",4)} -> 4 | S147: 1 | T147: 0 | U147: 0 | V147: Spd | W147: {=_xlfn.IFS(O147="Attacker",80,O147="Healer",90,O147="Magician",100,O147="Defender",110,O147="Supporter",120)} -> 120 | X147: Hp | Y147: =ROUND($Y$16*0.9, 0) -> 270 | Z147: Atk | AA147: 221 | AB147: Def | AC147: 156 | AD147: Penetration | AE147: =AC147 -> 156 | AF147: Hit | AG147: 100 | AH147: Dodge | AI147: 100 | AJ147: CriRatio | AK147: 5000 | AL147: CriDmgRatio | AM147: 150000 | AN147: 1534281 | AO147: TRUE | AP147: 2534281 | AQ147: TRUE | AR147: 3534281 | AS147: TRUE | AT147: 4534281 | AU147: TRUE
A148: 14620102 | B148: 데레사 | C148: 146211 | D148: 0 | E148: ="character_name_"&A148 -> character_name_14620102 | G148: Normal | H148: Normal | I148: 2 | J148: 0.95,0.95,0.95 | K148: TRUE | L148: 0,0,0 | M148: 3 | N148: Forest | O148: Supporter | P148: =100+M148 -> 103 | Q148: {=_xlfn.IFS($O148="Attacker",6,$O148="Healer",3,$O148="Magician",4,$O148="Defender",3,$O148="Supporter",4)} -> 4 | R148: {=_xlfn.IFS($O148="Attacker",6,$O148="Healer",3,$O148="Magician",4,$O148="Defender",3,$O148="Supporter",4)} -> 4 | S148: 1 | T148: 0 | U148: 0 | V148: Spd | W148: {=_xlfn.IFS(O148="Attacker",80,O148="Healer",90,O148="Magician",100,O148="Defender",110,O148="Supporter",120)} -> 120 | X148: Hp | Y148: =ROUND($Y$16*0.9, 0) -> 270 | Z148: Atk | AA148: 221 | AB148: Def | AC148: 156 | AD148: Penetration | AE148: =AC148 -> 156 | AF148: Hit | AG148: 100 | AH148: Dodge | AI148: 100 | AJ148: CriRatio | AK148: 5000 | AL148: CriDmgRatio | AM148: 150000 | AN148: 1534281 | AO148: TRUE | AP148: 2534281 | AQ148: TRUE | AR148: 3534281 | AS148: TRUE | AT148: 4534281 | AU148: TRUE
A149: 12810102 | B149: 티스베 | C149: 128101 | D149: 0 | E149: ="character_name_"&A149 -> character_name_12810102 | G149: Normal | H149: Normal | I149: 2 | J149: 0.95,0.95,0.95 | K149: TRUE | L149: 0,0,0 | M149: 3 | N149: Water | O149: Supporter | P149: =100+M149 -> 103 | Q149: {=_xlfn.IFS($O149="Attacker",6,$O149="Healer",3,$O149="Magician",4,$O149="Defender",3,$O149="Supporter",4)} -> 4 | R149: {=_xlfn.IFS($O149="Attacker",6,$O149="Healer",3,$O149="Magician",4,$O149="Defender",3,$O149="Supporter",4)} -> 4 | S149: 1 | T149: 0 | U149: 0 | V149: Spd | W149: {=_xlfn.IFS(O149="Attacker",80,O149="Healer",90,O149="Magician",100,O149="Defender",110,O149="Supporter",120)} -> 120 | X149: Hp | Y149: =ROUND($Y$16*0.9, 0) -> 270 | Z149: Atk | AA149: 221 | AB149: Def | AC149: 156 | AD149: Penetration | AE149: =AC149 -> 156 | AF149: Hit | AG149: 100 | AH149: Dodge | AI149: 100 | AJ149: CriRatio | AK149: 5000 | AL149: CriDmgRatio | AM149: 150000 | AN149: 1534281 | AO149: TRUE | AP149: 2534281 | AQ149: TRUE | AR149: 3534281 | AS149: TRUE | AT149: 4534281 | AU149: TRUE
A150: 15140102 | B150: 두엣샤 | C150: 151401 | D150: 0 | E150: ="character_name_"&A150 -> character_name_15140102 | G150: Normal | H150: Normal | I150: 2 | J150: 0.95,0.95,0.95 | K150: TRUE | L150: 0,0,0 | M150: 2 | N150: Dark | O150: Attacker | P150: =100+M150 -> 102 | Q150: {=_xlfn.IFS($O150="Attacker",6,$O150="Healer",3,$O150="Magician",4,$O150="Defender",3,$O150="Supporter",4)} -> 6 | R150: {=_xlfn.IFS($O150="Attacker",6,$O150="Healer",3,$O150="Magician",4,$O150="Defender",3,$O150="Supporter",4)} -> 6 | S150: 1 | T150: 0 | U150: 0 | V150: Spd | W150: {=_xlfn.IFS(O150="Attacker",80,O150="Healer",90,O150="Magician",100,O150="Defender",110,O150="Supporter",120)} -> 80 | X150: Hp | Y150: =ROUND($Y$16*0.9, 0) -> 270 | Z150: Atk | AA150: 221 | AB150: Def | AC150: 156 | AD150: Penetration | AE150: =AC150 -> 156 | AF150: Hit | AG150: 100 | AH150: Dodge | AI150: 100 | AJ150: CriRatio | AK150: 5000 | AL150: CriDmgRatio | AM150: 150000 | AN150: 1534281 | AO150: TRUE | AP150: 2534281 | AQ150: TRUE | AR150: 3534281 | AS150: TRUE | AT150: 4534281 | AU150: TRUE
A151: 29010199 | B151: 크리스탈 | C151: 290101 | D151: 0 | E151: character_name_29010199 | G151: Boss | H151: Normal | I151: 99 | J151: 1.5,1.5,1.5 | K151: FALSE | L151: 0,0,0 | M151: 2 | N151: Fire | O151: Defender | P151: 201 | Q151: {=_xlfn.IFS($O151="Attacker",6,$O151="Healer",3,$O151="Magician",4,$O151="Defender",3,$O151="Supporter",4)} -> 3 | R151: {=_xlfn.IFS($O151="Attacker",6,$O151="Healer",3,$O151="Magician",4,$O151="Defender",3,$O151="Supporter",4)} -> 3 | S151: 1 | T151: 0 | U151: 0 | V151: Spd | W151: {=_xlfn.IFS(O151="Attacker",80,O151="Healer",90,O151="Magician",100,O151="Defender",110,O151="Supporter",120)} -> 110 | X151: Hp | Y151: 1 | Z151: Atk | AA151: 2500 | AB151: Def | AC151: 25000 | AD151: Penetration | AE151: 0 | AF151: Hit | AG151: 100 | AH151: Dodge | AI151: 80 | AJ151: CriRatio | AK151: 5000 | AL151: CriDmgRatio | AM151: 150000 | AN151: 0 | AO151: FALSE | AP151: 2966011 | AQ151: TRUE | AR151: 0 | AS151: FALSE | AT151: 4966011 | AU151: TRUE
A152: 20400101 | B152: 체인킬러 | C152: 204001 | D152: 0 | E152: character_name_20400101 | G152: Boss | H152: Normal | I152: 1 | J152: 1,1,1 | K152: FALSE | L152: 0,0,0 | M152: 2 | N152: Fire | O152: Defender | P152: 200 | Q152: {=_xlfn.IFS($O152="Attacker",6,$O152="Healer",3,$O152="Magician",4,$O152="Defender",3,$O152="Supporter",4)} -> 3 | R152: {=_xlfn.IFS($O152="Attacker",6,$O152="Healer",3,$O152="Magician",4,$O152="Defender",3,$O152="Supporter",4)} -> 3 | S152: 1 | T152: 0 | U152: 0 | V152: Spd | W152: {=_xlfn.IFS(O152="Attacker",80,O152="Healer",90,O152="Magician",100,O152="Defender",110,O152="Supporter",120)} -> 110 | X152: Hp | Y152: 7500 | Z152: Atk | AA152: 700 | AB152: Def | AC152: 0 | AD152: Penetration | AE152: 0 | AF152: Hit | AG152: 100 | AH152: Dodge | AI152: 100 | AJ152: CriRatio | AK152: 5000 | AL152: CriDmgRatio | AM152: 150000 | AN152: 1942021 | AO152: TRUE | AP152: 0 | AQ152: FALSE | AR152: 3942021 | AS152: TRUE | AT152: 0 | AU152: FALSE
A153: 20540101 | B153: 고모라 | C153: 205401 | D153: 0 | E153: character_name_20540101 | G153: Boss | H153: Normal | I153: 1 | J153: 1,1,1 | K153: FALSE | L153: 0,0,0 | M153: 2 | N153: Fire | O153: Defender | P153: 200 | Q153: {=_xlfn.IFS($O153="Attacker",6,$O153="Healer",3,$O153="Magician",4,$O153="Defender",3,$O153="Supporter",4)} -> 3 | R153: {=_xlfn.IFS($O153="Attacker",6,$O153="Healer",3,$O153="Magician",4,$O153="Defender",3,$O153="Supporter",4)} -> 3 | S153: 1 | T153: 0 | U153: 0 | V153: Spd | W153: {=_xlfn.IFS(O153="Attacker",80,O153="Healer",90,O153="Magician",100,O153="Defender",110,O153="Supporter",120)} -> 110 | X153: Hp | Y153: 7500 | Z153: Atk | AA153: 700 | AB153: Def | AC153: 0 | AD153: Penetration | AE153: 0 | AF153: Hit | AG153: 100 | AH153: Dodge | AI153: 100 | AJ153: CriRatio | AK153: 5000 | AL153: CriDmgRatio | AM153: 150000 | AN153: 1942051 | AO153: TRUE | AP153: 2942051 | AQ153: TRUE | AR153: 3942051 | AS153: TRUE | AT153: 0 | AU153: FALSE
A154: 20380101 | B154: 디아블로 | C154: 203801 | D154: 0 | E154: character_name_20380101 | G154: Boss | H154: Normal | I154: 1 | J154: 1,1,1 | K154: FALSE | L154: 0,0,0 | M154: 2 | N154: Light | O154: Defender | P154: 200 | Q154: {=_xlfn.IFS($O154="Attacker",6,$O154="Healer",3,$O154="Magician",4,$O154="Defender",3,$O154="Supporter",4)} -> 3 | R154: {=_xlfn.IFS($O154="Attacker",6,$O154="Healer",3,$O154="Magician",4,$O154="Defender",3,$O154="Supporter",4)} -> 3 | S154: 1 | T154: 0 | U154: 0 | V154: Spd | W154: {=_xlfn.IFS(O154="Attacker",80,O154="Healer",90,O154="Magician",100,O154="Defender",110,O154="Supporter",120)} -> 110 | X154: Hp | Y154: 7500 | Z154: Atk | AA154: 700 | AB154: Def | AC154: 0 | AD154: Penetration | AE154: 0 | AF154: Hit | AG154: 100 | AH154: Dodge | AI154: 100 | AJ154: CriRatio | AK154: 5000 | AL154: CriDmgRatio | AM154: 150000 | AN154: 1942011 | AO154: TRUE | AP154: 0 | AQ154: FALSE | AR154: 3942011 | AS154: TRUE | AT154: 0 | AU154: FALSE
A155: 20510101 | B155: 하데스 | C155: 205101 | D155: 0 | E155: character_name_20510101 | G155: Boss | H155: Normal | I155: 1 | J155: 1,1,1 | K155: FALSE | L155: 0,0,0 | M155: 2 | N155: Fire | O155: Defender | P155: 200 | Q155: {=_xlfn.IFS($O155="Attacker",6,$O155="Healer",3,$O155="Magician",4,$O155="Defender",3,$O155="Supporter",4)} -> 3 | R155: {=_xlfn.IFS($O155="Attacker",6,$O155="Healer",3,$O155="Magician",4,$O155="Defender",3,$O155="Supporter",4)} -> 3 | S155: 1 | T155: 0 | U155: 0 | V155: Spd | W155: {=_xlfn.IFS(O155="Attacker",80,O155="Healer",90,O155="Magician",100,O155="Defender",110,O155="Supporter",120)} -> 110 | X155: Hp | Y155: 7500 | Z155: Atk | AA155: 700 | AB155: Def | AC155: 0 | AD155: Penetration | AE155: 0 | AF155: Hit | AG155: 100 | AH155: Dodge | AI155: 100 | AJ155: CriRatio | AK155: 5000 | AL155: CriDmgRatio | AM155: 150000 | AN155: 1942031 | AO155: TRUE | AP155: 0 | AQ155: FALSE | AR155: 3942031 | AS155: TRUE | AT155: 0 | AU155: FALSE
A156: 12240101 | B156: 로키 | C156: 122401 | D156: 0 | E156: character_name_12240101 | G156: Boss | H156: Normal | I156: 1 | J156: 1,1,1 | K156: FALSE | L156: 0,0,0 | M156: 2 | N156: Dark | O156: Magician | P156: 200 | Q156: {=_xlfn.IFS($O156="Attacker",6,$O156="Healer",3,$O156="Magician",4,$O156="Defender",3,$O156="Supporter",4)} -> 4 | R156: {=_xlfn.IFS($O156="Attacker",6,$O156="Healer",3,$O156="Magician",4,$O156="Defender",3,$O156="Supporter",4)} -> 4 | S156: 1 | T156: 0 | U156: 0 | V156: Spd | W156: {=_xlfn.IFS(O156="Attacker",80,O156="Healer",90,O156="Magician",100,O156="Defender",110,O156="Supporter",120)} -> 100 | X156: Hp | Y156: 7500 | Z156: Atk | AA156: 700 | AB156: Def | AC156: 0 | AD156: Penetration | AE156: 0 | AF156: Hit | AG156: 100 | AH156: Dodge | AI156: 100 | AJ156: CriRatio | AK156: 5000 | AL156: CriDmgRatio | AM156: 150000 | AN156: 1942041 | AO156: TRUE | AP156: 0 | AQ156: FALSE | AR156: 3942041 | AS156: TRUE | AT156: 0 | AU156: FALSE
A157: 20400102 | B157: 체인킬러 | C157: 204001 | D157: 0 | E157: character_name_20400102 | G157: Boss | H157: Normal | I157: 2 | J157: 1,1,1 | K157: FALSE | L157: 0,0,0 | M157: 2 | N157: Fire | O157: Defender | P157: 200 | Q157: {=_xlfn.IFS($O157="Attacker",6,$O157="Healer",3,$O157="Magician",4,$O157="Defender",3,$O157="Supporter",4)} -> 3 | R157: {=_xlfn.IFS($O157="Attacker",6,$O157="Healer",3,$O157="Magician",4,$O157="Defender",3,$O157="Supporter",4)} -> 3 | S157: 1 | T157: 0 | U157: 0 | V157: Spd | W157: {=_xlfn.IFS(O157="Attacker",80,O157="Healer",90,O157="Magician",100,O157="Defender",110,O157="Supporter",120)} -> 110 | X157: Hp | Y157: 7500 | Z157: Atk | AA157: 700 | AB157: Def | AC157: 20 | AD157: Penetration | AE157: 0 | AF157: Hit | AG157: 100 | AH157: Dodge | AI157: 100 | AJ157: CriRatio | AK157: 5000 | AL157: CriDmgRatio | AM157: 150000 | AN157: 1942021 | AO157: TRUE | AP157: 0 | AQ157: FALSE | AR157: 3942021 | AS157: TRUE | AT157: 0 | AU157: FALSE
A158: 20540102 | B158: 고모라 | C158: 205401 | D158: 0 | E158: character_name_20540102 | G158: Boss | H158: Normal | I158: 2 | J158: 1,1,1 | K158: FALSE | L158: 0,0,0 | M158: 2 | N158: Light | O158: Defender | P158: 200 | Q158: {=_xlfn.IFS($O158="Attacker",6,$O158="Healer",3,$O158="Magician",4,$O158="Defender",3,$O158="Supporter",4)} -> 3 | R158: {=_xlfn.IFS($O158="Attacker",6,$O158="Healer",3,$O158="Magician",4,$O158="Defender",3,$O158="Supporter",4)} -> 3 | S158: 1 | T158: 0 | U158: 0 | V158: Spd | W158: {=_xlfn.IFS(O158="Attacker",80,O158="Healer",90,O158="Magician",100,O158="Defender",110,O158="Supporter",120)} -> 110 | X158: Hp | Y158: 7500 | Z158: Atk | AA158: 700 | AB158: Def | AC158: 20 | AD158: Penetration | AE158: 0 | AF158: Hit | AG158: 100 | AH158: Dodge | AI158: 100 | AJ158: CriRatio | AK158: 5000 | AL158: CriDmgRatio | AM158: 150000 | AN158: 1942051 | AO158: TRUE | AP158: 2942051 | AQ158: TRUE | AR158: 3942051 | AS158: TRUE | AT158: 0 | AU158: FALSE
A159: 20380102 | B159: 디아블로 | C159: 203801 | D159: 0 | E159: character_name_20380102 | G159: Boss | H159: Normal | I159: 2 | J159: 1,1,1 | K159: FALSE | L159: 0,0,0 | M159: 2 | N159: Light | O159: Defender | P159: 200 | Q159: {=_xlfn.IFS($O159="Attacker",6,$O159="Healer",3,$O159="Magician",4,$O159="Defender",3,$O159="Supporter",4)} -> 3 | R159: {=_xlfn.IFS($O159="Attacker",6,$O159="Healer",3,$O159="Magician",4,$O159="Defender",3,$O159="Supporter",4)} -> 3 | S159: 1 | T159: 0 | U159: 0 | V159: Spd | W159: {=_xlfn.IFS(O159="Attacker",80,O159="Healer",90,O159="Magician",100,O159="Defender",110,O159="Supporter",120)} -> 110 | X159: Hp | Y159: 7500 | Z159: Atk | AA159: 700 | AB159: Def | AC159: 20 | AD159: Penetration | AE159: 0 | AF159: Hit | AG159: 100 | AH159: Dodge | AI159: 100 | AJ159: CriRatio | AK159: 5000 | AL159: CriDmgRatio | AM159: 150000 | AN159: 1942011 | AO159: TRUE | AP159: 0 | AQ159: FALSE | AR159: 3942011 | AS159: TRUE | AT159: 0 | AU159: FALSE
A160: 20510102 | B160: 하데스 | C160: 205101 | D160: 0 | E160: character_name_20510102 | G160: Boss | H160: Normal | I160: 2 | J160: 1,1,1 | K160: FALSE | L160: 0,0,0 | M160: 2 | N160: Fire | O160: Defender | P160: 200 | Q160: {=_xlfn.IFS($O160="Attacker",6,$O160="Healer",3,$O160="Magician",4,$O160="Defender",3,$O160="Supporter",4)} -> 3 | R160: {=_xlfn.IFS($O160="Attacker",6,$O160="Healer",3,$O160="Magician",4,$O160="Defender",3,$O160="Supporter",4)} -> 3 | S160: 1 | T160: 0 | U160: 0 | V160: Spd | W160: {=_xlfn.IFS(O160="Attacker",80,O160="Healer",90,O160="Magician",100,O160="Defender",110,O160="Supporter",120)} -> 110 | X160: Hp | Y160: 7500 | Z160: Atk | AA160: 700 | AB160: Def | AC160: 20 | AD160: Penetration | AE160: 0 | AF160: Hit | AG160: 100 | AH160: Dodge | AI160: 100 | AJ160: CriRatio | AK160: 5000 | AL160: CriDmgRatio | AM160: 150000 | AN160: 1942031 | AO160: TRUE | AP160: 0 | AQ160: FALSE | AR160: 3942031 | AS160: TRUE | AT160: 0 | AU160: FALSE
A161: 12240102 | B161: 로키 | C161: 122401 | D161: 0 | E161: character_name_12240102 | G161: Boss | H161: Normal | I161: 2 | J161: 1,1,1 | K161: FALSE | L161: 0,0,0 | M161: 2 | N161: Dark | O161: Magician | P161: 200 | Q161: {=_xlfn.IFS($O161="Attacker",6,$O161="Healer",3,$O161="Magician",4,$O161="Defender",3,$O161="Supporter",4)} -> 4 | R161: {=_xlfn.IFS($O161="Attacker",6,$O161="Healer",3,$O161="Magician",4,$O161="Defender",3,$O161="Supporter",4)} -> 4 | S161: 1 | T161: 0 | U161: 0 | V161: Spd | W161: {=_xlfn.IFS(O161="Attacker",80,O161="Healer",90,O161="Magician",100,O161="Defender",110,O161="Supporter",120)} -> 100 | X161: Hp | Y161: 7500 | Z161: Atk | AA161: 700 | AB161: Def | AC161: 20 | AD161: Penetration | AE161: 0 | AF161: Hit | AG161: 100 | AH161: Dodge | AI161: 100 | AJ161: CriRatio | AK161: 5000 | AL161: CriDmgRatio | AM161: 150000 | AN161: 1942041 | AO161: TRUE | AP161: 0 | AQ161: FALSE | AR161: 3942041 | AS161: TRUE | AT161: 0 | AU161: FALSE
A162: 20380103 | B162: 디아블로 | C162: 203801 | D162: 0 | E162: character_name_20380103 | G162: Boss | H162: Normal | I162: 3 | J162: 1,1,1 | K162: FALSE | L162: 0,0,0 | M162: 2 | N162: Light | O162: Defender | P162: 200 | Q162: {=_xlfn.IFS($O162="Attacker",6,$O162="Healer",3,$O162="Magician",4,$O162="Defender",3,$O162="Supporter",4)} -> 3 | R162: {=_xlfn.IFS($O162="Attacker",6,$O162="Healer",3,$O162="Magician",4,$O162="Defender",3,$O162="Supporter",4)} -> 3 | S162: 1 | T162: 0 | U162: 0 | V162: Spd | W162: {=_xlfn.IFS(O162="Attacker",80,O162="Healer",90,O162="Magician",100,O162="Defender",110,O162="Supporter",120)} -> 110 | X162: Hp | Y162: 20000 | Z162: Atk | AA162: 1125 | AB162: Def | AC162: 0 | AD162: Penetration | AE162: 0 | AF162: Hit | AG162: 100 | AH162: Dodge | AI162: 80 | AJ162: CriRatio | AK162: 5000 | AL162: CriDmgRatio | AM162: 150000 | AN162: 1942011 | AO162: TRUE | AP162: 0 | AQ162: FALSE | AR162: 3942011 | AS162: TRUE | AT162: 0 | AU162: FALSE
... A176: 12240105 | B176: 로키 | C176: 122401 | D176: 0 | E176: character_name_12240105 | G176: Boss | H176: Normal | I176: 5 | J176: 1,1,1 | K176: FALSE | L176: 0,0,0 | M176: 2 | N176: Dark | O176: Magician | P176: 200 | Q176: {=_xlfn.IFS($O176="Attacker",6,$O176="Healer",3,$O176="Magician",4,$O176="Defender",3,$O176="Supporter",4)} -> 4 | R176: {=_xlfn.IFS($O176="Attacker",6,$O176="Healer",3,$O176="Magician",4,$O176="Defender",3,$O176="Supporter",4)} -> 4 | S176: 1 | T176: 0 | U176: 0 | V176: Spd | W176: {=_xlfn.IFS(O176="Attacker",80,O176="Healer",90,O176="Magician",100,O176="Defender",110,O176="Supporter",120)} -> 100 | X176: Hp | Y176: 80000 | Z176: Atk | AA176: 2530 | AB176: Def | AC176: 0 | AD176: Penetration | AE176: 0 | AF176: Hit | AG176: 100 | AH176: Dodge | AI176: 80 | AJ176: CriRatio | AK176: 5000 | AL176: CriDmgRatio | AM176: 150000 | AN176: 1942041 | AO176: TRUE | AP176: 0 | AQ176: FALSE | AR176: 3942041 | AS176: TRUE | AT176: 0 | AU176: FALSE

Sheet Skin
A1: Id | B1: #Vid | C1: #SkinNumber | D1: #Skeleton | E1: ChildId | F1: #ChildName | G1: #SkinType | H1: #SkinName | I1: #SkinDesc | J1: SkinPrefix | K1: SkinName | L1: SkinDesc | M1: SkinCV | N1: Icon | O1: IconAtlas | P1: Portrait | Q1: PortraitAtlas | R1: Promotion | S1: PromotionAtlas | T1: Skeleton | U1: Skin | V1: IllustName | W1: SkillType | X1: Timeline | Y1: SkillType | Z1: Timeline | AA1: SkillType | AB1: Timeline | AC1: SkillType | AD1: Timeline
G2: Enum.SkinType
A4: =INT(TEXT(IF(LEFT(B4,1)="c",1,2)&MID(B4,2,3),"000")&TEXT(C4,"00")) -> 100001 | B4: c000 | C4: 1 | D4: a | E4: 0 | F4: Devil | G4: Base | H4: 주인공 | J4: =$B4&"_"&TEXT($C4,"00")&"_F" -> c000_01_F | K4: =$B4&"_"&TEXT($C4,"00")&"_L" -> c000_01_L | L4: =LEFT(J4, 7)&"_Desc" -> c000_01_Desc | M4: =$B4&"_"&TEXT($C4,"00")&"_CV" -> c000_01_CV | N4: =LEFT(J4, 7)&"_ci_F" -> c000_01_ci_F | O4: CharacterIcon | T4: =B4&"_"&D4&"_SkeletonData.asset" -> c000_a_SkeletonData.asset | U4: =B4&"_"&TEXT(C4,"00")&"_"&D4 -> c000_01_a | V4: ="Naninovel/Characters/"&B4&"_"&TEXT(C4,"00")&"" -> Naninovel/Characters/c000_01 | W4: Normal | X4: 0 | Y4: Active | Z4: 0 | AA4: Ultimate | AB4: 0 | AC4: Passive | AD4: 0
A5: =INT(TEXT(IF(LEFT(B5,1)="c",1,2)&MID(B5,2,3),"000")&TEXT(C5,"00")) -> 135401 | B5: c354 | C5: 1 | D5: a | E5: =_xlfn.XLOOKUP(A5,'Detail<Child>'!C:C,'Detail<Child>'!A:A) -> 10000354 | F5: Demeter | G5: Base | H5: 허세의 드미테르 | J5: c010_01_F | K5: c010_01_L | L5: c354_01_Desc | M5: =$B5&"_"&TEXT($C5,"00")&"_CV" -> c354_01_CV | N5: c354_01_ci_F | O5: CharacterIcon | P5: c010_01_p | Q5: CharacterPortrait | R5: ="Promotion_"&P5 -> Promotion_c010_01_p | S5: CharacterPromotion | T5: =B5&"_"&D5&"_SkeletonData.asset" -> c354_a_SkeletonData.asset | U5: =B5&"_"&TEXT(C5,"00")&"_"&D5 -> c354_01_a | V5: ="Naninovel/Characters/"&B5&"_"&TEXT(C5,"00")&"" -> Naninovel/Characters/c354_01 | W5: Normal | X5: 1513011 | Y5: Active | Z5: 2513011 | AA5: Ultimate | AB5: 3513011 | AC5: Passive | AD5: 4513011
A6: =INT(TEXT(IF(LEFT(B6,1)="c",1,2)&MID(B6,2,3),"000")&TEXT(C6,"00")) -> 129601 | B6: c296 | C6: 1 | D6: a | E6: =_xlfn.XLOOKUP(A6,'Detail<Child>'!C:C,'Detail<Child>'!A:A) -> 10000296 | F6: Hildr | G6: Base | H6: 건슬링거 힐드 | J6: =$B6&"_"&TEXT($C6,"00")&"_F" -> c296_01_F | K6: =$B6&"_"&TEXT($C6,"00")&"_L" -> c296_01_L | L6: =LEFT(J6, 7)&"_Desc" -> c296_01_Desc | M6: =$B6&"_"&TEXT($C6,"00")&"_CV" -> c296_01_CV | N6: =LEFT(J6, 7)&"_ci_F" -> c296_01_ci_F | O6: CharacterIcon | P6: =B6&"_"&TEXT(C6,"00")&"_p" -> c296_01_p | Q6: CharacterPortrait | R6: ="Promotion_"&P6 -> Promotion_c296_01_p | S6: CharacterPromotion | T6: =B6&"_"&D6&"_SkeletonData.asset" -> c296_a_SkeletonData.asset | U6: =B6&"_"&TEXT(C6,"00")&"_"&D6 -> c296_01_a | V6: ="Naninovel/Characters/"&B6&"_"&TEXT(C6,"00")&"" -> Naninovel/Characters/c296_01 | W6: Normal | X6: 1541021 | Y6: Active | Z6: 2541021 | AA6: Ultimate | AB6: 3541021 | AC6: Passive | AD6: 4541021
A7: =INT(TEXT(IF(LEFT(B7,1)="c",1,2)&MID(B7,2,3),"000")&TEXT(C7,"00")) -> 100301 | B7: c003 | C7: 1 | D7: a | E7: =_xlfn.XLOOKUP(A7,'Detail<Child>'!C:C,'Detail<Child>'!A:A) -> 10000003 | F7: Davi | G7: Base | H7: 다비 | J7: =$B7&"_"&TEXT($C7,"00")&"_F" -> c003_01_F | K7: =$B7&"_"&TEXT($C7,"00")&"_L" -> c003_01_L | L7: =LEFT(J7, 7)&"_Desc" -> c003_01_Desc | M7: =$B7&"_"&TEXT($C7,"00")&"_CV" -> c003_01_CV | N7: =LEFT(J7, 7)&"_ci_F" -> c003_01_ci_F | O7: CharacterIcon | P7: =B7&"_"&TEXT(C7,"00")&"_p" -> c003_01_p | Q7: CharacterPortrait | R7: ="Promotion_"&P7 -> Promotion_c003_01_p | S7: CharacterPromotion | T7: =B7&"_"&D7&"_SkeletonData.asset" -> c003_a_SkeletonData.asset | U7: =B7&"_"&TEXT(C7,"00")&"_"&D7 -> c003_01_a | V7: ="Naninovel/Characters/"&B7&"_"&TEXT(C7,"00")&"" -> Naninovel/Characters/c003_01 | W7: Normal | X7: 1511031 | Y7: Active | Z7: 2511031 | AA7: Ultimate | AB7: 3511031 | AC7: Passive | AD7: 4511031
A8: =INT(TEXT(IF(LEFT(B8,1)="c",1,2)&MID(B8,2,3),"000")&TEXT(C8,"00")) -> 146401 | B8: c464 | C8: 1 | D8: a | E8: =_xlfn.XLOOKUP(A8,'Detail<Child>'!C:C,'Detail<Child>'!A:A) -> 10000464 | F8: Arhat | G8: Base | H8: 장엄 아라한 | J8: =$B8&"_"&TEXT($C8,"00")&"_F" -> c464_01_F | K8: =$B8&"_"&TEXT($C8,"00")&"_L" -> c464_01_L | L8: =LEFT(J8, 7)&"_Desc" -> c464_01_Desc | M8: =$B8&"_"&TEXT($C8,"00")&"_CV" -> c464_01_CV | N8: =LEFT(J8, 7)&"_ci_F" -> c464_01_ci_F | O8: CharacterIcon | P8: c464_02_p | Q8: CharacterPortrait | R8: ="Promotion_"&P8 -> Promotion_c464_02_p | S8: CharacterPromotion | T8: =B8&"_"&D8&"_SkeletonData.asset" -> c464_a_SkeletonData.asset | U8: =B8&"_"&TEXT(C8,"00")&"_"&D8 -> c464_01_a | V8: ="Naninovel/Characters/"&B8&"_"&TEXT(C8,"00")&"" -> Naninovel/Characters/c464_01 | W8: Normal | X8: 1524041 | Y8: Active | Z8: 2524041 | AA8: Ultimate | AB8: 3524041 | AC8: Passive | AD8: 4524041
A9: =INT(TEXT(IF(LEFT(B9,1)="c",1,2)&MID(B9,2,3),"000")&TEXT(C9,"00")) -> 135301 | B9: c353 | C9: 1 | D9: a | E9: =_xlfn.XLOOKUP(A9,'Detail<Child>'!C:C,'Detail<Child>'!A:A) -> 10000353 | F9: Charlotte | G9: Base | H9: 철창의 샤를 | J9: =$B9&"_"&TEXT($C9,"00")&"_F" -> c353_01_F | K9: =$B9&"_"&TEXT($C9,"00")&"_L" -> c353_01_L | L9: =LEFT(J9, 7)&"_Desc" -> c353_01_Desc | M9: =$B9&"_"&TEXT($C9,"00")&"_CV" -> c353_01_CV | N9: =LEFT(J9, 7)&"_ci_F" -> c353_01_ci_F | O9: CharacterIcon | P9: =B9&"_"&TEXT(C9,"00")&"_p" -> c353_01_p | Q9: CharacterPortrait | R9: ="Promotion_"&P9 -> Promotion_c353_01_p | S9: CharacterPromotion | T9: =B9&"_"&D9&"_SkeletonData.asset" -> c353_a_SkeletonData.asset | U9: =B9&"_"&TEXT(C9,"00")&"_"&D9 -> c353_01_a | V9: ="Naninovel/Characters/"&B9&"_"&TEXT(C9,"00")&"" -> Naninovel/Characters/c353_01 | W9: Normal | X9: 1542051 | Y9: Active | Z9: 2542051 | AA9: Ultimate | AB9: 3542051 | AC9: Passive | AD9: 4542051
A10: =INT(TEXT(IF(LEFT(B10,1)="c",1,2)&MID(B10,2,3),"000")&TEXT(C10,"00")) -> 122901 | B10: c229 | C10: 1 | D10: a | E10: =_xlfn.XLOOKUP(A10,'Detail<Child>'!C:C,'Detail<Child>'!A:A) -> 10000229 | F10: Brownie | G10: Base | H10: 소식통 브라우니 | J10: =$B10&"_"&TEXT($C10,"00")&"_F" -> c229_01_F | K10: =$B10&"_"&TEXT($C10,"00")&"_L" -> c229_01_L | L10: =LEFT(J10, 7)&"_Desc" -> c229_01_Desc | M10: =$B10&"_"&TEXT($C10,"00")&"_CV" -> c229_01_CV | N10: =LEFT(J10, 7)&"_ci_F" -> c229_01_ci_F | O10: CharacterIcon | P10: =B10&"_"&TEXT(C10,"00")&"_p" -> c229_01_p | Q10: CharacterPortrait | R10: ="Promotion_"&P10 -> Promotion_c229_01_p | S10: CharacterPromotion | T10: =B10&"_"&D10&"_SkeletonData.asset" -> c229_a_SkeletonData.asset | U10: =B10&"_"&TEXT(C10,"00")&"_"&D10 -> c229_01_a | V10: ="Naninovel/Characters/"&B10&"_"&TEXT(C10,"00")&"" -> Naninovel/Characters/c229_01 | W10: Normal | X10: 1534061 | Y10: Active | Z10: 2534061 | AA10: Ultimate | AB10: 3534061 | AC10: Passive | AD10: 4534061
A11: =INT(TEXT(IF(LEFT(B11,1)="c",1,2)&MID(B11,2,3),"000")&TEXT(C11,"00")) -> 118001 | B11: c180 | C11: 1 | D11: a | E11: =_xlfn.XLOOKUP(A11,'Detail<Child>'!C:C,'Detail<Child>'!A:A) -> 10000180 | F11: Mommon | G11: Base | H11: 야망의 맘몬 | J11: =$B11&"_"&TEXT($C11,"00")&"_F" -> c180_01_F | K11: =$B11&"_"&TEXT($C11,"00")&"_L" -> c180_01_L | L11: =LEFT(J11, 7)&"_Desc" -> c180_01_Desc | M11: =$B11&"_"&TEXT($C11,"00")&"_CV" -> c180_01_CV | N11: =LEFT(J11, 7)&"_ci_F" -> c180_01_ci_F | O11: CharacterIcon | P11: =B11&"_"&TEXT(C11,"00")&"_p" -> c180_01_p | Q11: CharacterPortrait | R11: ="Promotion_"&P11 -> Promotion_c180_01_p | S11: CharacterPromotion | T11: =B11&"_"&D11&"_SkeletonData.asset" -> c180_a_SkeletonData.asset | U11: =B11&"_"&TEXT(C11,"00")&"_"&D11 -> c180_01_a | V11: ="Naninovel/Characters/"&B11&"_"&TEXT(C11,"00")&"" -> Naninovel/Characters/c180_01 | W11: Normal | X11: 1532071 | Y11: Active | Z11: 2532071 | AA11: Ultimate | AB11: 3532071 | AC11: Passive | AD11: 4532071
A12: =INT(TEXT(IF(LEFT(B12,1)="c",1,2)&MID(B12,2,3),"000")&TEXT(C12,"00")) -> 118301 | B12: c183 | C12: 1 | D12: a | E12: =_xlfn.XLOOKUP(A12,'Detail<Child>'!C:C,'Detail<Child>'!A:A) -> 10000183 | F12: Dana | G12: Base | H12: 설교하는 다나 | J12: =$B12&"_"&TEXT($C12,"00")&"_F" -> c183_01_F | K12: =$B12&"_"&TEXT($C12,"00")&"_L" -> c183_01_L | L12: =LEFT(J12, 7)&"_Desc" -> c183_01_Desc | M12: =$B12&"_"&TEXT($C12,"00")&"_CV" -> c183_01_CV | N12: =LEFT(J12, 7)&"_ci_F" -> c183_01_ci_F | O12: CharacterIcon | P12: =B12&"_"&TEXT(C12,"00")&"_p" -> c183_01_p | Q12: CharacterPortrait | R12: ="Promotion_"&P12 -> Promotion_c183_01_p | S12: CharacterPromotion | T12: =B12&"_"&D12&"_SkeletonData.asset" -> c183_a_SkeletonData.asset | U12: =B12&"_"&TEXT(C12,"00")&"_"&D12 -> c183_01_a | V12: ="Naninovel/Characters/"&B12&"_"&TEXT(C12,"00")&"" -> Naninovel/Characters/c183_01 | W12: Normal | X12: 1555081 | Y12: Active | Z12: 2555081 | AA12: Ultimate | AB12: 3555081 | AC12: Passive | AD12: 4555081
A13: =INT(TEXT(IF(LEFT(B13,1)="c",1,2)&MID(B13,2,3),"000")&TEXT(C13,"00")) -> 105102 | B13: c051 | C13: 2 | D13: a | E13: =_xlfn.XLOOKUP(A13,'Detail<Child>'!C:C,'Detail<Child>'!A:A) -> #N/A | F13: Frej | G13: Base | H13: 프레이 | J13: =$B13&"_"&TEXT($C13,"00")&"_F" -> c051_02_F | K13: =$B13&"_"&TEXT($C13,"00")&"_L" -> c051_02_L | L13: =LEFT(J13, 7)&"_Desc" -> c051_02_Desc | M13: =$B13&"_"&TEXT($C13,"00")&"_CV" -> c051_02_CV | N13: c051_02_ci_F | O13: CharacterIcon | P13: =B13&"_"&TEXT(C13,"00")&"_p" -> c051_02_p | Q13: CharacterPortrait | R13: ="Promotion_"&P13 -> Promotion_c051_02_p | S13: CharacterPromotion | T13: =B13&"_"&D13&"_SkeletonData.asset" -> c051_a_SkeletonData.asset | U13: =B13&"_"&TEXT(C13,"00")&"_"&D13 -> c051_02_a | V13: ="Naninovel/Characters/"&B13&"_"&TEXT(C13,"00")&"" -> Naninovel/Characters/c051_02 | W13: Normal | X13: 1551091 | Y13: Active | Z13: 2551091 | AA13: Ultimate | AB13: 3551091 | AC13: Passive | AD13: 4551091
A14: =INT(TEXT(IF(LEFT(B14,1)="c",1,2)&MID(B14,2,3),"000")&TEXT(C14,"00")) -> 136401 | B14: c364 | C14: 1 | D14: a | E14: =_xlfn.XLOOKUP(A14,'Detail<Child>'!C:C,'Detail<Child>'!A:A) -> 10000364 | F14: Sytry | G14: Base | H14: 스위트 시트리 | J14: =$B14&"_"&TEXT($C14,"00")&"_F" -> c364_01_F | K14: =$B14&"_"&TEXT($C14,"00")&"_L" -> c364_01_L | L14: =LEFT(J14, 7)&"_Desc" -> c364_01_Desc | M14: =$B14&"_"&TEXT($C14,"00")&"_CV" -> c364_01_CV | N14: =LEFT(J14, 7)&"_ci_F" -> c364_01_ci_F | O14: CharacterIcon | P14: =B14&"_"&TEXT(C14,"00")&"_p" -> c364_01_p | Q14: CharacterPortrait | R14: ="Promotion_"&P14 -> Promotion_c364_01_p | S14: CharacterPromotion | T14: =B14&"_"&D14&"_SkeletonData.asset" -> c364_a_SkeletonData.asset | U14: =B14&"_"&TEXT(C14,"00")&"_"&D14 -> c364_01_a | V14: ="Naninovel/Characters/"&B14&"_"&TEXT(C14,"00")&"" -> Naninovel/Characters/c364_01 | W14: Normal | X14: 1554101 | Y14: Active | Z14: 2554101 | AA14: Ultimate | AB14: 3554101 | AC14: Passive | AD14: 4554101
A15: =INT(TEXT(IF(LEFT(B15,1)="c",1,2)&MID(B15,2,3),"000")&TEXT(C15,"00")) -> 100201 | B15: c002 | C15: 1 | D15: a | E15: =_xlfn.XLOOKUP(A15,'Detail<Child>'!C:C,'Detail<Child>'!A:A) -> 10000002 | F15: Lisa | G15: Base | H15: 리자 | J15: =$B15&"_"&TEXT($C15,"00")&"_F" -> c002_01_F | K15: =$B15&"_"&TEXT($C15,"00")&"_L" -> c002_01_L | L15: =LEFT(J15, 7)&"_Desc" -> c002_01_Desc | M15: =$B15&"_"&TEXT($C15,"00")&"_CV" -> c002_01_CV | N15: =LEFT(J15, 7)&"_ci_F" -> c002_01_ci_F | O15: CharacterIcon | P15: =B15&"_"&TEXT(C15,"00")&"_p" -> c002_01_p | Q15: CharacterPortrait | R15: ="Promotion_"&P15 -> Promotion_c002_01_p | S15: CharacterPromotion | T15: =B15&"_"&D15&"_SkeletonData.asset" -> c002_a_SkeletonData.asset | U15: =B15&"_"&TEXT(C15,"00")&"_"&D15 -> c002_01_a | V15: ="Naninovel/Characters/"&B15&"_"&TEXT(C15,"00")&"" -> Naninovel/Characters/c002_01 | W15: Normal | X15: 1325111 | Y15: Active | Z15: 2325111 | AA15: Ultimate | AB15: 3325111 | AC15: Passive | AD15: 4325111
A16: =INT(TEXT(IF(LEFT(B16,1)="c",1,2)&MID(B16,2,3),"000")&TEXT(C16,"00")) -> 141701 | B16: c417 | C16: 1 | D16: a | E16: =_xlfn.XLOOKUP(A16,'Detail<Child>'!C:C,'Detail<Child>'!A:A) -> 10000417 | F16: Tamamo | G16: Base | H16: 구미호 | J16: =$B16&"_"&TEXT($C16,"00")&"_F" -> c417_01_F | K16: =$B16&"_"&TEXT($C16,"00")&"_L" -> c417_01_L | L16: =LEFT(J16, 7)&"_Desc" -> c417_01_Desc | M16: =$B16&"_"&TEXT($C16,"00")&"_CV" -> c417_01_CV | N16: =LEFT(J16, 7)&"_ci_F" -> c417_01_ci_F | O16: CharacterIcon | P16: =B16&"_"&TEXT(C16,"00")&"_p" -> c417_01_p | Q16: CharacterPortrait | R16: ="Promotion_"&P16 -> Promotion_c417_01_p | S16: CharacterPromotion | T16: =B16&"_"&D16&"_SkeletonData.asset" -> c417_a_SkeletonData.asset | U16: =B16&"_"&TEXT(C16,"00")&"_"&D16 -> c417_01_a | V16: ="Naninovel/Characters/"&B16&"_"&TEXT(C16,"00")&"" -> Naninovel/Characters/c417_01 | W16: Normal | X16: 1313121 | Y16: Active | Z16: 2313121 | AA16: Ultimate | AB16: 3313121 | AC16: Passive | AD16: 4313121
A17: =INT(TEXT(IF(LEFT(B17,1)="c",1,2)&MID(B17,2,3),"000")&TEXT(C17,"00")) -> 143201 | B17: c432 | C17: 1 | D17: a | E17: =_xlfn.XLOOKUP(A17,'Detail<Child>'!C:C,'Detail<Child>'!A:A) -> 10000432 | F17: Artemis | G17: Base | H17: 아르테미스 | J17: =$B17&"_"&TEXT($C17,"00")&"_F" -> c432_01_F | K17: =$B17&"_"&TEXT($C17,"00")&"_L" -> c432_01_L | L17: =LEFT(J17, 7)&"_Desc" -> c432_01_Desc | M17: =$B17&"_"&TEXT($C17,"00")&"_CV" -> c432_01_CV | N17: =LEFT(J17, 7)&"_ci_F" -> c432_01_ci_F | O17: CharacterIcon | P17: =B17&"_"&TEXT(C17,"00")&"_p" -> c432_01_p | Q17: CharacterPortrait | R17: ="Promotion_"&P17 -> Promotion_c432_01_p | S17: CharacterPromotion | T17: =B17&"_"&D17&"_SkeletonData.asset" -> c432_a_SkeletonData.asset | U17: =B17&"_"&TEXT(C17,"00")&"_"&D17 -> c432_01_a | V17: ="Naninovel/Characters/"&B17&"_"&TEXT(C17,"00")&"" -> Naninovel/Characters/c432_01 | W17: Normal | X17: 1351161 | Y17: Active | Z17: 2351161 | AA17: Ultimate | AB17: 3351161 | AC17: Passive | AD17: 4351161
A18: =INT(TEXT(IF(LEFT(B18,1)="c",1,2)&MID(B18,2,3),"000")&TEXT(C18,"00")) -> 148601 | B18: c486 | C18: 1 | D18: a | E18: =_xlfn.XLOOKUP(A18,'Detail<Child>'!C:C,'Detail<Child>'!A:A) -> 10000486 | F18: Kubaba | G18: Base | H18: 쿠바바 | J18: =$B18&"_"&TEXT($C18,"00")&"_F" -> c486_01_F | K18: =$B18&"_"&TEXT($C18,"00")&"_L" -> c486_01_L | L18: =LEFT(J18, 7)&"_Desc" -> c486_01_Desc | M18: =$B18&"_"&TEXT($C18,"00")&"_CV" -> c486_01_CV | N18: =LEFT(J18, 7)&"_ci_F" -> c486_01_ci_F | O18: CharacterIcon | P18: =B18&"_"&TEXT(C18,"00")&"_p" -> c486_01_p | Q18: CharacterPortrait | R18: ="Promotion_"&P18 -> Promotion_c486_01_p | S18: CharacterPromotion | T18: =B18&"_"&D18&"_SkeletonData.asset" -> c486_a_SkeletonData.asset | U18: =B18&"_"&TEXT(C18,"00")&"_"&D18 -> c486_01_a | V18: ="Naninovel/Characters/"&B18&"_"&TEXT(C18,"00")&"" -> Naninovel/Characters/c486_01 | W18: Normal | X18: 1353141 | Y18: Active | Z18: 2353141 | AA18: Ultimate | AB18: 3353141 | AC18: Passive | AD18: 4353141
A19: =INT(TEXT(IF(LEFT(B19,1)="c",1,2)&MID(B19,2,3),"000")&TEXT(C19,"00")) -> 129401 | B19: c294 | C19: 1 | D19: a | E19: =_xlfn.XLOOKUP(A19,'Detail<Child>'!C:C,'Detail<Child>'!A:A) -> 10000294 | F19: Bathory | G19: Base | H19: 바토리 | J19: =$B19&"_"&TEXT($C19,"00")&"_F" -> c294_01_F | K19: =$B19&"_"&TEXT($C19,"00")&"_L" -> c294_01_L | L19: =LEFT(J19, 7)&"_Desc" -> c294_01_Desc | M19: =$B19&"_"&TEXT($C19,"00")&"_CV" -> c294_01_CV | N19: =LEFT(J19, 7)&"_ci_F" -> c294_01_ci_F | O19: CharacterIcon | P19: =B19&"_"&TEXT(C19,"00")&"_p" -> c294_01_p | Q19: CharacterPortrait | R19: ="Promotion_"&P19 -> Promotion_c294_01_p | S19: CharacterPromotion | T19: =B19&"_"&D19&"_SkeletonData.asset" -> c294_a_SkeletonData.asset | U19: =B19&"_"&TEXT(C19,"00")&"_"&D19 -> c294_01_a | V19: ="Naninovel/Characters/"&B19&"_"&TEXT(C19,"00")&"" -> Naninovel/Characters/c294_01 | W19: Normal | X19: 1333131 | Y19: Active | Z19: 2333131 | AA19: Ultimate | AB19: 3333131 | AC19: Passive | AD19: 4333131
A20: =INT(TEXT(IF(LEFT(B20,1)="c",1,2)&MID(B20,2,3),"000")&TEXT(C20,"00")) -> 150101 | B20: c501 | C20: 1 | D20: a | E20: =_xlfn.XLOOKUP(A20,'Detail<Child>'!C:C,'Detail<Child>'!A:A) -> 10000501 | F20: Ragaraja | G20: Base | H20: 라가라자 | J20: =$B20&"_"&TEXT($C20,"00")&"_F" -> c501_01_F | K20: =$B20&"_"&TEXT($C20,"00")&"_L" -> c501_01_L | L20: =LEFT(J20, 7)&"_Desc" -> c501_01_Desc | M20: =$B20&"_"&TEXT($C20,"00")&"_CV" -> c501_01_CV | N20: =LEFT(J20, 7)&"_ci_F" -> c501_01_ci_F | O20: CharacterIcon | P20: =B20&"_"&TEXT(C20,"00")&"_p" -> c501_01_p | Q20: CharacterPortrait | R20: ="Promotion_"&P20 -> Promotion_c501_01_p | S20: CharacterPromotion | T20: =B20&"_"&D20&"_SkeletonData.asset" -> c501_a_SkeletonData.asset | U20: =B20&"_"&TEXT(C20,"00")&"_"&D20 -> c501_01_a | V20: ="Naninovel/Characters/"&B20&"_"&TEXT(C20,"00")&"" -> Naninovel/Characters/c501_01 | W20: Normal | X20: 1311151 | Y20: Active | Z20: 2311151 | AA20: Ultimate | AB20: 3311151 | AC20: Passive | AD20: 4311151
A21: =INT(TEXT(IF(LEFT(B21,1)="c",1,2)&MID(B21,2,3),"000")&TEXT(C21,"00")) -> 100101 | B21: c001 | C21: 1 | D21: a | E21: =_xlfn.XLOOKUP(A21,'Detail<Child>'!C:C,'Detail<Child>'!A:A) -> 10000001 | F21: Mona | G21: Base | H21: 모나 | J21: =$B21&"_"&TEXT($C21,"00")&"_F" -> c001_01_F | K21: =$B21&"_"&TEXT($C21,"00")&"_L" -> c001_01_L | L21: =LEFT(J21, 7)&"_Desc" -> c001_01_Desc | M21: =$B21&"_"&TEXT($C21,"00")&"_CV" -> c001_01_CV | N21: =LEFT(J21, 7)&"_ci_F" -> c001_01_ci_F | O21: CharacterIcon | P21: =B21&"_"&TEXT(C21,"00")&"_p" -> c001_01_p | Q21: CharacterPortrait | R21: ="Promotion_"&P21 -> Promotion_c001_01_p | S21: CharacterPromotion | T21: =B21&"_"&D21&"_SkeletonData.asset" -> c001_a_SkeletonData.asset | U21: =B21&"_"&TEXT(C21,"00")&"_"&D21 -> c001_01_a | V21: ="Naninovel/Characters/"&B21&"_"&TEXT(C21,"00")&"" -> Naninovel/Characters/c001_01 | W21: Normal | X21: 1552111 | Y21: Active | Z21: 2552111 | AA21: Ultimate | AB21: 3552111 | AC21: Passive | AD21: 4552111
A22: =INT(TEXT(IF(LEFT(B22,1)="c",1,2)&MID(B22,2,3),"000")&TEXT(C22,"00")) -> 150201 | B22: c502 | C22: 1 | D22: a | E22: =_xlfn.XLOOKUP(A22,'Detail<Child>'!C:C,'Detail<Child>'!A:A) -> 10000502 | F22: To Keika | G22: Base | H22: 도계화 | J22: =$B22&"_"&TEXT($C22,"00")&"_F" -> c502_01_F | K22: =$B22&"_"&TEXT($C22,"00")&"_L" -> c502_01_L | L22: =LEFT(J22, 7)&"_Desc" -> c502_01_Desc | M22: =$B22&"_"&TEXT($C22,"00")&"_CV" -> c502_01_CV | N22: =LEFT(J22, 7)&"_ci_F" -> c502_01_ci_F | O22: CharacterIcon | P22: =B22&"_"&TEXT(C22,"00")&"_p" -> c502_01_p | Q22: CharacterPortrait | R22: ="Promotion_"&P22 -> Promotion_c502_01_p | S22: CharacterPromotion | T22: =B22&"_"&D22&"_SkeletonData.asset" -> c502_a_SkeletonData.asset | U22: =B22&"_"&TEXT(C22,"00")&"_"&D22 -> c502_01_a | V22: ="Naninovel/Characters/"&B22&"_"&TEXT(C22,"00")&"" -> Naninovel/Characters/c502_01 | W22: Normal | X22: 1321171 | Y22: Active | Z22: 2321171 | AA22: Ultimate | AB22: 3321171 | AC22: Passive | AD22: 4321171
A23: =INT(TEXT(IF(LEFT(B23,1)="c",1,2)&MID(B23,2,3),"000")&TEXT(C23,"00")) -> 141201 | B23: c412 | C23: 1 | D23: a | E23: =_xlfn.XLOOKUP(A23,'Detail<Child>'!C:C,'Detail<Child>'!A:A) -> 10000412 | F23: Cain | G23: Base | H23: 카인 | J23: =$B23&"_"&TEXT($C23,"00")&"_F" -> c412_01_F | K23: =$B23&"_"&TEXT($C23,"00")&"_L" -> c412_01_L | L23: =LEFT(J23, 7)&"_Desc" -> c412_01_Desc | M23: =$B23&"_"&TEXT($C23,"00")&"_CV" -> c412_01_CV | N23: =LEFT(J23, 7)&"_ci_F" -> c412_01_ci_F | O23: CharacterIcon | P23: =B23&"_"&TEXT(C23,"00")&"_p" -> c412_01_p | Q23: CharacterPortrait | R23: ="Promotion_"&P23 -> Promotion_c412_01_p | S23: CharacterPromotion | T23: =B23&"_"&D23&"_SkeletonData.asset" -> c412_a_SkeletonData.asset | U23: =B23&"_"&TEXT(C23,"00")&"_"&D23 -> c412_01_a | V23: ="Naninovel/Characters/"&B23&"_"&TEXT(C23,"00")&"" -> Naninovel/Characters/c412_01 | W23: Normal | X23: 1311181 | Y23: Active | Z23: 2311181 | AA23: Ultimate | AB23: 3311181 | AC23: Passive | AD23: 4311181
A24: =INT(TEXT(IF(LEFT(B24,1)="c",1,2)&MID(B24,2,3),"000")&TEXT(C24,"00")) -> 115601 | B24: c156 | C24: 1 | D24: a | E24: =_xlfn.XLOOKUP(A24,'Detail<Child>'!C:C,'Detail<Child>'!A:A) -> 10000156 | F24: Elizabeth | G24: Base | H24: 에르제베트 | J24: =$B24&"_"&TEXT($C24,"00")&"_F" -> c156_01_F | K24: =$B24&"_"&TEXT($C24,"00")&"_L" -> c156_01_L | L24: =LEFT(J24, 7)&"_Desc" -> c156_01_Desc | M24: =$B24&"_"&TEXT($C24,"00")&"_CV" -> c156_01_CV | N24: =LEFT(J24, 7)&"_ci_F" -> c156_01_ci_F | O24: CharacterIcon | P24: =B24&"_"&TEXT(C24,"00")&"_p" -> c156_01_p | Q24: CharacterPortrait | R24: ="Promotion_"&P24 -> Promotion_c156_01_p | S24: CharacterPromotion | T24: =B24&"_"&D24&"_SkeletonData.asset" -> c156_a_SkeletonData.asset | U24: =B24&"_"&TEXT(C24,"00")&"_"&D24 -> c156_01_a | V24: ="Naninovel/Characters/"&B24&"_"&TEXT(C24,"00")&"" -> Naninovel/Characters/c156_01 | W24: Normal | X24: 1351191 | Y24: Active | Z24: 2351191 | AA24: Ultimate | AB24: 3351191 | AC24: Passive | AD24: 4351191
A25: =INT(TEXT(IF(LEFT(B25,1)="c",1,2)&MID(B25,2,3),"000")&TEXT(C25,"00")) -> 131801 | B25: c318 | C25: 1 | D25: a | E25: =_xlfn.XLOOKUP(A25,'Detail<Child>'!C:C,'Detail<Child>'!A:A) -> 10000318 | F25: Bari | G25: Base | H25: 바리 | J25: =$B25&"_"&TEXT($C25,"00")&"_F" -> c318_01_F | K25: =$B25&"_"&TEXT($C25,"00")&"_L" -> c318_01_L | L25: =LEFT(J25, 7)&"_Desc" -> c318_01_Desc | M25: =$B25&"_"&TEXT($C25,"00")&"_CV" -> c318_01_CV | N25: =LEFT(J25, 7)&"_ci_F" -> c318_01_ci_F | O25: CharacterIcon | P25: =B25&"_"&TEXT(C25,"00")&"_p" -> c318_01_p | Q25: CharacterPortrait | R25: ="Promotion_"&P25 -> Promotion_c318_01_p | S25: CharacterPromotion | T25: =B25&"_"&D25&"_SkeletonData.asset" -> c318_a_SkeletonData.asset | U25: =B25&"_"&TEXT(C25,"00")&"_"&D25 -> c318_01_a | V25: ="Naninovel/Characters/"&B25&"_"&TEXT(C25,"00")&"" -> Naninovel/Characters/c318_01 | W25: Normal | X25: 1321201 | Y25: Active | Z25: 2321201 | AA25: Ultimate | AB25: 3321201 | AC25: Passive | AD25: 4321201
... A38: =INT(TEXT(IF(LEFT(B38,1)="c",1,2)&MID(B38,2,3),"000")&TEXT(C38,"00")) -> 151401 | B38: c514 | C38: 1 | D38: a | E38: =_xlfn.XLOOKUP(A38,'Detail<Child>'!C:C,'Detail<Child>'!A:A) -> 10000514 | F38: Duetsha | G38: Base | H38: 두엣샤 | J38: =$B38&"_"&TEXT($C38,"00")&"_F" -> c514_01_F | K38: =$B38&"_"&TEXT($C38,"00")&"_L" -> c514_01_L | L38: =LEFT(J38, 7)&"_Desc" -> c514_01_Desc | M38: =$B38&"_"&TEXT($C38,"00")&"_CV" -> c514_01_CV | N38: =LEFT(J38, 7)&"_ci_F" -> c514_01_ci_F | O38: CharacterIcon | P38: =B38&"_"&TEXT(C38,"00")&"_p" -> c514_01_p | Q38: CharacterPortrait | R38: ="Promotion_"&P38 -> Promotion_c514_01_p | S38: CharacterPromotion | T38: =B38&"_"&D38&"_SkeletonData.asset" -> c514_a_SkeletonData.asset | U38: =B38&"_"&TEXT(C38,"00")&"_"&D38 -> c514_01_a | V38: ="Naninovel/Characters/"&B38&"_"&TEXT(C38,"00")&"" -> Naninovel/Characters/c514_01 | W38: Normal | X38: 1451341 | Y38: Active | Z38: 2451341 | AA38: Ultimate | AB38: 3451341 | AC38: Passive | AD38: 4451341
A39: =INT(TEXT(IF(LEFT(B39,1)="c",1,2)&MID(B39,2,3),"000")&TEXT(C39,"00")) -> 215501 | B39: m155 | C39: 1 | D39: a | E39: =_xlfn.XLOOKUP(A39,'Detail<Monster>'!C:C,'Detail<Monster>'!A:A) -> 21550101 | F39: slime | G39: Base | H39: 슬라임-화 | J39: =$B39&"_"&TEXT($C39,"00")&"_F" -> m155_01_F | K39: =$B39&"_"&TEXT($C39,"00")&"_L" -> m155_01_L | L39: =LEFT(J39, 7)&"_Desc" -> m155_01_Desc | M39: =$B39&"_"&TEXT($C39,"00")&"_CV" -> m155_01_CV | N39: =LEFT(J39, 7)&"_ci_F" -> m155_01_ci_F | O39: CharacterIcon | T39: =B39&"_"&D39&"_SkeletonData.asset" -> m155_a_SkeletonData.asset | U39: =B39&"_"&TEXT(C39,"00")&"_"&D39 -> m155_01_a | V39: =B39&"/"&B39&"_"&TEXT(C39,"00")&".png" -> m155/m155_01.png | W39: Normal | X39: 1812011 | Y39: Active | Z39: =X39+1000000 -> 2812011 | AA39: Ultimate | AB39: 0 | AC39: Passive | AD39: 0
A40: =INT(TEXT(IF(LEFT(B40,1)="c",1,2)&MID(B40,2,3),"000")&TEXT(C40,"00")) -> 215502 | B40: m155 | C40: 2 | D40: a | E40: =_xlfn.XLOOKUP(A40,'Detail<Monster>'!C:C,'Detail<Monster>'!A:A) -> 21550201 | F40: slime | G40: Base | H40: 슬라임-수 | J40: =$B40&"_"&TEXT($C40,"00")&"_F" -> m155_02_F | K40: =$B40&"_"&TEXT($C40,"00")&"_L" -> m155_02_L | L40: =LEFT(J40, 7)&"_Desc" -> m155_02_Desc | M40: =$B40&"_"&TEXT($C40,"00")&"_CV" -> m155_02_CV | N40: =LEFT(J40, 7)&"_ci_F" -> m155_02_ci_F | O40: CharacterIcon | T40: =B40&"_"&D40&"_SkeletonData.asset" -> m155_a_SkeletonData.asset | U40: =B40&"_"&TEXT(C40,"00")&"_"&D40 -> m155_02_a | V40: =B40&"/"&B40&"_"&TEXT(C40,"00")&".png" -> m155/m155_02.png | W40: Normal | X40: 1822011 | Y40: Active | Z40: =X40+1000000 -> 2822011 | AA40: Ultimate | AB40: 0 | AC40: Passive | AD40: 0
A41: =INT(TEXT(IF(LEFT(B41,1)="c",1,2)&MID(B41,2,3),"000")&TEXT(C41,"00")) -> 215503 | B41: m155 | C41: 3 | D41: a | E41: =_xlfn.XLOOKUP(A41,'Detail<Monster>'!C:C,'Detail<Monster>'!A:A) -> 21550301 | F41: slime | G41: Base | H41: 슬라임-목 | J41: =$B41&"_"&TEXT($C41,"00")&"_F" -> m155_03_F | K41: =$B41&"_"&TEXT($C41,"00")&"_L" -> m155_03_L | L41: =LEFT(J41, 7)&"_Desc" -> m155_03_Desc | M41: =$B41&"_"&TEXT($C41,"00")&"_CV" -> m155_03_CV | N41: =LEFT(J41, 7)&"_ci_F" -> m155_03_ci_F | O41: CharacterIcon | T41: =B41&"_"&D41&"_SkeletonData.asset" -> m155_a_SkeletonData.asset | U41: =B41&"_"&TEXT(C41,"00")&"_"&D41 -> m155_03_a | V41: =B41&"/"&B41&"_"&TEXT(C41,"00")&".png" -> m155/m155_03.png | W41: Normal | X41: 1832011 | Y41: Active | Z41: =X41+1000000 -> 2832011 | AA41: Ultimate | AB41: 0 | AC41: Passive | AD41: 0
A42: =INT(TEXT(IF(LEFT(B42,1)="c",1,2)&MID(B42,2,3),"000")&TEXT(C42,"00")) -> 215504 | B42: m155 | C42: 4 | D42: a | E42: =_xlfn.XLOOKUP(A42,'Detail<Monster>'!C:C,'Detail<Monster>'!A:A) -> 21550401 | F42: slime | G42: Base | H42: 슬라임-광 | J42: =$B42&"_"&TEXT($C42,"00")&"_F" -> m155_04_F | K42: =$B42&"_"&TEXT($C42,"00")&"_L" -> m155_04_L | L42: =LEFT(J42, 7)&"_Desc" -> m155_04_Desc | M42: =$B42&"_"&TEXT($C42,"00")&"_CV" -> m155_04_CV | N42: =LEFT(J42, 7)&"_ci_F" -> m155_04_ci_F | O42: CharacterIcon | T42: =B42&"_"&D42&"_SkeletonData.asset" -> m155_a_SkeletonData.asset | U42: =B42&"_"&TEXT(C42,"00")&"_"&D42 -> m155_04_a | V42: =B42&"/"&B42&"_"&TEXT(C42,"00")&".png" -> m155/m155_04.png | W42: Normal | X42: 1842011 | Y42: Active | Z42: =X42+1000000 -> 2842011 | AA42: Ultimate | AB42: 0 | AC42: Passive | AD42: 0
A43: =INT(TEXT(IF(LEFT(B43,1)="c",1,2)&MID(B43,2,3),"000")&TEXT(C43,"00")) -> 215505 | B43: m155 | C43: 5 | D43: a | E43: =_xlfn.XLOOKUP(A43,'Detail<Monster>'!C:C,'Detail<Monster>'!A:A) -> 21550501 | F43: slime | G43: Base | H43: 슬라임-암 | J43: =$B43&"_"&TEXT($C43,"00")&"_F" -> m155_05_F | K43: =$B43&"_"&TEXT($C43,"00")&"_L" -> m155_05_L | L43: =LEFT(J43, 7)&"_Desc" -> m155_05_Desc | M43: =$B43&"_"&TEXT($C43,"00")&"_CV" -> m155_05_CV | N43: =LEFT(J43, 7)&"_ci_F" -> m155_05_ci_F | O43: CharacterIcon | T43: =B43&"_"&D43&"_SkeletonData.asset" -> m155_a_SkeletonData.asset | U43: =B43&"_"&TEXT(C43,"00")&"_"&D43 -> m155_05_a | V43: =B43&"/"&B43&"_"&TEXT(C43,"00")&".png" -> m155/m155_05.png | W43: Normal | X43: 1852011 | Y43: Active | Z43: =X43+1000000 -> 2852011 | AA43: Ultimate | AB43: 0 | AC43: Passive | AD43: 0
A44: =INT(TEXT(IF(LEFT(B44,1)="c",1,2)&MID(B44,2,3),"000")&TEXT(C44,"00")) -> 290001 | B44: m900 | C44: 1 | D44: a | E44: =_xlfn.XLOOKUP(A44,'Detail<Monster>'!C:C,'Detail<Monster>'!A:A) -> 29000101 | F44: slimeking | G44: Base | H44: 슬라임킹-화 | J44: =$B44&"_"&TEXT($C44,"00")&"_F" -> m900_01_F | K44: =$B44&"_"&TEXT($C44,"00")&"_L" -> m900_01_L | L44: =LEFT(J44, 7)&"_Desc" -> m900_01_Desc | M44: =$B44&"_"&TEXT($C44,"00")&"_CV" -> m900_01_CV | N44: =LEFT(J44, 7)&"_ci_F" -> m900_01_ci_F | O44: CharacterIcon | T44: =B44&"_"&D44&"_SkeletonData.asset" -> m900_a_SkeletonData.asset | U44: =B44&"_"&TEXT(C44,"00")&"_"&D44 -> m900_01_a | V44: =B44&"/"&B44&"_"&TEXT(C44,"00")&".png" -> m900/m900_01.png | W44: Normal | X44: 1812021 | Y44: Active | Z44: 0 | AA44: Ultimate | AB44: 3812021 | AC44: Passive | AD44: 0
A45: =INT(TEXT(IF(LEFT(B45,1)="c",1,2)&MID(B45,2,3),"000")&TEXT(C45,"00")) -> 290002 | B45: m900 | C45: 2 | D45: b | E45: =_xlfn.XLOOKUP(A45,'Detail<Monster>'!C:C,'Detail<Monster>'!A:A) -> 29000201 | F45: slimeking | G45: Base | H45: 슬라임킹-수 | J45: =$B45&"_"&TEXT($C45,"00")&"_F" -> m900_02_F | K45: =$B45&"_"&TEXT($C45,"00")&"_L" -> m900_02_L | L45: =LEFT(J45, 7)&"_Desc" -> m900_02_Desc | M45: =$B45&"_"&TEXT($C45,"00")&"_CV" -> m900_02_CV | N45: =LEFT(J45, 7)&"_ci_F" -> m900_02_ci_F | O45: CharacterIcon | T45: =B45&"_"&D45&"_SkeletonData.asset" -> m900_b_SkeletonData.asset | U45: =B45&"_"&TEXT(C45,"00")&"_"&D45 -> m900_02_b | V45: =B45&"/"&B45&"_"&TEXT(C45,"00")&".png" -> m900/m900_02.png | W45: Normal | X45: 1822021 | Y45: Active | Z45: 0 | AA45: Ultimate | AB45: 3822021 | AC45: Passive | AD45: 0
A46: =INT(TEXT(IF(LEFT(B46,1)="c",1,2)&MID(B46,2,3),"000")&TEXT(C46,"00")) -> 290003 | B46: m900 | C46: 3 | D46: c | E46: =_xlfn.XLOOKUP(A46,'Detail<Monster>'!C:C,'Detail<Monster>'!A:A) -> 29000301 | F46: slimeking | G46: Base | H46: 슬라임킹-목 | J46: =$B46&"_"&TEXT($C46,"00")&"_F" -> m900_03_F | K46: =$B46&"_"&TEXT($C46,"00")&"_L" -> m900_03_L | L46: =LEFT(J46, 7)&"_Desc" -> m900_03_Desc | M46: =$B46&"_"&TEXT($C46,"00")&"_CV" -> m900_03_CV | N46: =LEFT(J46, 7)&"_ci_F" -> m900_03_ci_F | O46: CharacterIcon | T46: =B46&"_"&D46&"_SkeletonData.asset" -> m900_c_SkeletonData.asset | U46: =B46&"_"&TEXT(C46,"00")&"_"&D46 -> m900_03_c | V46: =B46&"/"&B46&"_"&TEXT(C46,"00")&".png" -> m900/m900_03.png | W46: Normal | X46: 1832021 | Y46: Active | Z46: 0 | AA46: Ultimate | AB46: 3832021 | AC46: Passive | AD46: 0
A47: =INT(TEXT(IF(LEFT(B47,1)="c",1,2)&MID(B47,2,3),"000")&TEXT(C47,"00")) -> 290004 | B47: m900 | C47: 4 | D47: d | E47: =_xlfn.XLOOKUP(A47,'Detail<Monster>'!C:C,'Detail<Monster>'!A:A) -> 29000401 | F47: slimeking | G47: Base | H47: 슬라임킹-광 | J47: =$B47&"_"&TEXT($C47,"00")&"_F" -> m900_04_F | K47: =$B47&"_"&TEXT($C47,"00")&"_L" -> m900_04_L | L47: =LEFT(J47, 7)&"_Desc" -> m900_04_Desc | M47: =$B47&"_"&TEXT($C47,"00")&"_CV" -> m900_04_CV | N47: =LEFT(J47, 7)&"_ci_F" -> m900_04_ci_F | O47: CharacterIcon | T47: =B47&"_"&D47&"_SkeletonData.asset" -> m900_d_SkeletonData.asset | U47: =B47&"_"&TEXT(C47,"00")&"_"&D47 -> m900_04_d | V47: =B47&"/"&B47&"_"&TEXT(C47,"00")&".png" -> m900/m900_04.png | W47: Normal | X47: 1842021 | Y47: Active | Z47: 0 | AA47: Ultimate | AB47: 3842021 | AC47: Passive | AD47: 0
A48: =INT(TEXT(IF(LEFT(B48,1)="c",1,2)&MID(B48,2,3),"000")&TEXT(C48,"00")) -> 290005 | B48: m900 | C48: 5 | D48: e | E48: =_xlfn.XLOOKUP(A48,'Detail<Monster>'!C:C,'Detail<Monster>'!A:A) -> 29000501 | F48: slimeking | G48: Base | H48: 슬라임킹-암 | J48: =$B48&"_"&TEXT($C48,"00")&"_F" -> m900_05_F | K48: =$B48&"_"&TEXT($C48,"00")&"_L" -> m900_05_L | L48: =LEFT(J48, 7)&"_Desc" -> m900_05_Desc | M48: =$B48&"_"&TEXT($C48,"00")&"_CV" -> m900_05_CV | N48: =LEFT(J48, 7)&"_ci_F" -> m900_05_ci_F | O48: CharacterIcon | T48: =B48&"_"&D48&"_SkeletonData.asset" -> m900_e_SkeletonData.asset | U48: =B48&"_"&TEXT(C48,"00")&"_"&D48 -> m900_05_e | V48: =B48&"/"&B48&"_"&TEXT(C48,"00")&".png" -> m900/m900_05.png | W48: Normal | X48: 1852021 | Y48: Active | Z48: 0 | AA48: Ultimate | AB48: 3852021 | AC48: Passive | AD48: 0
A49: =INT(TEXT(IF(LEFT(B49,1)="c",1,2)&MID(B49,2,3),"000")&TEXT(C49,"00")) -> 225801 | B49: m258 | C49: 1 | D49: a | E49: =_xlfn.XLOOKUP(A49,'Detail<Monster>'!C:C,'Detail<Monster>'!A:A) -> 22580101 | F49: pixie | G49: Base | H49: 픽시-화 | J49: =$B49&"_"&TEXT($C49,"00")&"_F" -> m258_01_F | K49: =$B49&"_"&TEXT($C49,"00")&"_L" -> m258_01_L | L49: =LEFT(J49, 7)&"_Desc" -> m258_01_Desc | M49: =$B49&"_"&TEXT($C49,"00")&"_CV" -> m258_01_CV | N49: =LEFT(J49, 7)&"_ci_F" -> m258_01_ci_F | O49: CharacterIcon | P49: =B49&"_"&TEXT(C49,"00")&"_p" -> m258_01_p | Q49: CharacterPortrait | T49: =B49&"_"&D49&"_SkeletonData.asset" -> m258_a_SkeletonData.asset | U49: =B49&"_"&TEXT(C49,"00")&"_"&D49 -> m258_01_a | V49: =B49&"/"&B49&"_"&TEXT(C49,"00")&".png" -> m258/m258_01.png | W49: Normal | X49: 1811031 | Y49: Active | Z49: 2811031 | AA49: Ultimate | AB49: 3811031 | AC49: Passive | AD49: 0
A50: =INT(TEXT(IF(LEFT(B50,1)="c",1,2)&MID(B50,2,3),"000")&TEXT(C50,"00")) -> 225802 | B50: m258 | C50: 2 | D50: a | E50: =_xlfn.XLOOKUP(A50,'Detail<Monster>'!C:C,'Detail<Monster>'!A:A) -> 22580201 | F50: pixie | G50: Base | H50: 픽시-수 | J50: =$B50&"_"&TEXT($C50,"00")&"_F" -> m258_02_F | K50: =$B50&"_"&TEXT($C50,"00")&"_L" -> m258_02_L | L50: =LEFT(J50, 7)&"_Desc" -> m258_02_Desc | M50: =$B50&"_"&TEXT($C50,"00")&"_CV" -> m258_02_CV | N50: =LEFT(J50, 7)&"_ci_F" -> m258_02_ci_F | O50: CharacterIcon | P50: =B50&"_"&TEXT(C50,"00")&"_p" -> m258_02_p | Q50: CharacterPortrait | T50: =B50&"_"&D50&"_SkeletonData.asset" -> m258_a_SkeletonData.asset | U50: =B50&"_"&TEXT(C50,"00")&"_"&D50 -> m258_02_a | V50: =B50&"/"&B50&"_"&TEXT(C50,"00")&".png" -> m258/m258_02.png | W50: Normal | X50: 1821031 | Y50: Active | Z50: 2821031 | AA50: Ultimate | AB50: 3821031 | AC50: Passive | AD50: 0
A51: =INT(TEXT(IF(LEFT(B51,1)="c",1,2)&MID(B51,2,3),"000")&TEXT(C51,"00")) -> 225803 | B51: m258 | C51: 3 | D51: a | E51: =_xlfn.XLOOKUP(A51,'Detail<Monster>'!C:C,'Detail<Monster>'!A:A) -> 22580301 | F51: pixie | G51: Base | H51: 픽시-목 | J51: =$B51&"_"&TEXT($C51,"00")&"_F" -> m258_03_F | K51: =$B51&"_"&TEXT($C51,"00")&"_L" -> m258_03_L | L51: =LEFT(J51, 7)&"_Desc" -> m258_03_Desc | M51: =$B51&"_"&TEXT($C51,"00")&"_CV" -> m258_03_CV | N51: =LEFT(J51, 7)&"_ci_F" -> m258_03_ci_F | O51: CharacterIcon | P51: =B51&"_"&TEXT(C51,"00")&"_p" -> m258_03_p | Q51: CharacterPortrait | T51: =B51&"_"&D51&"_SkeletonData.asset" -> m258_a_SkeletonData.asset | U51: =B51&"_"&TEXT(C51,"00")&"_"&D51 -> m258_03_a | V51: =B51&"/"&B51&"_"&TEXT(C51,"00")&".png" -> m258/m258_03.png | W51: Normal | X51: 1831031 | Y51: Active | Z51: 2831031 | AA51: Ultimate | AB51: 3831031 | AC51: Passive | AD51: 0
A52: =INT(TEXT(IF(LEFT(B52,1)="c",1,2)&MID(B52,2,3),"000")&TEXT(C52,"00")) -> 225804 | B52: m258 | C52: 4 | D52: a | E52: =_xlfn.XLOOKUP(A52,'Detail<Monster>'!C:C,'Detail<Monster>'!A:A) -> 22580401 | F52: pixie | G52: Base | H52: 픽시-광 | J52: =$B52&"_"&TEXT($C52,"00")&"_F" -> m258_04_F | K52: =$B52&"_"&TEXT($C52,"00")&"_L" -> m258_04_L | L52: =LEFT(J52, 7)&"_Desc" -> m258_04_Desc | M52: =$B52&"_"&TEXT($C52,"00")&"_CV" -> m258_04_CV | N52: =LEFT(J52, 7)&"_ci_F" -> m258_04_ci_F | O52: CharacterIcon | P52: =B52&"_"&TEXT(C52,"00")&"_p" -> m258_04_p | Q52: CharacterPortrait | T52: =B52&"_"&D52&"_SkeletonData.asset" -> m258_a_SkeletonData.asset | U52: =B52&"_"&TEXT(C52,"00")&"_"&D52 -> m258_04_a | V52: =B52&"/"&B52&"_"&TEXT(C52,"00")&".png" -> m258/m258_04.png | W52: Normal | X52: 1841031 | Y52: Active | Z52: 2841031 | AA52: Ultimate | AB52: 3841031 | AC52: Passive | AD52: 0
A53: =INT(TEXT(IF(LEFT(B53,1)="c",1,2)&MID(B53,2,3),"000")&TEXT(C53,"00")) -> 225805 | B53: m258 | C53: 5 | D53: a | E53: =_xlfn.XLOOKUP(A53,'Detail<Monster>'!C:C,'Detail<Monster>'!A:A) -> 22580501 | F53: pixie | G53: Base | H53: 픽시-암 | J53: =$B53&"_"&TEXT($C53,"00")&"_F" -> m258_05_F | K53: =$B53&"_"&TEXT($C53,"00")&"_L" -> m258_05_L | L53: =LEFT(J53, 7)&"_Desc" -> m258_05_Desc | M53: =$B53&"_"&TEXT($C53,"00")&"_CV" -> m258_05_CV | N53: =LEFT(J53, 7)&"_ci_F" -> m258_05_ci_F | O53: CharacterIcon | P53: =B53&"_"&TEXT(C53,"00")&"_p" -> m258_05_p | Q53: CharacterPortrait | T53: =B53&"_"&D53&"_SkeletonData.asset" -> m258_a_SkeletonData.asset | U53: =B53&"_"&TEXT(C53,"00")&"_"&D53 -> m258_05_a | V53: =B53&"/"&B53&"_"&TEXT(C53,"00")&".png" -> m258/m258_05.png | W53: Normal | X53: 1851031 | Y53: Active | Z53: 2851031 | AA53: Ultimate | AB53: 3851031 | AC53: Passive | AD53: 0
A54: =INT(TEXT(IF(LEFT(B54,1)="c",1,2)&MID(B54,2,3),"000")&TEXT(C54,"00")) -> 203801 | B54: m038 | C54: 1 | D54: a | E54: =_xlfn.XLOOKUP(A54,'Detail<Monster>'!C:C,'Detail<Monster>'!A:A) -> 20380199 | F54: diablo | G54: Base | H54: 디아블로 | J54: =$B54&"_"&TEXT($C54,"00")&"_F" -> m038_01_F | K54: =$B54&"_"&TEXT($C54,"00")&"_L" -> m038_01_L | L54: =LEFT(J54, 7)&"_Desc" -> m038_01_Desc | M54: =$B54&"_"&TEXT($C54,"00")&"_CV" -> m038_01_CV | N54: =LEFT(J54, 7)&"_ci_F" -> m038_01_ci_F | O54: CharacterIcon | P54: =B54&"_"&TEXT(C54,"00")&"_p" -> m038_01_p | Q54: CharacterPortrait | T54: =B54&"_"&D54&"_SkeletonData.asset" -> m038_a_SkeletonData.asset | U54: =B54&"_"&TEXT(C54,"00")&"_"&D54 -> m038_01_a | V54: =B54&"/"&B54&"_"&TEXT(C54,"00")&".png" -> m038/m038_01.png | W54: Normal | X54: 1942011 | Y54: Active | Z54: 0 | AA54: Ultimate | AB54: 3942011 | AC54: Passive | AD54: 0
A55: =INT(TEXT(IF(LEFT(B55,1)="c",1,2)&MID(B55,2,3),"000")&TEXT(C55,"00")) -> 201301 | B55: m013 | C55: 1 | D55: a | E55: =_xlfn.XLOOKUP(A55,'Detail<Monster>'!C:C,'Detail<Monster>'!A:A) -> 20130101 | F55: Teddy | G55: Base | H55: 봉제인형 | J55: =$B55&"_"&TEXT($C55,"00")&"_F" -> m013_01_F | K55: =$B55&"_"&TEXT($C55,"00")&"_L" -> m013_01_L | L55: =LEFT(J55, 7)&"_Desc" -> m013_01_Desc | M55: =$B55&"_"&TEXT($C55,"00")&"_CV" -> m013_01_CV | N55: =LEFT(J55, 7)&"_ci_F" -> m013_01_ci_F | O55: CharacterIcon | P55: =B55&"_"&TEXT(C55,"00")&"_p" -> m013_01_p | Q55: CharacterPortrait | T55: =B55&"_"&D55&"_SkeletonData.asset" -> m013_a_SkeletonData.asset | U55: =B55&"_"&TEXT(C55,"00")&"_"&D55 -> m013_01_a | V55: =B55&"/"&B55&"_"&TEXT(C55,"00")&".png" -> m013/m013_01.png | W55: Normal | X55: 1842051 | Y55: Active | Z55: 2842051 | AA55: Ultimate | AB55: 0 | AC55: Passive | AD55: 0
A56: =INT(TEXT(IF(LEFT(B56,1)="c",1,2)&MID(B56,2,3),"000")&TEXT(C56,"00")) -> 204001 | B56: m040 | C56: 1 | D56: a | E56: =_xlfn.XLOOKUP(A56,'Detail<Monster>'!C:C,'Detail<Monster>'!A:A) -> 20400199 | F56: ChainKiller | G56: Base | H56: 체인킬러 | J56: =$B56&"_"&TEXT($C56,"00")&"_F" -> m040_01_F | K56: =$B56&"_"&TEXT($C56,"00")&"_L" -> m040_01_L | L56: =LEFT(J56, 7)&"_Desc" -> m040_01_Desc | M56: =$B56&"_"&TEXT($C56,"00")&"_CV" -> m040_01_CV | N56: =LEFT(J56, 7)&"_ci_F" -> m040_01_ci_F | O56: CharacterIcon | P56: =B56&"_"&TEXT(C56,"00")&"_p" -> m040_01_p | Q56: CharacterPortrait | T56: =B56&"_"&D56&"_SkeletonData.asset" -> m040_a_SkeletonData.asset | U56: =B56&"_"&TEXT(C56,"00")&"_"&D56 -> m040_01_a | V56: =B56&"/"&B56&"_"&TEXT(C56,"00")&".png" -> m040/m040_01.png | W56: Normal | X56: 1942021 | Y56: Active | Z56: 0 | AA56: Ultimate | AB56: 3942021 | AC56: Passive | AD56: 0
A57: =INT(TEXT(IF(LEFT(B57,1)="c",1,2)&MID(B57,2,3),"000")&TEXT(C57,"00")) -> 207301 | B57: m073 | C57: 1 | D57: a | E57: =_xlfn.XLOOKUP(A57,'Detail<Monster>'!C:C,'Detail<Monster>'!A:A) -> 20730101 | F57: Cube | G57: Base | H57: 큐브-화 | J57: =$B57&"_"&TEXT($C57,"00")&"_F" -> m073_01_F | K57: =$B57&"_"&TEXT($C57,"00")&"_L" -> m073_01_L | L57: =LEFT(J57, 7)&"_Desc" -> m073_01_Desc | M57: =$B57&"_"&TEXT($C57,"00")&"_CV" -> m073_01_CV | N57: =LEFT(J57, 7)&"_ci_F" -> m073_01_ci_F | O57: CharacterIcon | T57: =B57&"_"&D57&"_SkeletonData.asset" -> m073_a_SkeletonData.asset | U57: =B57&"_"&TEXT(C57,"00")&"_"&D57 -> m073_01_a | V57: =B57&"/"&B57&"_"&TEXT(C57,"00")&".png" -> m073/m073_01.png | W57: Normal | X57: 1811041 | Y57: Active | Z57: 2811041 | AA57: Ultimate | AB57: 3811041 | AC57: Passive | AD57: 0
A58: =INT(TEXT(IF(LEFT(B58,1)="c",1,2)&MID(B58,2,3),"000")&TEXT(C58,"00")) -> 207302 | B58: m073 | C58: 2 | D58: a | E58: =_xlfn.XLOOKUP(A58,'Detail<Monster>'!C:C,'Detail<Monster>'!A:A) -> 20730201 | F58: Cube | G58: Base | H58: 큐브-수 | J58: =$B58&"_"&TEXT($C58,"00")&"_F" -> m073_02_F | K58: =$B58&"_"&TEXT($C58,"00")&"_L" -> m073_02_L | L58: =LEFT(J58, 7)&"_Desc" -> m073_02_Desc | M58: =$B58&"_"&TEXT($C58,"00")&"_CV" -> m073_02_CV | N58: =LEFT(J58, 7)&"_ci_F" -> m073_02_ci_F | O58: CharacterIcon | T58: =B58&"_"&D58&"_SkeletonData.asset" -> m073_a_SkeletonData.asset | U58: =B58&"_"&TEXT(C58,"00")&"_"&D58 -> m073_02_a | V58: =B58&"/"&B58&"_"&TEXT(C58,"00")&".png" -> m073/m073_02.png | W58: Normal | X58: 1821041 | Y58: Active | Z58: 2821041 | AA58: Ultimate | AB58: 3821041 | AC58: Passive | AD58: 0
A59: =INT(TEXT(IF(LEFT(B59,1)="c",1,2)&MID(B59,2,3),"000")&TEXT(C59,"00")) -> 207303 | B59: m073 | C59: 3 | D59: a | E59: =_xlfn.XLOOKUP(A59,'Detail<Monster>'!C:C,'Detail<Monster>'!A:A) -> 20730301 | F59: Cube | G59: Base | H59: 큐브-목 | J59: =$B59&"_"&TEXT($C59,"00")&"_F" -> m073_03_F | K59: =$B59&"_"&TEXT($C59,"00")&"_L" -> m073_03_L | L59: =LEFT(J59, 7)&"_Desc" -> m073_03_Desc | M59: =$B59&"_"&TEXT($C59,"00")&"_CV" -> m073_03_CV | N59: =LEFT(J59, 7)&"_ci_F" -> m073_03_ci_F | O59: CharacterIcon | T59: =B59&"_"&D59&"_SkeletonData.asset" -> m073_a_SkeletonData.asset | U59: =B59&"_"&TEXT(C59,"00")&"_"&D59 -> m073_03_a | V59: =B59&"/"&B59&"_"&TEXT(C59,"00")&".png" -> m073/m073_03.png | W59: Normal | X59: 1831041 | Y59: Active | Z59: 2831041 | AA59: Ultimate | AB59: 3831041 | AC59: Passive | AD59: 0
A60: =INT(TEXT(IF(LEFT(B60,1)="c",1,2)&MID(B60,2,3),"000")&TEXT(C60,"00")) -> 207304 | B60: m073 | C60: 4 | D60: a | E60: =_xlfn.XLOOKUP(A60,'Detail<Monster>'!C:C,'Detail<Monster>'!A:A) -> 20730401 | F60: Cube | G60: Base | H60: 큐브-광 | J60: =$B60&"_"&TEXT($C60,"00")&"_F" -> m073_04_F | K60: =$B60&"_"&TEXT($C60,"00")&"_L" -> m073_04_L | L60: =LEFT(J60, 7)&"_Desc" -> m073_04_Desc | M60: =$B60&"_"&TEXT($C60,"00")&"_CV" -> m073_04_CV | N60: =LEFT(J60, 7)&"_ci_F" -> m073_04_ci_F | O60: CharacterIcon | T60: =B60&"_"&D60&"_SkeletonData.asset" -> m073_a_SkeletonData.asset | U60: =B60&"_"&TEXT(C60,"00")&"_"&D60 -> m073_04_a | V60: =B60&"/"&B60&"_"&TEXT(C60,"00")&".png" -> m073/m073_04.png | W60: Normal | X60: 1841041 | Y60: Active | Z60: 2841041 | AA60: Ultimate | AB60: 3841041 | AC60: Passive | AD60: 0
A61: =INT(TEXT(IF(LEFT(B61,1)="c",1,2)&MID(B61,2,3),"000")&TEXT(C61,"00")) -> 207305 | B61: m073 | C61: 5 | D61: a | E61: =_xlfn.XLOOKUP(A61,'Detail<Monster>'!C:C,'Detail<Monster>'!A:A) -> 20730501 | F61: Cube | G61: Base | H61: 큐브-암 | J61: =$B61&"_"&TEXT($C61,"00")&"_F" -> m073_05_F | K61: =$B61&"_"&TEXT($C61,"00")&"_L" -> m073_05_L | L61: =LEFT(J61, 7)&"_Desc" -> m073_05_Desc | M61: =$B61&"_"&TEXT($C61,"00")&"_CV" -> m073_05_CV | N61: =LEFT(J61, 7)&"_ci_F" -> m073_05_ci_F | O61: CharacterIcon | T61: =B61&"_"&D61&"_SkeletonData.asset" -> m073_a_SkeletonData.asset | U61: =B61&"_"&TEXT(C61,"00")&"_"&D61 -> m073_05_a | V61: =B61&"/"&B61&"_"&TEXT(C61,"00")&".png" -> m073/m073_05.png | W61: Normal | X61: 1851041 | Y61: Active | Z61: 2851041 | AA61: Ultimate | AB61: 3851041 | AC61: Passive | AD61: 0
A62: =INT(TEXT(IF(LEFT(B62,1)="c",1,2)&MID(B62,2,3),"000")&TEXT(C62,"00")) -> 218901 | B62: m189 | C62: 1 | D62: a | E62: =_xlfn.XLOOKUP(A62,'Detail<Monster>'!C:C,'Detail<Monster>'!A:A) -> 21890101 | F62: Mimic | G62: Base | H62: 보물상자 | J62: =$B62&"_"&TEXT($C62,"00")&"_F" -> m189_01_F | K62: =$B62&"_"&TEXT($C62,"00")&"_L" -> m189_01_L | L62: =LEFT(J62, 7)&"_Desc" -> m189_01_Desc | M62: =$B62&"_"&TEXT($C62,"00")&"_CV" -> m189_01_CV | N62: =LEFT(J62, 7)&"_ci_F" -> m189_01_ci_F | O62: CharacterIcon | P62: =B62&"_"&TEXT(C62,"00")&"_p" -> m189_01_p | Q62: CharacterPortrait | T62: =B62&"_"&D62&"_SkeletonData.asset" -> m189_a_SkeletonData.asset | U62: =B62&"_"&TEXT(C62,"00")&"_"&D62 -> m189_01_a | V62: =B62&"/"&B62&"_"&TEXT(C62,"00")&".png" -> m189/m189_01.png | W62: Normal | X62: 1842061 | Y62: Active | Z62: 2842061 | AA62: Ultimate | AB62: 0 | AC62: Passive | AD62: 0
A63: =INT(TEXT(IF(LEFT(B63,1)="c",1,2)&MID(B63,2,3),"000")&TEXT(C63,"00")) -> 205101 | B63: m051 | C63: 1 | D63: a | E63: =_xlfn.XLOOKUP(A63,'Detail<Monster>'!C:C,'Detail<Monster>'!A:A) -> 20510199 | F63: Hades | G63: Base | H63: 하데스 | J63: =$B63&"_"&TEXT($C63,"00")&"_F" -> m051_01_F | K63: =$B63&"_"&TEXT($C63,"00")&"_L" -> m051_01_L | L63: =LEFT(J63, 7)&"_Desc" -> m051_01_Desc | M63: =$B63&"_"&TEXT($C63,"00")&"_CV" -> m051_01_CV | N63: =LEFT(J63, 7)&"_ci_F" -> m051_01_ci_F | O63: CharacterIcon | P63: =B63&"_"&TEXT(C63,"00")&"_p" -> m051_01_p | Q63: CharacterPortrait | T63: =B63&"_"&D63&"_SkeletonData.asset" -> m051_a_SkeletonData.asset | U63: =B63&"_"&TEXT(C63,"00")&"_"&D63 -> m051_01_a | V63: =B63&"/"&B63&"_"&TEXT(C63,"00")&".png" -> m051/m051_01.png | W63: Normal | X63: 1942031 | Y63: Active | Z63: 0 | AA63: Ultimate | AB63: 3942031 | AC63: Passive | AD63: 0
A64: =INT(TEXT(IF(LEFT(B64,1)="c",1,2)&MID(B64,2,3),"000")&TEXT(C64,"00")) -> 122401 | B64: c224 | C64: 1 | D64: a | E64: =_xlfn.XLOOKUP(A64,'Detail<Monster>'!C:C,'Detail<Monster>'!A:A) -> 12240199 | F64: Loki | G64: Base | H64: 로키 | J64: =$B64&"_"&TEXT($C64,"00")&"_F" -> c224_01_F | K64: =$B64&"_"&TEXT($C64,"00")&"_L" -> c224_01_L | L64: =LEFT(J64, 7)&"_Desc" -> c224_01_Desc | M64: =$B64&"_"&TEXT($C64,"00")&"_CV" -> c224_01_CV | N64: =LEFT(J64, 7)&"_ci_F" -> c224_01_ci_F | O64: CharacterIcon | P64: =B64&"_"&TEXT(C64,"00")&"_p" -> c224_01_p | Q64: CharacterPortrait | T64: =B64&"_"&D64&"_SkeletonData.asset" -> c224_a_SkeletonData.asset | U64: =B64&"_"&TEXT(C64,"00")&"_"&D64 -> c224_01_a | V64: =B64&"/"&B64&"_"&TEXT(C64,"00")&".png" -> c224/c224_01.png | W64: Normal | X64: 1942041 | Y64: Active | Z64: 0 | AA64: Ultimate | AB64: 3942041 | AC64: Passive | AD64: 0
A65: =INT(TEXT(IF(LEFT(B65,1)="c",1,2)&MID(B65,2,3),"000")&TEXT(C65,"00")) -> 201302 | B65: m013 | C65: 2 | D65: a | E65: =_xlfn.XLOOKUP(A65,'Detail<Monster>'!C:C,'Detail<Monster>'!A:A) -> 20130201 | F65: Teddy | G65: Base | H65: 봉제인형 | J65: =$B65&"_"&TEXT($C65,"00")&"_F" -> m013_02_F | K65: =$B65&"_"&TEXT($C65,"00")&"_L" -> m013_02_L | L65: =LEFT(J65, 7)&"_Desc" -> m013_02_Desc | M65: =$B65&"_"&TEXT($C65,"00")&"_CV" -> m013_02_CV | N65: =LEFT(J65, 7)&"_ci_F" -> m013_02_ci_F | O65: CharacterIcon | P65: =B65&"_"&TEXT(C65,"00")&"_p" -> m013_02_p | Q65: CharacterPortrait | T65: =B65&"_"&D65&"_SkeletonData.asset" -> m013_a_SkeletonData.asset | U65: =B65&"_"&TEXT(C65,"00")&"_"&D65 -> m013_02_a | V65: =B65&"/"&B65&"_"&TEXT(C65,"00")&".png" -> m013/m013_02.png | W65: Normal | X65: 1842051 | Y65: Active | Z65: 2842051 | AA65: Ultimate | AB65: 0 | AC65: Passive | AD65: 0
A66: 218001 | B66: c180 | C66: 2 | D66: a | E66: =_xlfn.XLOOKUP(A66,'Detail<Monster>'!C:C,'Detail<Monster>'!A:A) -> 21800101 | F66: Mommon | G66: Base | H66: 야망의 맘몬 | J66: =$B66&"_"&TEXT($C66,"00")&"_F" -> c180_02_F | K66: =$B66&"_"&TEXT($C66,"00")&"_L" -> c180_02_L | L66: =LEFT(J66, 7)&"_Desc" -> c180_02_Desc | M66: =$B66&"_"&TEXT($C66,"00")&"_CV" -> c180_02_CV | N66: =LEFT(J66, 7)&"_ci_F" -> c180_02_ci_F | O66: CharacterIcon | P66: =B66&"_"&TEXT(C66,"00")&"_p" -> c180_02_p | Q66: CharacterPortrait | R66: =D66&"_"&TEXT(E66,"00")&"_p" -> a_21800101_p | S66: CharacterPortrait | T66: =B66&"_"&D66&"_SkeletonData.asset" -> c180_a_SkeletonData.asset | U66: =B66&"_"&TEXT(C66,"00")&"_"&D66 -> c180_02_a | V66: =B66&"/"&B66&"_"&TEXT(C66,"00")&".png" -> c180/c180_02.png | W66: Normal | X66: 1932071 | Y66: Active | Z66: 2932071 | AA66: Ultimate | AB66: 3932079 | AC66: Passive | AD66: 4932071
A67: =INT(TEXT(IF(LEFT(B67,1)="c",1,2)&MID(B67,2,3),"000")&TEXT(C67,"00")) -> 205401 | B67: m054 | C67: 1 | D67: a | E67: =_xlfn.XLOOKUP(A67,'Detail<Monster>'!C:C,'Detail<Monster>'!A:A) -> 20540101 | F67: Gomorrah | G67: Base | H67: 고모라 | J67: =$B67&"_"&TEXT($C67,"00")&"_F" -> m054_01_F | K67: =$B67&"_"&TEXT($C67,"00")&"_L" -> m054_01_L | L67: =LEFT(J67, 7)&"_Desc" -> m054_01_Desc | M67: =$B67&"_"&TEXT($C67,"00")&"_CV" -> m054_01_CV | N67: =LEFT(J67, 7)&"_ci_F" -> m054_01_ci_F | O67: CharacterIcon | P67: =B67&"_"&TEXT(C67,"00")&"_p" -> m054_01_p | Q67: CharacterPortrait | T67: =B67&"_"&D67&"_SkeletonData.asset" -> m054_a_SkeletonData.asset | U67: =B67&"_"&TEXT(C67,"00")&"_"&D67 -> m054_01_a | V67: =B67&"/"&B67&"_"&TEXT(C67,"00")&".png" -> m054/m054_01.png | W67: Normal | X67: 1942051 | Y67: Active | Z67: 2942051 | AA67: Ultimate | AB67: 3942051 | AC67: Passive | AD67: 4942051
A68: =INT(TEXT(IF(LEFT(B68,1)="c",1,2)&MID(B68,2,3),"000")&TEXT(C68,"00")) -> 290101 | B68: m901 | C68: 1 | D68: a | E68: =_xlfn.XLOOKUP(A68,'Detail<Monster>'!C:C,'Detail<Monster>'!A:A) -> 29010199 | F68: Crystal | G68: Base | H68: 크리스탈 | J68: =$B68&"_"&TEXT($C68,"00")&"_F" -> m901_01_F | K68: =$B68&"_"&TEXT($C68,"00")&"_L" -> m901_01_L | L68: =LEFT(J68, 7)&"_Desc" -> m901_01_Desc | M68: =$B68&"_"&TEXT($C68,"00")&"_CV" -> m901_01_CV | N68: =LEFT(J68, 7)&"_ci_F" -> m901_01_ci_F | O68: CharacterIcon | T68: =B68&"_"&D68&"_SkeletonData.asset" -> m901_a_SkeletonData.asset | U68: =B68&"_"&TEXT(C68,"00")&"_"&D68 -> m901_01_a | V68: =B68&"/"&B68&"_"&TEXT(C68,"00")&".png" -> m901/m901_01.png | W68: Normal | X68: 1966011 | Y68: Active | Z68: 2966011 | AA68: Ultimate | AB68: 3966011 | AC68: Passive | AD68: 4966011
A69: =INT(TEXT(IF(LEFT(B69,1)="c",1,2)&MID(B69,2,3),"000")&TEXT(C69,"00")) -> 135411 | B69: c354 | C69: 11 | D69: a | E69: 13540102 | F69: Demeter | G69: Base | H69: 허세의 드미테르 | J69: c010_01_F | K69: c010_01_L | L69: c354_01_Desc | M69: =$B69&"_"&TEXT($C69,"00")&"_CV" -> c354_11_CV | N69: c354_01_ci_F | O69: CharacterIcon | P69: c010_01_p | Q69: CharacterPortrait | R69: Promotion_c010_01_p | S69: CharacterPromotion | T69: =B69&"_"&D69&"_SkeletonData.asset" -> c354_a_SkeletonData.asset | U69: c354_01_a | V69: Naninovel/Characters/c354_01 | W69: Normal | X69: 1513011 | Y69: Active | Z69: 2513011 | AA69: Ultimate | AB69: 3513011 | AC69: Passive | AD69: 4513011
A70: =INT(TEXT(IF(LEFT(B70,1)="c",1,2)&MID(B70,2,3),"000")&TEXT(C70,"00")) -> 129611 | B70: c296 | C70: 11 | D70: a | E70: 12960102 | F70: Hildr | G70: Base | H70: 건슬링거 힐드 | J70: c296_01_F | K70: c296_01_L | L70: c296_01_Desc | M70: =$B70&"_"&TEXT($C70,"00")&"_CV" -> c296_11_CV | N70: c296_01_ci_F | O70: CharacterIcon | P70: c296_01_p | Q70: CharacterPortrait | R70: Promotion_c296_01_p | S70: CharacterPromotion | T70: =B70&"_"&D70&"_SkeletonData.asset" -> c296_a_SkeletonData.asset | U70: c296_01_a | V70: Naninovel/Characters/c296_01 | W70: Normal | X70: 1541021 | Y70: Active | Z70: 2541021 | AA70: Ultimate | AB70: 3541021 | AC70: Passive | AD70: 4541021
A71: =INT(TEXT(IF(LEFT(B71,1)="c",1,2)&MID(B71,2,3),"000")&TEXT(C71,"00")) -> 100311 | B71: c003 | C71: 11 | D71: a | E71: 10030102 | F71: Davi | G71: Base | H71: 다비 | J71: c003_01_F | K71: c003_01_L | L71: c003_01_Desc | M71: =$B71&"_"&TEXT($C71,"00")&"_CV" -> c003_11_CV | N71: c003_01_ci_F | O71: CharacterIcon | P71: c003_01_p | Q71: CharacterPortrait | R71: Promotion_c003_01_p | S71: CharacterPromotion | T71: =B71&"_"&D71&"_SkeletonData.asset" -> c003_a_SkeletonData.asset | U71: c003_01_a | V71: Naninovel/Characters/c003_01 | W71: Normal | X71: 1511031 | Y71: Active | Z71: 2511031 | AA71: Ultimate | AB71: 3511031 | AC71: Passive | AD71: 4511031
A72: =INT(TEXT(IF(LEFT(B72,1)="c",1,2)&MID(B72,2,3),"000")&TEXT(C72,"00")) -> 146411 | B72: c464 | C72: 11 | D72: a | E72: 14640102 | F72: Arhat | G72: Base | H72: 장엄 아라한 | J72: c464_01_F | K72: c464_01_L | L72: c464_01_Desc | M72: =$B72&"_"&TEXT($C72,"00")&"_CV" -> c464_11_CV | N72: c464_01_ci_F | O72: CharacterIcon | P72: c464_02_p | Q72: CharacterPortrait | R72: Promotion_c464_02_p | S72: CharacterPromotion | T72: =B72&"_"&D72&"_SkeletonData.asset" -> c464_a_SkeletonData.asset | U72: c464_01_a | V72: Naninovel/Characters/c464_01 | W72: Normal | X72: 1524041 | Y72: Active | Z72: 2524041 | AA72: Ultimate | AB72: 3524041 | AC72: Passive | AD72: 4524041
A73: =INT(TEXT(IF(LEFT(B73,1)="c",1,2)&MID(B73,2,3),"000")&TEXT(C73,"00")) -> 135311 | B73: c353 | C73: 11 | D73: a | E73: 13530102 | F73: Charlotte | G73: Base | H73: 철창의 샤를 | J73: c353_01_F | K73: c353_01_L | L73: c353_01_Desc | M73: =$B73&"_"&TEXT($C73,"00")&"_CV" -> c353_11_CV | N73: c353_01_ci_F | O73: CharacterIcon | P73: c353_01_p | Q73: CharacterPortrait | R73: Promotion_c353_01_p | S73: CharacterPromotion | T73: =B73&"_"&D73&"_SkeletonData.asset" -> c353_a_SkeletonData.asset | U73: c353_01_a | V73: Naninovel/Characters/c353_01 | W73: Normal | X73: 1542051 | Y73: Active | Z73: 2542051 | AA73: Ultimate | AB73: 3542051 | AC73: Passive | AD73: 4542051
A74: =INT(TEXT(IF(LEFT(B74,1)="c",1,2)&MID(B74,2,3),"000")&TEXT(C74,"00")) -> 122911 | B74: c229 | C74: 11 | D74: a | E74: 12290102 | F74: Brownie | G74: Base | H74: 소식통 브라우니 | J74: c229_01_F | K74: c229_01_L | L74: c229_01_Desc | M74: =$B74&"_"&TEXT($C74,"00")&"_CV" -> c229_11_CV | N74: c229_01_ci_F | O74: CharacterIcon | P74: c229_01_p | Q74: CharacterPortrait | R74: Promotion_c229_01_p | S74: CharacterPromotion | T74: =B74&"_"&D74&"_SkeletonData.asset" -> c229_a_SkeletonData.asset | U74: c229_01_a | V74: Naninovel/Characters/c229_01 | W74: Normal | X74: 1534061 | Y74: Active | Z74: 2534061 | AA74: Ultimate | AB74: 3534061 | AC74: Passive | AD74: 4534061
A75: =INT(TEXT(IF(LEFT(B75,1)="c",1,2)&MID(B75,2,3),"000")&TEXT(C75,"00")) -> 118011 | B75: c180 | C75: 11 | D75: a | E75: 11800102 | F75: Mommon | G75: Base | H75: 야망의 맘몬 | J75: c180_01_F | K75: c180_01_L | L75: c180_01_Desc | M75: =$B75&"_"&TEXT($C75,"00")&"_CV" -> c180_11_CV | N75: c180_01_ci_F | O75: CharacterIcon | P75: c180_01_p | Q75: CharacterPortrait | R75: Promotion_c180_01_p | S75: CharacterPromotion | T75: =B75&"_"&D75&"_SkeletonData.asset" -> c180_a_SkeletonData.asset | U75: c180_01_a | V75: Naninovel/Characters/c180_01 | W75: Normal | X75: 1532071 | Y75: Active | Z75: 2532071 | AA75: Ultimate | AB75: 3532071 | AC75: Passive | AD75: 4532071
A76: =INT(TEXT(IF(LEFT(B76,1)="c",1,2)&MID(B76,2,3),"000")&TEXT(C76,"00")) -> 118311 | B76: c183 | C76: 11 | D76: a | E76: 11830102 | F76: Dana | G76: Base | H76: 설교하는 다나 | J76: c183_01_F | K76: c183_01_L | L76: c183_01_Desc | M76: =$B76&"_"&TEXT($C76,"00")&"_CV" -> c183_11_CV | N76: c183_01_ci_F | O76: CharacterIcon | P76: c183_01_p | Q76: CharacterPortrait | R76: Promotion_c183_01_p | S76: CharacterPromotion | T76: =B76&"_"&D76&"_SkeletonData.asset" -> c183_a_SkeletonData.asset | U76: c183_01_a | V76: Naninovel/Characters/c183_01 | W76: Normal | X76: 1555081 | Y76: Active | Z76: 2555081 | AA76: Ultimate | AB76: 3555081 | AC76: Passive | AD76: 4555081
A77: =INT(TEXT(IF(LEFT(B77,1)="c",1,2)&MID(B77,2,3),"000")&TEXT(C77,"00")) -> 105111 | B77: c051 | C77: 11 | D77: a | E77: 10510202 | F77: Frej | G77: Base | H77: 프레이 | J77: c051_02_F | K77: c051_02_L | L77: c051_02_Desc | M77: =$B77&"_"&TEXT($C77,"00")&"_CV" -> c051_11_CV | N77: c051_02_ci_F | O77: CharacterIcon | P77: c051_02_p | Q77: CharacterPortrait | R77: Promotion_c051_02_p | S77: CharacterPromotion | T77: =B77&"_"&D77&"_SkeletonData.asset" -> c051_a_SkeletonData.asset | U77: c051_02_a | V77: Naninovel/Characters/c051_02 | W77: Normal | X77: 1551091 | Y77: Active | Z77: 2551091 | AA77: Ultimate | AB77: 3551091 | AC77: Passive | AD77: 4551091
A78: =INT(TEXT(IF(LEFT(B78,1)="c",1,2)&MID(B78,2,3),"000")&TEXT(C78,"00")) -> 136411 | B78: c364 | C78: 11 | D78: a | E78: 13640102 | F78: Sytry | G78: Base | H78: 스위트 시트리 | J78: c364_01_F | K78: c364_01_L | L78: c364_01_Desc | M78: =$B78&"_"&TEXT($C78,"00")&"_CV" -> c364_11_CV | N78: c364_01_ci_F | O78: CharacterIcon | P78: c364_01_p | Q78: CharacterPortrait | R78: Promotion_c364_01_p | S78: CharacterPromotion | T78: =B78&"_"&D78&"_SkeletonData.asset" -> c364_a_SkeletonData.asset | U78: c364_01_a | V78: Naninovel/Characters/c364_01 | W78: Normal | X78: 1554101 | Y78: Active | Z78: 2554101 | AA78: Ultimate | AB78: 3554101 | AC78: Passive | AD78: 4554101
A79: =INT(TEXT(IF(LEFT(B79,1)="c",1,2)&MID(B79,2,3),"000")&TEXT(C79,"00")) -> 100211 | B79: c002 | C79: 11 | D79: a | E79: 10020102 | F79: Lisa | G79: Base | H79: 리자 | J79: c002_01_F | K79: c002_01_L | L79: c002_01_Desc | M79: =$B79&"_"&TEXT($C79,"00")&"_CV" -> c002_11_CV | N79: c002_01_ci_F | O79: CharacterIcon | P79: c002_01_p | Q79: CharacterPortrait | R79: Promotion_c002_01_p | S79: CharacterPromotion | T79: =B79&"_"&D79&"_SkeletonData.asset" -> c002_a_SkeletonData.asset | U79: c002_01_a | V79: Naninovel/Characters/c002_01 | W79: Normal | X79: 1325111 | Y79: Active | Z79: 2325111 | AA79: Ultimate | AB79: 3325111 | AC79: Passive | AD79: 4325111
A80: =INT(TEXT(IF(LEFT(B80,1)="c",1,2)&MID(B80,2,3),"000")&TEXT(C80,"00")) -> 141711 | B80: c417 | C80: 11 | D80: a | E80: 14170102 | F80: Tamamo | G80: Base | H80: 구미호 | J80: c417_01_F | K80: c417_01_L | L80: c417_01_Desc | M80: =$B80&"_"&TEXT($C80,"00")&"_CV" -> c417_11_CV | N80: c417_01_ci_F | O80: CharacterIcon | P80: c417_01_p | Q80: CharacterPortrait | R80: Promotion_c417_01_p | S80: CharacterPromotion | T80: =B80&"_"&D80&"_SkeletonData.asset" -> c417_a_SkeletonData.asset | U80: c417_01_a | V80: Naninovel/Characters/c417_01 | W80: Normal | X80: 1313121 | Y80: Active | Z80: 2313121 | AA80: Ultimate | AB80: 3313121 | AC80: Passive | AD80: 4313121
... A93: =INT(TEXT(IF(LEFT(B93,1)="c",1,2)&MID(B93,2,3),"000")&TEXT(C93,"00")) -> 112411 | B93: c124 | C93: 11 | D93: a | E93: 11240102 | F93: Eve | G93: Base | H93: 이브 | J93: c124_01_F | K93: c124_01_L | L93: c124_01_Desc | M93: =$B93&"_"&TEXT($C93,"00")&"_CV" -> c124_11_CV | N93: c124_01_ci_F | O93: CharacterIcon | P93: c124_01_p | Q93: CharacterPortrait | R93: Promotion_c124_01_p | S93: CharacterPromotion | T93: =B93&"_"&D93&"_SkeletonData.asset" -> c124_a_SkeletonData.asset | U93: c124_01_a | V93: Naninovel/Characters/c124_01 | W93: Normal | X93: 1321241 | Y93: Active | Z93: 2321241 | AA93: Ultimate | AB93: 3321241 | AC93: Passive | AD93: 4321241
A94: =INT(TEXT(IF(LEFT(B94,1)="c",1,2)&MID(B94,2,3),"000")&TEXT(C94,"00")) -> 133611 | B94: c336 | C94: 11 | D94: a | E94: 13360102 | F94: Pan | G94: Base | H94: 판 | J94: c336_01_F | K94: c336_01_L | L94: c336_01_Desc | M94: c336_11_CV | N94: c336_01_ci_F | O94: CharacterIcon | P94: c336_01_p | Q94: CharacterPortrait | R94: Promotion_c336_01_p | S94: CharacterPromotion | T94: =B94&"_"&D94&"_SkeletonData.asset" -> c336_a_SkeletonData.asset | U94: c336_01_a | V94: Naninovel/Characters/c336_01 | W94: Normal | X94: 1535261 | Y94: Active | Z94: 2535261 | AA94: Ultimate | AB94: 3535261 | AC94: Passive | AD94: 4535261
A95: =INT(TEXT(IF(LEFT(B95,1)="c",1,2)&MID(B95,2,3),"000")&TEXT(C95,"00")) -> 144511 | B95: c445 | C95: 11 | D95: a | E95: 14450102 | F95: Kalaratri | G95: Base | H95: 카라라트리 | J95: c445_01_F | K95: c445_01_L | L95: c445_01_Desc | M95: c445_01_CV | N95: c445_01_ci_F | O95: CharacterIcon | P95: c445_01_p | Q95: CharacterPortrait | R95: Promotion_c445_01_p | S95: CharacterPromotion | T95: =B95&"_"&D95&"_SkeletonData.asset" -> c445_a_SkeletonData.asset | U95: c445_01_a | V95: Naninovel/Characters/c445_01 | W95: Normal | X95: 1513271 | Y95: Active | Z95: 2513271 | AA95: Ultimate | AB95: 3513271 | AC95: Passive | AD95: 4513271
A96: =INT(TEXT(IF(LEFT(B96,1)="c",1,2)&MID(B96,2,3),"000")&TEXT(C96,"00")) -> 146111 | B96: c461 | C96: 11 | D96: a | E96: 14610102 | F96: Aurora | G96: Base | H96: 아우로라 | J96: c461_01_F | K96: c461_01_L | L96: c461_01_Desc | M96: c461_01_CV | N96: c461_01_ci_F | O96: CharacterIcon | P96: c461_01_p | Q96: CharacterPortrait | R96: Promotion_c461_01_p | S96: CharacterPromotion | T96: =B96&"_"&D96&"_SkeletonData.asset" -> c461_a_SkeletonData.asset | U96: c461_01_a | V96: Naninovel/Characters/c461_01 | W96: Normal | X96: 1534281 | Y96: Active | Z96: 2534281 | AA96: Ultimate | AB96: 3534281 | AC96: Passive | AD96: 4534281
A97: =INT(TEXT(IF(LEFT(B97,1)="c",1,2)&MID(B97,2,3),"000")&TEXT(C97,"00")) -> 128311 | B97: c283 | C97: 11 | D97: a | E97: 12830102 | F97: Morgan | G97: Base | H97: 모건 | J97: c283_01_F | K97: c283_01_L | L97: c283_01_Desc | M97: c283_01_CV | N97: c283_01_ci_F | O97: CharacterIcon | P97: c283_01_p | Q97: CharacterPortrait | R97: Promotion_c283_01_p | S97: CharacterPromotion | T97: =B97&"_"&D97&"_SkeletonData.asset" -> c283_a_SkeletonData.asset | U97: c283_01_a | V97: Naninovel/Characters/c283_01 | W97: Normal | X97: 1511291 | Y97: Active | Z97: 2511291 | AA97: Ultimate | AB97: 3511291 | AC97: Passive | AD97: 4511291
A98: =INT(TEXT(IF(LEFT(B98,1)="c",1,2)&MID(B98,2,3),"000")&TEXT(C98,"00")) -> 140011 | B98: c400 | C98: 11 | D98: a | E98: 14000102 | F98: Banshee | G98: Base | H98: 반시 | J98: c400_01_F | K98: c400_01_L | L98: c400_01_Desc | M98: c400_01_CV | N98: c400_01_ci_F | O98: CharacterIcon | P98: c400_01_p | Q98: CharacterPortrait | R98: Promotion_c400_01_p | S98: CharacterPromotion | T98: =B98&"_"&D98&"_SkeletonData.asset" -> c400_a_SkeletonData.asset | U98: c400_01_a | V98: Naninovel/Characters/c400_01 | W98: Normal | X98: 1551301 | Y98: Active | Z98: 2551301 | AA98: Ultimate | AB98: 3551301 | AC98: Passive | AD98: 4551301
A99: =INT(TEXT(IF(LEFT(B99,1)="c",1,2)&MID(B99,2,3),"000")&TEXT(C99,"00")) -> 144711 | B99: c447 | C99: 11 | D99: a | E99: 14470102 | F99: Miriam | G99: Base | H99: 미리암 | J99: c447_01_F | K99: c447_01_L | L99: c447_01_Desc | M99: c447_01_CV | N99: c447_01_ci_F | O99: CharacterIcon | P99: c447_01_p | Q99: CharacterPortrait | R99: Promotion_c447_01_p | S99: CharacterPromotion | T99: =B99&"_"&D99&"_SkeletonData.asset" -> c447_a_SkeletonData.asset | U99: c447_01_a | V99: Naninovel/Characters/c447_01 | W99: Normal | X99: 1531311 | Y99: Active | Z99: 2531311 | AA99: Ultimate | AB99: 3531311 | AC99: Passive | AD99: 4531311
A100: =INT(TEXT(IF(LEFT(B100,1)="c",1,2)&MID(B100,2,3),"000")&TEXT(C100,"00")) -> 146211 | B100: c462 | C100: 11 | D100: a | E100: 14620102 | F100: Theresa | G100: Base | H100: 데레사 | J100: c462_01_F | K100: c462_01_L | L100: c462_01_Desc | M100: c462_01_CV | N100: c462_01_ci_F | O100: CharacterIcon | P100: c462_01_p | Q100: CharacterPortrait | R100: Promotion_c462_01_p | S100: CharacterPromotion | T100: =B100&"_"&D100&"_SkeletonData.asset" -> c462_a_SkeletonData.asset | U100: c462_01_a | V100: Naninovel/Characters/c462_01 | W100: Normal | X100: 1512321 | Y100: Active | Z100: 2512321 | AA100: Ultimate | AB100: 3512321 | AC100: Passive | AD100: 4512321
A101: =INT(TEXT(IF(LEFT(B101,1)="c",1,2)&MID(B101,2,3),"000")&TEXT(C101,"00")) -> 128111 | B101: c281 | C101: 11 | D101: a | E101: 14620102 | F101: Thisbe | G101: Base | H101: 티스베 | J101: c281_01_F | K101: c281_01_L | L101: c281_01_Desc | M101: c281_01_CV | N101: c281_01_ci_F | O101: CharacterIcon | P101: c281_01_p | Q101: CharacterPortrait | R101: Promotion_c281_01_p | S101: CharacterPromotion | T101: =B101&"_"&D101&"_SkeletonData.asset" -> c281_a_SkeletonData.asset | U101: c281_01_a | V101: Naninovel/Characters/c281_01 | W101: Normal | X101: 1524331 | Y101: Active | Z101: 2524331 | AA101: Ultimate | AB101: 3524331 | AC101: Passive | AD101: 4524331
A102: =INT(TEXT(IF(LEFT(B102,1)="c",1,2)&MID(B102,2,3),"000")&TEXT(C102,"00")) -> 151411 | B102: c514 | C102: 11 | D102: a | E102: 14620102 | F102: Duetsha | G102: Base | H102: 두엣샤 | J102: c514_01_F | K102: c514_01_L | L102: c514_01_Desc | M102: c514_01_CV | N102: c514_01_ci_F | O102: CharacterIcon | P102: c514_01_p | Q102: CharacterPortrait | R102: Promotion_c514_01_p | S102: CharacterPromotion | T102: =B102&"_"&D102&"_SkeletonData.asset" -> c514_a_SkeletonData.asset | U102: c514_01_a | V102: Naninovel/Characters/c514_01 | W102: Normal | X102: 1451341 | Y102: Active | Z102: 2451341 | AA102: Ultimate | AB102: 3451341 | AC102: Passive | AD102: 4451341

Sheet Timeline
A1: Id | B1: #캐릭터 | C1: #SkillType | D1: #Name | E1: Front | F1: Back | G1: CutIn
A4: 1511031 | C4: {=_xlfn.IFS(INT(LEFT(A4,1))=1,"Normal", INT(LEFT(A4,1))=2,"Active", INT(LEFT(A4,1))=3,"Ultimate", INT(LEFT(A4,1))=4,"Passive")} -> Normal | D4: c003_a | E4: =IF(C4="Passive","NULL",$D4&"/"&LOWER($D4&"_"&$C4&"_front.prefab")) -> c003_a/c003_a_normal_front.prefab | F4: =IF(C4="Passive","NULL",$D4&"/"&LOWER($D4&"_"&$C4&"_Back.prefab")) -> c003_a/c003_a_normal_back.prefab | G4: NULL
A5: 2511031 | C5: {=_xlfn.IFS(INT(LEFT(A5,1))=1,"Normal", INT(LEFT(A5,1))=2,"Active", INT(LEFT(A5,1))=3,"Ultimate", INT(LEFT(A5,1))=4,"Passive")} -> Active | D5: c003_a | E5: =IF(C5="Passive","NULL",$D5&"/"&LOWER($D5&"_"&$C5&"_front.prefab")) -> c003_a/c003_a_active_front.prefab | F5: =IF(C5="Passive","NULL",$D5&"/"&LOWER($D5&"_"&$C5&"_Back.prefab")) -> c003_a/c003_a_active_back.prefab | G5: NULL
A6: 3511031 | C6: {=_xlfn.IFS(INT(LEFT(A6,1))=1,"Normal", INT(LEFT(A6,1))=2,"Active", INT(LEFT(A6,1))=3,"Ultimate", INT(LEFT(A6,1))=4,"Passive")} -> Ultimate | D6: c003_a | E6: =IF(C6="Passive","NULL",$D6&"/"&LOWER($D6&"_"&$C6&"_front.prefab")) -> c003_a/c003_a_ultimate_front.prefab | F6: =IF(C6="Passive","NULL",$D6&"/"&LOWER($D6&"_"&$C6&"_Back.prefab")) -> c003_a/c003_a_ultimate_back.prefab | G6: NULL
A7: 4511031 | C7: {=_xlfn.IFS(INT(LEFT(A7,1))=1,"Normal", INT(LEFT(A7,1))=2,"Active", INT(LEFT(A7,1))=3,"Ultimate", INT(LEFT(A7,1))=4,"Passive")} -> Passive | D7: c003_a | E7: =IF(C7="Passive","NULL",$D7&"/"&LOWER($D7&"_"&$C7&"_front.prefab")) -> NULL | F7: =IF(C7="Passive","NULL",$D7&"/"&LOWER($D7&"_"&$C7&"_Back.prefab")) -> NULL | G7: NULL
A8: 1532071 | C8: {=_xlfn.IFS(INT(LEFT(A8,1))=1,"Normal", INT(LEFT(A8,1))=2,"Active", INT(LEFT(A8,1))=3,"Ultimate", INT(LEFT(A8,1))=4,"Passive")} -> Normal | D8: c180_a | E8: =IF(C8="Passive","NULL",$D8&"/"&LOWER($D8&"_"&$C8&"_front.prefab")) -> c180_a/c180_a_normal_front.prefab | F8: =IF(C8="Passive","NULL",$D8&"/"&LOWER($D8&"_"&$C8&"_Back.prefab")) -> c180_a/c180_a_normal_back.prefab | G8: NULL
A9: 2532071 | C9: {=_xlfn.IFS(INT(LEFT(A9,1))=1,"Normal", INT(LEFT(A9,1))=2,"Active", INT(LEFT(A9,1))=3,"Ultimate", INT(LEFT(A9,1))=4,"Passive")} -> Active | D9: c180_a | E9: =IF(C9="Passive","NULL",$D9&"/"&LOWER($D9&"_"&$C9&"_front.prefab")) -> c180_a/c180_a_active_front.prefab | F9: =IF(C9="Passive","NULL",$D9&"/"&LOWER($D9&"_"&$C9&"_Back.prefab")) -> c180_a/c180_a_active_back.prefab | G9: NULL
A10: 3532071 | C10: {=_xlfn.IFS(INT(LEFT(A10,1))=1,"Normal", INT(LEFT(A10,1))=2,"Active", INT(LEFT(A10,1))=3,"Ultimate", INT(LEFT(A10,1))=4,"Passive")} -> Ultimate | D10: c180_a | E10: =IF(C10="Passive","NULL",$D10&"/"&LOWER($D10&"_"&$C10&"_front.prefab")) -> c180_a/c180_a_ultimate_front.prefab | F10: =IF(C10="Passive","NULL",$D10&"/"&LOWER($D10&"_"&$C10&"_Back.prefab")) -> c180_a/c180_a_ultimate_back.prefab | G10: NULL
A11: 4532071 | C11: {=_xlfn.IFS(INT(LEFT(A11,1))=1,"Normal", INT(LEFT(A11,1))=2,"Active", INT(LEFT(A11,1))=3,"Ultimate", INT(LEFT(A11,1))=4,"Passive")} -> Passive | D11: c180_a | E11: =IF(C11="Passive","NULL",$D11&"/"&LOWER($D11&"_"&$C11&"_front.prefab")) -> NULL | F11: =IF(C11="Passive","NULL",$D11&"/"&LOWER($D11&"_"&$C11&"_Back.prefab")) -> NULL | G11: NULL
A12: 1534061 | C12: {=_xlfn.IFS(INT(LEFT(A12,1))=1,"Normal", INT(LEFT(A12,1))=2,"Active", INT(LEFT(A12,1))=3,"Ultimate", INT(LEFT(A12,1))=4,"Passive")} -> Normal | D12: c229_a | E12: =IF(C12="Passive","NULL",$D12&"/"&LOWER($D12&"_"&$C12&"_front.prefab")) -> c229_a/c229_a_normal_front.prefab | F12: =IF(C12="Passive","NULL",$D12&"/"&LOWER($D12&"_"&$C12&"_Back.prefab")) -> c229_a/c229_a_normal_back.prefab | G12: NULL
A13: 2534061 | C13: {=_xlfn.IFS(INT(LEFT(A13,1))=1,"Normal", INT(LEFT(A13,1))=2,"Active", INT(LEFT(A13,1))=3,"Ultimate", INT(LEFT(A13,1))=4,"Passive")} -> Active | D13: c229_a | E13: =IF(C13="Passive","NULL",$D13&"/"&LOWER($D13&"_"&$C13&"_front.prefab")) -> c229_a/c229_a_active_front.prefab | F13: =IF(C13="Passive","NULL",$D13&"/"&LOWER($D13&"_"&$C13&"_Back.prefab")) -> c229_a/c229_a_active_back.prefab | G13: NULL
A14: 3534061 | C14: {=_xlfn.IFS(INT(LEFT(A14,1))=1,"Normal", INT(LEFT(A14,1))=2,"Active", INT(LEFT(A14,1))=3,"Ultimate", INT(LEFT(A14,1))=4,"Passive")} -> Ultimate | D14: c229_a | E14: =IF(C14="Passive","NULL",$D14&"/"&LOWER($D14&"_"&$C14&"_front.prefab")) -> c229_a/c229_a_ultimate_front.prefab | F14: =IF(C14="Passive","NULL",$D14&"/"&LOWER($D14&"_"&$C14&"_Back.prefab")) -> c229_a/c229_a_ultimate_back.prefab | G14: NULL
A15: 4534061 | C15: {=_xlfn.IFS(INT(LEFT(A15,1))=1,"Normal", INT(LEFT(A15,1))=2,"Active", INT(LEFT(A15,1))=3,"Ultimate", INT(LEFT(A15,1))=4,"Passive")} -> Passive | D15: c229_a | E15: =IF(C15="Passive","NULL",$D15&"/"&LOWER($D15&"_"&$C15&"_front.prefab")) -> NULL | F15: =IF(C15="Passive","NULL",$D15&"/"&LOWER($D15&"_"&$C15&"_Back.prefab")) -> NULL | G15: NULL
... A38: 1852011 | C38: {=_xlfn.IFS(INT(LEFT(A38,1))=1,"Normal", INT(LEFT(A38,1))=2,"Active", INT(LEFT(A38,1))=3,"Ultimate", INT(LEFT(A38,1))=4,"Passive")} -> Normal | D38: m155_05_a | E38: =IF(C38="Passive","NULL",$D38&"/"&LOWER($D38&"_"&$C38&"_front.prefab")) -> m155_05_a/m155_05_a_normal_front.prefab | F38: =IF(C38="Passive","NULL",$D38&"/"&LOWER($D38&"_"&$C38&"_Back.prefab")) -> m155_05_a/m155_05_a_normal_back.prefab | G38: NULL
A39: 2812011 | C39: Active | D39: m155_01_a | E39: =IF(C39="Passive","NULL",$D39&"/"&LOWER($D39&"_"&$C39&"_front.prefab")) -> m155_01_a/m155_01_a_active_front.prefab | F39: =IF(C39="Passive","NULL",$D39&"/"&LOWER($D39&"_"&$C39&"_Back.prefab")) -> m155_01_a/m155_01_a_active_back.prefab | G39: NULL
A40: 2822011 | C40: Active | D40: m155_02_a | E40: =IF(C40="Passive","NULL",$D40&"/"&LOWER($D40&"_"&$C40&"_front.prefab")) -> m155_02_a/m155_02_a_active_front.prefab | F40: =IF(C40="Passive","NULL",$D40&"/"&LOWER($D40&"_"&$C40&"_Back.prefab")) -> m155_02_a/m155_02_a_active_back.prefab | G40: NULL
A41: 2832011 | C41: Active | D41: m155_03_a | E41: =IF(C41="Passive","NULL",$D41&"/"&LOWER($D41&"_"&$C41&"_front.prefab")) -> m155_03_a/m155_03_a_active_front.prefab | F41: =IF(C41="Passive","NULL",$D41&"/"&LOWER($D41&"_"&$C41&"_Back.prefab")) -> m155_03_a/m155_03_a_active_back.prefab | G41: NULL
A42: 2842011 | C42: Active | D42: m155_04_a | E42: =IF(C42="Passive","NULL",$D42&"/"&LOWER($D42&"_"&$C42&"_front.prefab")) -> m155_04_a/m155_04_a_active_front.prefab | F42: =IF(C42="Passive","NULL",$D42&"/"&LOWER($D42&"_"&$C42&"_Back.prefab")) -> m155_04_a/m155_04_a_active_back.prefab | G42: NULL
A43: 2852011 | C43: Active | D43: m155_05_a | E43: =IF(C43="Passive","NULL",$D43&"/"&LOWER($D43&"_"&$C43&"_front.prefab")) -> m155_05_a/m155_05_a_active_front.prefab | F43: =IF(C43="Passive","NULL",$D43&"/"&LOWER($D43&"_"&$C43&"_Back.prefab")) -> m155_05_a/m155_05_a_active_back.prefab | G43: NULL
A44: 1811031 | C44: {=_xlfn.IFS(INT(LEFT(A44,1))=1,"Normal", INT(LEFT(A44,1))=2,"Active", INT(LEFT(A44,1))=3,"Ultimate", INT(LEFT(A44,1))=4,"Passive")} -> Normal | D44: m258_01_a | E44: =IF(C44="Passive","NULL",$D44&"/"&LOWER($D44&"_"&$C44&"_front.prefab")) -> m258_01_a/m258_01_a_normal_front.prefab | F44: =IF(C44="Passive","NULL",$D44&"/"&LOWER($D44&"_"&$C44&"_Back.prefab")) -> m258_01_a/m258_01_a_normal_back.prefab | G44: NULL
A45: 1821031 | C45: {=_xlfn.IFS(INT(LEFT(A45,1))=1,"Normal", INT(LEFT(A45,1))=2,"Active", INT(LEFT(A45,1))=3,"Ultimate", INT(LEFT(A45,1))=4,"Passive")} -> Normal | D45: m258_02_a | E45: =IF(C45="Passive","NULL",$D45&"/"&LOWER($D45&"_"&$C45&"_front.prefab")) -> m258_02_a/m258_02_a_normal_front.prefab | F45: =IF(C45="Passive","NULL",$D45&"/"&LOWER($D45&"_"&$C45&"_Back.prefab")) -> m258_02_a/m258_02_a_normal_back.prefab | G45: NULL
A46: 1831031 | C46: {=_xlfn.IFS(INT(LEFT(A46,1))=1,"Normal", INT(LEFT(A46,1))=2,"Active", INT(LEFT(A46,1))=3,"Ultimate", INT(LEFT(A46,1))=4,"Passive")} -> Normal | D46: m258_03_a | E46: =IF(C46="Passive","NULL",$D46&"/"&LOWER($D46&"_"&$C46&"_front.prefab")) -> m258_03_a/m258_03_a_normal_front.prefab | F46: =IF(C46="Passive","NULL",$D46&"/"&LOWER($D46&"_"&$C46&"_Back.prefab")) -> m258_03_a/m258_03_a_normal_back.prefab | G46: NULL
A47: 1841031 | C47: {=_xlfn.IFS(INT(LEFT(A47,1))=1,"Normal", INT(LEFT(A47,1))=2,"Active", INT(LEFT(A47,1))=3,"Ultimate", INT(LEFT(A47,1))=4,"Passive")} -> Normal | D47: m258_04_a | E47: =IF(C47="Passive","NULL",$D47&"/"&LOWER($D47&"_"&$C47&"_front.prefab")) -> m258_04_a/m258_04_a_normal_front.prefab | F47: =IF(C47="Passive","NULL",$D47&"/"&LOWER($D47&"_"&$C47&"_Back.prefab")) -> m258_04_a/m258_04_a_normal_back.prefab | G47: NULL
A48: 1851031 | C48: {=_xlfn.IFS(INT(LEFT(A48,1))=1,"Normal", INT(LEFT(A48,1))=2,"Active", INT(LEFT(A48,1))=3,"Ultimate", INT(LEFT(A48,1))=4,"Passive")} -> Normal | D48: m258_05_a | E48: =IF(C48="Passive","NULL",$D48&"/"&LOWER($D48&"_"&$C48&"_front.prefab")) -> m258_05_a/m258_05_a_normal_front.prefab | F48: =IF(C48="Passive","NULL",$D48&"/"&LOWER($D48&"_"&$C48&"_Back.prefab")) -> m258_05_a/m258_05_a_normal_back.prefab | G48: NULL
A49: 2811031 | C49: {=_xlfn.IFS(INT(LEFT(A49,1))=1,"Normal", INT(LEFT(A49,1))=2,"Active", INT(LEFT(A49,1))=3,"Ultimate", INT(LEFT(A49,1))=4,"Passive")} -> Active | D49: m258_01_a | E49: =IF(C49="Passive","NULL",$D49&"/"&LOWER($D49&"_"&$C49&"_front.prefab")) -> m258_01_a/m258_01_a_active_front.prefab | F49: =IF(C49="Passive","NULL",$D49&"/"&LOWER($D49&"_"&$C49&"_Back.prefab")) -> m258_01_a/m258_01_a_active_back.prefab | G49: NULL
A50: 2821031 | C50: {=_xlfn.IFS(INT(LEFT(A50,1))=1,"Normal", INT(LEFT(A50,1))=2,"Active", INT(LEFT(A50,1))=3,"Ultimate", INT(LEFT(A50,1))=4,"Passive")} -> Active | D50: m258_02_a | E50: =IF(C50="Passive","NULL",$D50&"/"&LOWER($D50&"_"&$C50&"_front.prefab")) -> m258_02_a/m258_02_a_active_front.prefab | F50: =IF(C50="Passive","NULL",$D50&"/"&LOWER($D50&"_"&$C50&"_Back.prefab")) -> m258_02_a/m258_02_a_active_back.prefab | G50: NULL
A51: 2831031 | C51: {=_xlfn.IFS(INT(LEFT(A51,1))=1,"Normal", INT(LEFT(A51,1))=2,"Active", INT(LEFT(A51,1))=3,"Ultimate", INT(LEFT(A51,1))=4,"Passive")} -> Active | D51: m258_03_a | E51: =IF(C51="Passive","NULL",$D51&"/"&LOWER($D51&"_"&$C51&"_front.prefab")) -> m258_03_a/m258_03_a_active_front.prefab | F51: =IF(C51="Passive","NULL",$D51&"/"&LOWER($D51&"_"&$C51&"_Back.prefab")) -> m258_03_a/m258_03_a_active_back.prefab | G51: NULL
A52: 2841031 | C52: {=_xlfn.IFS(INT(LEFT(A52,1))=1,"Normal", INT(LEFT(A52,1))=2,"Active", INT(LEFT(A52,1))=3,"Ultimate", INT(LEFT(A52,1))=4,"Passive")} -> Active | D52: m258_04_a | E52: =IF(C52="Passive","NULL",$D52&"/"&LOWER($D52&"_"&$C52&"_front.prefab")) -> m258_04_a/m258_04_a_active_front.prefab | F52: =IF(C52="Passive","NULL",$D52&"/"&LOWER($D52&"_"&$C52&"_Back.prefab")) -> m258_04_a/m258_04_a_active_back.prefab | G52: NULL
A53: 2851031 | C53: {=_xlfn.IFS(INT(LEFT(A53,1))=1,"Normal", INT(LEFT(A53,1))=2,"Active", INT(LEFT(A53,1))=3,"Ultimate", INT(LEFT(A53,1))=4,"Passive")} -> Active | D53: m258_05_a | E53: =IF(C53="Passive","NULL",$D53&"/"&LOWER($D53&"_"&$C53&"_front.prefab")) -> m258_05_a/m258_05_a_active_front.prefab | F53: =IF(C53="Passive","NULL",$D53&"/"&LOWER($D53&"_"&$C53&"_Back.prefab")) -> m258_05_a/m258_05_a_active_back.prefab | G53: NULL
A54: 3811031 | C54: {=_xlfn.IFS(INT(LEFT(A54,1))=1,"Normal", INT(LEFT(A54,1))=2,"Active", INT(LEFT(A54,1))=3,"Ultimate", INT(LEFT(A54,1))=4,"Passive")} -> Ultimate | D54: m258_01_a | E54: =IF(C54="Passive","NULL",$D54&"/"&LOWER($D54&"_"&$C54&"_front.prefab")) -> m258_01_a/m258_01_a_ultimate_front.prefab | F54: =IF(C54="Passive","NULL",$D54&"/"&LOWER($D54&"_"&$C54&"_Back.prefab")) -> m258_01_a/m258_01_a_ultimate_back.prefab | G54: NULL
A55: 3821031 | C55: {=_xlfn.IFS(INT(LEFT(A55,1))=1,"Normal", INT(LEFT(A55,1))=2,"Active", INT(LEFT(A55,1))=3,"Ultimate", INT(LEFT(A55,1))=4,"Passive")} -> Ultimate | D55: m258_02_a | E55: =IF(C55="Passive","NULL",$D55&"/"&LOWER($D55&"_"&$C55&"_front.prefab")) -> m258_02_a/m258_02_a_ultimate_front.prefab | F55: =IF(C55="Passive","NULL",$D55&"/"&LOWER($D55&"_"&$C55&"_Back.prefab")) -> m258_02_a/m258_02_a_ultimate_back.prefab | G55: NULL
... A77: 1842061 | C77: {=_xlfn.IFS(INT(LEFT(A77,1))=1,"Normal", INT(LEFT(A77,1))=2,"Active", INT(LEFT(A77,1))=3,"Ultimate", INT(LEFT(A77,1))=4,"Passive")} -> Normal | D77: m189_a | E77: =IF(C77="Passive","NULL",$D77&"/"&LOWER($D77&"_"&$C77&"_front.prefab")) -> m189_a/m189_a_normal_front.prefab | F77: =IF(C77="Passive","NULL",$D77&"/"&LOWER($D77&"_"&$C77&"_Back.prefab")) -> m189_a/m189_a_normal_back.prefab | G77: NULL
A78: 2842061 | C78: Active | D78: m189_a | E78: =IF(C78="Passive","NULL",$D78&"/"&LOWER($D78&"_"&$C78&"_front.prefab")) -> m189_a/m189_a_active_front.prefab | F78: =IF(C78="Passive","NULL",$D78&"/"&LOWER($D78&"_"&$C78&"_Back.prefab")) -> m189_a/m189_a_active_back.prefab | G78: NULL
A79: 3842061 | C79: {=_xlfn.IFS(INT(LEFT(A79,1))=1,"Normal", INT(LEFT(A79,1))=2,"Active", INT(LEFT(A79,1))=3,"Ultimate", INT(LEFT(A79,1))=4,"Passive")} -> Ultimate | D79: m189_a | E79: =IF(C79="Passive","NULL",$D79&"/"&LOWER($D79&"_"&$C79&"_front.prefab")) -> m189_a/m189_a_ultimate_front.prefab | F79: =IF(C79="Passive","NULL",$D79&"/"&LOWER($D79&"_"&$C79&"_Back.prefab")) -> m189_a/m189_a_ultimate_back.prefab | G79: NULL
A80: 1811041 | C80: {=_xlfn.IFS(INT(LEFT(A80,1))=1,"Normal", INT(LEFT(A80,1))=2,"Active", INT(LEFT(A80,1))=3,"Ultimate", INT(LEFT(A80,1))=4,"Passive")} -> Normal | D80: m073_01_a | E80: =IF(C80="Passive","NULL",$D80&"/"&LOWER($D80&"_"&$C80&"_front.prefab")) -> m073_01_a/m073_01_a_normal_front.prefab | F80: =IF(C80="Passive","NULL",$D80&"/"&LOWER($D80&"_"&$C80&"_Back.prefab")) -> m073_01_a/m073_01_a_normal_back.prefab | G80: NULL
A81: 3811041 | C81: {=_xlfn.IFS(INT(LEFT(A81,1))=1,"Normal", INT(LEFT(A81,1))=2,"Active", INT(LEFT(A81,1))=3,"Ultimate", INT(LEFT(A81,1))=4,"Passive")} -> Ultimate | D81: m073_01_a | E81: =IF(C81="Passive","NULL",$D81&"/"&LOWER($D81&"_"&$C81&"_front.prefab")) -> m073_01_a/m073_01_a_ultimate_front.prefab | F81: =IF(C81="Passive","NULL",$D81&"/"&LOWER($D81&"_"&$C81&"_Back.prefab")) -> m073_01_a/m073_01_a_ultimate_back.prefab | G81: NULL
A82: 1821041 | C82: {=_xlfn.IFS(INT(LEFT(A82,1))=1,"Normal", INT(LEFT(A82,1))=2,"Active", INT(LEFT(A82,1))=3,"Ultimate", INT(LEFT(A82,1))=4,"Passive")} -> Normal | D82: m073_02_a | E82: =IF(C82="Passive","NULL",$D82&"/"&LOWER($D82&"_"&$C82&"_front.prefab")) -> m073_02_a/m073_02_a_normal_front.prefab | F82: =IF(C82="Passive","NULL",$D82&"/"&LOWER($D82&"_"&$C82&"_Back.prefab")) -> m073_02_a/m073_02_a_normal_back.prefab | G82: NULL
A83: 3821041 | C83: {=_xlfn.IFS(INT(LEFT(A83,1))=1,"Normal", INT(LEFT(A83,1))=2,"Active", INT(LEFT(A83,1))=3,"Ultimate", INT(LEFT(A83,1))=4,"Passive")} -> Ultimate | D83: m073_02_a | E83: =IF(C83="Passive","NULL",$D83&"/"&LOWER($D83&"_"&$C83&"_front.prefab")) -> m073_02_a/m073_02_a_ultimate_front.prefab | F83: =IF(C83="Passive","NULL",$D83&"/"&LOWER($D83&"_"&$C83&"_Back.prefab")) -> m073_02_a/m073_02_a_ultimate_back.prefab | G83: NULL
A84: 1831041 | C84: {=_xlfn.IFS(INT(LEFT(A84,1))=1,"Normal", INT(LEFT(A84,1))=2,"Active", INT(LEFT(A84,1))=3,"Ultimate", INT(LEFT(A84,1))=4,"Passive")} -> Normal | D84: m073_03_a | E84: =IF(C84="Passive","NULL",$D84&"/"&LOWER($D84&"_"&$C84&"_front.prefab")) -> m073_03_a/m073_03_a_normal_front.prefab | F84: =IF(C84="Passive","NULL",$D84&"/"&LOWER($D84&"_"&$C84&"_Back.prefab")) -> m073_03_a/m073_03_a_normal_back.prefab | G84: NULL
A85: 3831041 | C85: {=_xlfn.IFS(INT(LEFT(A85,1))=1,"Normal", INT(LEFT(A85,1))=2,"Active", INT(LEFT(A85,1))=3,"Ultimate", INT(LEFT(A85,1))=4,"Passive")} -> Ultimate | D85: m073_03_a | E85: =IF(C85="Passive","NULL",$D85&"/"&LOWER($D85&"_"&$C85&"_front.prefab")) -> m073_03_a/m073_03_a_ultimate_front.prefab | F85: =IF(C85="Passive","NULL",$D85&"/"&LOWER($D85&"_"&$C85&"_Back.prefab")) -> m073_03_a/m073_03_a_ultimate_back.prefab | G85: NULL
A86: 1841041 | C86: {=_xlfn.IFS(INT(LEFT(A86,1))=1,"Normal", INT(LEFT(A86,1))=2,"Active", INT(LEFT(A86,1))=3,"Ultimate", INT(LEFT(A86,1))=4,"Passive")} -> Normal | D86: m073_04_a | E86: =IF(C86="Passive","NULL",$D86&"/"&LOWER($D86&"_"&$C86&"_front.prefab")) -> m073_04_a/m073_04_a_normal_front.prefab | F86: =IF(C86="Passive","NULL",$D86&"/"&LOWER($D86&"_"&$C86&"_Back.prefab")) -> m073_04_a/m073_04_a_normal_back.prefab | G86: NULL
A87: 3841041 | C87: {=_xlfn.IFS(INT(LEFT(A87,1))=1,"Normal", INT(LEFT(A87,1))=2,"Active", INT(LEFT(A87,1))=3,"Ultimate", INT(LEFT(A87,1))=4,"Passive")} -> Ultimate | D87: m073_04_a | E87: =IF(C87="Passive","NULL",$D87&"/"&LOWER($D87&"_"&$C87&"_front.prefab")) -> m073_04_a/m073_04_a_ultimate_front.prefab | F87: =IF(C87="Passive","NULL",$D87&"/"&LOWER($D87&"_"&$C87&"_Back.prefab")) -> m073_04_a/m073_04_a_ultimate_back.prefab | G87: NULL
A88: 1851041 | C88: {=_xlfn.IFS(INT(LEFT(A88,1))=1,"Normal", INT(LEFT(A88,1))=2,"Active", INT(LEFT(A88,1))=3,"Ultimate", INT(LEFT(A88,1))=4,"Passive")} -> Normal | D88: m073_05_a | E88: =IF(C88="Passive","NULL",$D88&"/"&LOWER($D88&"_"&$C88&"_front.prefab")) -> m073_05_a/m073_05_a_normal_front.prefab | F88: =IF(C88="Passive","NULL",$D88&"/"&LOWER($D88&"_"&$C88&"_Back.prefab")) -> m073_05_a/m073_05_a_normal_back.prefab | G88: NULL
A89: 3851041 | C89: {=_xlfn.IFS(INT(LEFT(A89,1))=1,"Normal", INT(LEFT(A89,1))=2,"Active", INT(LEFT(A89,1))=3,"Ultimate", INT(LEFT(A89,1))=4,"Passive")} -> Ultimate | D89: m073_05_a | E89: =IF(C89="Passive","NULL",$D89&"/"&LOWER($D89&"_"&$C89&"_front.prefab")) -> m073_05_a/m073_05_a_ultimate_front.prefab | F89: =IF(C89="Passive","NULL",$D89&"/"&LOWER($D89&"_"&$C89&"_Back.prefab")) -> m073_05_a/m073_05_a_ultimate_back.prefab | G89: NULL
A90: 1942031 | C90: {=_xlfn.IFS(INT(LEFT(A90,1))=1,"Normal", INT(LEFT(A90,1))=2,"Active", INT(LEFT(A90,1))=3,"Ultimate", INT(LEFT(A90,1))=4,"Passive")} -> Normal | D90: m051_a | E90: =IF(C90="Passive","NULL",$D90&"/"&LOWER($D90&"_"&$C90&"_front.prefab")) -> m051_a/m051_a_normal_front.prefab | F90: =IF(C90="Passive","NULL",$D90&"/"&LOWER($D90&"_"&$C90&"_Back.prefab")) -> m051_a/m051_a_normal_back.prefab | G90: NULL
... A112: 4325111 | C112: {=_xlfn.IFS(INT(LEFT(A112,1))=1,"Normal", INT(LEFT(A112,1))=2,"Active", INT(LEFT(A112,1))=3,"Ultimate", INT(LEFT(A112,1))=4,"Passive")} -> Passive | D112: c002_a | E112: =IF(C112="Passive","NULL",$D112&"/"&LOWER($D112&"_"&$C112&"_front.prefab")) -> NULL | F112: =IF(C112="Passive","NULL",$D112&"/"&LOWER($D112&"_"&$C112&"_Back.prefab")) -> NULL | G112: NULL
A113: 1313121 | C113: Normal | D113: c417_a | E113: =IF(C113="Passive","NULL",$D113&"/"&LOWER($D113&"_"&$C113&"_front.prefab")) -> c417_a/c417_a_normal_front.prefab | F113: =IF(C113="Passive","NULL",$D113&"/"&LOWER($D113&"_"&$C113&"_Back.prefab")) -> c417_a/c417_a_normal_back.prefab | G113: NULL
A114: 2313121 | C114: Active | D114: c417_a | E114: =IF(C114="Passive","NULL",$D114&"/"&LOWER($D114&"_"&$C114&"_front.prefab")) -> c417_a/c417_a_active_front.prefab | F114: =IF(C114="Passive","NULL",$D114&"/"&LOWER($D114&"_"&$C114&"_Back.prefab")) -> c417_a/c417_a_active_back.prefab | G114: NULL
A115: 3313121 | C115: Ultimate | D115: c417_a | E115: =IF(C115="Passive","NULL",$D115&"/"&LOWER($D115&"_"&$C115&"_front.prefab")) -> c417_a/c417_a_ultimate_front.prefab | F115: =IF(C115="Passive","NULL",$D115&"/"&LOWER($D115&"_"&$C115&"_Back.prefab")) -> c417_a/c417_a_ultimate_back.prefab | G115: NULL
A116: 4313121 | C116: Passive | D116: c417_a | E116: =IF(C116="Passive","NULL",$D116&"/"&LOWER($D116&"_"&$C116&"_front.prefab")) -> NULL | F116: =IF(C116="Passive","NULL",$D116&"/"&LOWER($D116&"_"&$C116&"_Back.prefab")) -> NULL | G116: NULL
A117: 2811041 | C117: Active | D117: m073_01_a | E117: =IF(C117="Passive","NULL",$D117&"/"&LOWER($D117&"_"&$C117&"_front.prefab")) -> m073_01_a/m073_01_a_active_front.prefab | F117: =IF(C117="Passive","NULL",$D117&"/"&LOWER($D117&"_"&$C117&"_Back.prefab")) -> m073_01_a/m073_01_a_active_back.prefab | G117: NULL
A118: 2821041 | C118: Active | D118: m073_02_a | E118: =IF(C118="Passive","NULL",$D118&"/"&LOWER($D118&"_"&$C118&"_front.prefab")) -> m073_02_a/m073_02_a_active_front.prefab | F118: =IF(C118="Passive","NULL",$D118&"/"&LOWER($D118&"_"&$C118&"_Back.prefab")) -> m073_02_a/m073_02_a_active_back.prefab | G118: NULL
A119: 2831041 | C119: Active | D119: m073_03_a | E119: =IF(C119="Passive","NULL",$D119&"/"&LOWER($D119&"_"&$C119&"_front.prefab")) -> m073_03_a/m073_03_a_active_front.prefab | F119: =IF(C119="Passive","NULL",$D119&"/"&LOWER($D119&"_"&$C119&"_Back.prefab")) -> m073_03_a/m073_03_a_active_back.prefab | G119: NULL
A120: 2841041 | C120: Active | D120: m073_04_a | E120: =IF(C120="Passive","NULL",$D120&"/"&LOWER($D120&"_"&$C120&"_front.prefab")) -> m073_04_a/m073_04_a_active_front.prefab | F120: =IF(C120="Passive","NULL",$D120&"/"&LOWER($D120&"_"&$C120&"_Back.prefab")) -> m073_04_a/m073_04_a_active_back.prefab | G120: NULL
A121: 2851041 | C121: Active | D121: m073_05_a | E121: =IF(C121="Passive","NULL",$D121&"/"&LOWER($D121&"_"&$C121&"_front.prefab")) -> m073_05_a/m073_05_a_active_front.prefab | F121: =IF(C121="Passive","NULL",$D121&"/"&LOWER($D121&"_"&$C121&"_Back.prefab")) -> m073_05_a/m073_05_a_active_back.prefab | G121: NULL
A122: 1351161 | C122: Normal | D122: c432_a | E122: =IF(C122="Passive","NULL",$D122&"/"&LOWER($D122&"_"&$C122&"_front.prefab")) -> c432_a/c432_a_normal_front.prefab | F122: =IF(C122="Passive","NULL",$D122&"/"&LOWER($D122&"_"&$C122&"_Back.prefab")) -> c432_a/c432_a_normal_back.prefab | G122: NULL
A123: 2351161 | C123: Active | D123: c432_a | E123: =IF(C123="Passive","NULL",$D123&"/"&LOWER($D123&"_"&$C123&"_front.prefab")) -> c432_a/c432_a_active_front.prefab | F123: =IF(C123="Passive","NULL",$D123&"/"&LOWER($D123&"_"&$C123&"_Back.prefab")) -> c432_a/c432_a_active_back.prefab | G123: NULL
A124: 3351161 | C124: Ultimate | D124: c432_a | E124: =IF(C124="Passive","NULL",$D124&"/"&LOWER($D124&"_"&$C124&"_front.prefab")) -> c432_a/c432_a_ultimate_front.prefab | F124: =IF(C124="Passive","NULL",$D124&"/"&LOWER($D124&"_"&$C124&"_Back.prefab")) -> c432_a/c432_a_ultimate_back.prefab | G124: NULL
... A205: 4531311 | C205: Passive | D205: c447_a | E205: =IF(C205="Passive","NULL",$D205&"/"&LOWER($D205&"_"&$C205&"_front.prefab")) -> NULL | F205: =IF(C205="Passive","NULL",$D205&"/"&LOWER($D205&"_"&$C205&"_Back.prefab")) -> NULL | G205: NULL
A206: 1512321 | B206: 데레사 | C206: Normal | D206: c462_a | E206: =IF(C206="Passive","NULL",$D206&"/"&LOWER($D206&"_"&$C206&"_front.prefab")) -> c462_a/c462_a_normal_front.prefab | F206: =IF(C206="Passive","NULL",$D206&"/"&LOWER($D206&"_"&$C206&"_Back.prefab")) -> c462_a/c462_a_normal_back.prefab | G206: NULL
A207: 2512321 | B207: 데레사 | C207: Active | D207: c462_a | E207: =IF(C207="Passive","NULL",$D207&"/"&LOWER($D207&"_"&$C207&"_front.prefab")) -> c462_a/c462_a_active_front.prefab | F207: =IF(C207="Passive","NULL",$D207&"/"&LOWER($D207&"_"&$C207&"_Back.prefab")) -> c462_a/c462_a_active_back.prefab | G207: NULL
A208: 3512321 | B208: 데레사 | C208: Ultimate | D208: c462_a | E208: =IF(C208="Passive","NULL",$D208&"/"&LOWER($D208&"_"&$C208&"_front.prefab")) -> c462_a/c462_a_ultimate_front.prefab | F208: =IF(C208="Passive","NULL",$D208&"/"&LOWER($D208&"_"&$C208&"_Back.prefab")) -> c462_a/c462_a_ultimate_back.prefab | G208: NULL
A209: 4512321 | B209: 데레사 | C209: Passive | D209: c462_a | E209: =IF(C209="Passive","NULL",$D209&"/"&LOWER($D209&"_"&$C209&"_front.prefab")) -> NULL | F209: =IF(C209="Passive","NULL",$D209&"/"&LOWER($D209&"_"&$C209&"_Back.prefab")) -> NULL | G209: NULL
A210: 1524331 | B210: 티스베 | C210: Normal | D210: c281_a | E210: =IF(C210="Passive","NULL",$D210&"/"&LOWER($D210&"_"&$C210&"_front.prefab")) -> c281_a/c281_a_normal_front.prefab | F210: =IF(C210="Passive","NULL",$D210&"/"&LOWER($D210&"_"&$C210&"_Back.prefab")) -> c281_a/c281_a_normal_back.prefab | G210: NULL
