Workbook

Sheet #summury
A2: Base 테이블
A3: DATA | B3: Type | C3: Desc
A4: Id | B4: int | C4: id
A5: Name | B5: string | C5: 이름
C6: - Localization 테이블의 키 값을 입력한다.
A7: Spine | B7: string | C7: 스파인 리소스 파일명.
C8: - 스파인 리소스는 Front와 Back 2개의 세트로 구성된다.
C9: - 스파인 리소스 파일명 규칙 확정 필요. (ex. Spine_Eve_Front)
A10: Illust | B10: string | C10: 일러스트 리소스 파일명.
A11: Icon | B11: string | C11: 캐릭터 아이콘 파일명
A15: Child 테이블
A16: DATA | B16: Type | C16: Desc
A17: Id | B17: int | C17: id
A18: BaseId | B18: int | C18: 사용할 캐릭터의 Base 테이블의 id를 입력한다.
A19: Name | B19: string | C19: 이름
C20: - Localization 테이블의 키 값을 입력한다.
A21: Grade | B21: Enum.Grade | C21: 캐릭터의 등급을 지정한다.
C22: 0: NONE
C23: 1: 1성
C24: 2: 2성
C25: 3: 3성
A26: Element | B26: Enum.Element | C26: 캐릭터의 속성을 지정한다.
C27: 0: NONE
C28: 1: 수속성
C29: 2: 화속성
C30: 3: 목속성
C31: 4: 광속성
C32: 5: 암속성
A33: Role | B33: Enum.Role | C33: 캐릭터의 직업을 지정한다.
C34: 0: NONE
C35: 1: 공격형
C36: 2: 방어형
C37: 3: 마법형
C38: 4: 보조형
A39: StatParam | B39: Enum.StatParam | C39: 스탯 종류
C40: - 스탯 종류를 설정한다.
A41: StatValue | B41: int | C41: 스탯 초기 값
C42: - 캐릭터의 1레벨의 성장되지 않은 초기 값이다.
C43: - 확장 가능
A44: SkillId | B44: int | C44: 스킬 id
C45: - 스킬 테이블의 id를 입력한다.
C46: - 한 캐릭터에 같은 스킬 id 값은 사용 불가
C47: - 확장 가능
A51: Monster 테이블
A52: DATA | B52: Type | C52: Desc
A53: Id | B53: int | C53: id
A54: BaseId | B54: int | C54: 사용할 캐릭터의 Base 테이블의 id를 입력한다.
A55: Name | B55: string | C55: 이름
C56: - Localization 테이블의 키 값을 입력한다.
A57: Size | B57: Enum.Size | C57: 몬스터의 크기
C58: 0: NONE
C59: 1: 1칸 크기
C60: 2: 3x3 크기
A61: MonsterType | B61: Enum.MonsterType | C61: 몬스터의 종류를 입력한다.
C62: 0: NONE
C63: 1: 일반
C64: 10: 보스
A65: Element | B65: Enum.Element | C65: 캐릭터의 속성을 지정한다.
C66: 0: NONE
C67: 1: 수속성
C68: 2: 화속성
C69: 3: 목속성
C70: 4: 광속성
C71: 5: 암속성
A72: Role | B72: Enum.Role | C72: 캐릭터의 직업을 지정한다.
C73: 0: NONE
C74: 1: 공격형
C75: 2: 방어형
C76: 3: 마법형
C77: 4: 보조형
A78: StatParam | B78: Enum.StatParam | C78: 스탯 종류
C79: - 스탯 종류를 설정한다.
A80: StatValue | B80: int | C80: 스탯 초기 값
C81: - 캐릭터의 1레벨의 성장되지 않은 초기 값이다.
C82: - 확장 가능
A83: SkillId | B83: int | C83: 스킬 id
C84: - 스킬 테이블의 id를 입력한다.
C85: - 한 캐릭터에 같은 스킬 id 값은 사용 불가
C86: - 확장 가능
A90: LevelupStat 테이블
A91: DATA | B91: Type | C91: Desc
A92: Id | B92: int | C92: id (캐릭터 레벨과 동일하다.)
A93: StatParam | B93: Enum.StatParam | C93: 레벨업 시 증가할 스탯을 입력한다.
A94: LevelValue | B94: int | C94: 해당 레벨에서 곱해질 스탯 배율을 입력한다.
C95: - 값은 1/100,000 단위이다.
C96: - ex) 126,000 값일 경우 실제 적용되는 값은 126%이다.
A101: LevelupExp 테이블
A102: DATA | B102: Type | C102: Desc
A103: Id | B103: int | C103: id (캐릭터 레벨과 동일하다.)
A104: NeedExp | B104: int | C104: 레벨업에 필요한 경험치를 입력한다.

Sheet Detail<Child>
A1: Id | B1: #이름 | C1: Skin | D1: #DefaultSoul | E1: Name | F1: Profile | G1: MonsterType | H1: Size | I1: Scale | J1: UseHud | K1: StatusOffset | L1: StarGrade | M1: Element | N1: Role | O1: LevelUpGroup | P1: MaxSp | Q1: UseSp | R1: TurnSp | S1: AtkSp | T1: HitSp | U1: StatParam | V1: StatValue | W1: StatParam | X1: StatValue | Y1: StatParam | Z1: StatValue | AA1: StatParam | AB1: StatValue | AC1: StatParam | AD1: StatValue | AE1: StatParam | AF1: StatValue | AG1: StatParam | AH1: StatValue | AI1: StatParam | AJ1: StatValue | AK1: StatParam | AL1: StatValue | AM1: SkillId | AN1: DefaultCheck | AO1: SkillId | AP1: DefaultCheck | AQ1: SkillId | AR1: DefaultCheck | AS1: SkillId | AT1: DefaultCheck | AU1: #check | AV1: #check | AW1: #check | AX1: #check
G3: 몬스터 타입 | H3: 크기 | L3: 등급 | M3: 속성 | N3: 직업 | AM3: Normal | AO3: Active | AQ3: Ultimate | AS3: Passive
A4: 10000035 | B4: 페르세포네 | C4: 1003501 | D4: c035 | E4: character_name_10000035 | F4: =D4&"_profile" | G4: None | H4: Normal | I4: 0.95,0.95,0.95 | J4: TRUE | K4: 0,0,0 | L4: 1 | M4: Dark | N4: Supporter | O4: =100+L4 | P4: 4 | Q4: 4 | R4: 1 | S4: 0 | T4: 0 | U4: Spd | V4: 120 | W4: Hp | X4: 5909 | Y4: Atk | Z4: 198 | AA4: Def | AB4: 142 | AC4: Penetration | AD4: 142 | AE4: Hit | AF4: 100 | AG4: Dodge | AH4: 100 | AI4: CriRatio | AJ4: 5000 | AK4: CriDmgRatio | AL4: 150000 | AU4: =_xlfn.XLOOKUP(AM4,'[1]Skill<Child>'!$A:$A,'[1]Skill<Child>'!$A:$A) | AV4: =_xlfn.XLOOKUP(AO4,'[1]Skill<Child>'!$A:$A,'[1]Skill<Child>'!$A:$A) | AW4: =_xlfn.XLOOKUP(AQ4,'[1]Skill<Child>'!$A:$A,'[1]Skill<Child>'!$A:$A) | AX4: =_xlfn.XLOOKUP(AS4,'[1]Skill<Child>'!$A:$A,'[1]Skill<Child>'!$A:$A)
A5: 10000048 | B5: 네반 | C5: 1004801 | D5: c048 | E5: character_name_10000048 | F5: =D5&"_profile" | G5: None | H5: Normal | I5: 0.95,0.95,0.95 | J5: TRUE | K5: 0,0,0 | L5: 1 | M5: Dark | N5: Healer | O5: =100+L5 | P5: 3 | Q5: 3 | R5: 1 | S5: 0 | T5: 0 | U5: Spd | V5: 90 | W5: Hp | X5: 6475 | Y5: Atk | Z5: 168 | AA5: Def | AB5: 151 | AC5: Penetration | AD5: 151 | AE5: Hit | AF5: 100 | AG5: Dodge | AH5: 100 | AI5: CriRatio | AJ5: 5000 | AK5: CriDmgRatio | AL5: 150000 | AU5: =_xlfn.XLOOKUP(AM5,'[1]Skill<Child>'!$A:$A,'[1]Skill<Child>'!$A:$A) | AV5: =_xlfn.XLOOKUP(AO5,'[1]Skill<Child>'!$A:$A,'[1]Skill<Child>'!$A:$A) | AW5: =_xlfn.XLOOKUP(AQ5,'[1]Skill<Child>'!$A:$A,'[1]Skill<Child>'!$A:$A) | AX5: =_xlfn.XLOOKUP(AS5,'[1]Skill<Child>'!$A:$A,'[1]Skill<Child>'!$A:$A)
A6: 10000064 | B6: 메두사 | C6: 1006401 | D6: c064 | E6: character_name_10000064 | F6: =D6&"_profile" | G6: None | H6: Normal | I6: 0.95,0.95,0.95 | J6: TRUE | K6: 0,0,0 | L6: 1 | M6: Dark | N6: Attacker | O6: =100+L6 | P6: 6 | Q6: 6 | R6: 1 | S6: 0 | T6: 0 | U6: Spd | V6: 80 | W6: Hp | X6: 5100 | Y6: Atk | Z6: 420 | AA6: Def | AB6: 120 | AC6: Penetration | AD6: 120 | AE6: Hit | AF6: 100 | AG6: Dodge | AH6: 100 | AI6: CriRatio | AJ6: 5000 | AK6: CriDmgRatio | AL6: 150000 | AU6: =_xlfn.XLOOKUP(AM6,'[1]Skill<Child>'!$A:$A,'[1]Skill<Child>'!$A:$A) | AV6: =_xlfn.XLOOKUP(AO6,'[1]Skill<Child>'!$A:$A,'[1]Skill<Child>'!$A:$A) | AW6: =_xlfn.XLOOKUP(AQ6,'[1]Skill<Child>'!$A:$A,'[1]Skill<Child>'!$A:$A) | AX6: =_xlfn.XLOOKUP(AS6,'[1]Skill<Child>'!$A:$A,'[1]Skill<Child>'!$A:$A)
A7: 10000037 | B7: 유다 | C7: 1003701 | D7: c037 | E7: character_name_10000037 | F7: =D7&"_profile" | G7: None | H7: Normal | I7: 0.95,0.95,0.95 | J7: TRUE | K7: 0,0,0 | L7: 1 | M7: Fire | N7: Defender | O7: =100+L7 | P7: 3 | Q7: 3 | R7: 1 | S7: 0 | T7: 0 | U7: Spd | V7: 110 | W7: Hp | X7: 8650 | Y7: Atk | Z7: 252 | AA7: Def | AB7: 240 | AC7: Penetration | AD7: 240 | AE7: Hit | AF7: 100 | AG7: Dodge | AH7: 100 | AI7: CriRatio | AJ7: 5000 | AK7: CriDmgRatio | AL7: 150000 | AU7: =_xlfn.XLOOKUP(AM7,'[1]Skill<Child>'!$A:$A,'[1]Skill<Child>'!$A:$A) | AV7: =_xlfn.XLOOKUP(AO7,'[1]Skill<Child>'!$A:$A,'[1]Skill<Child>'!$A:$A) | AW7: =_xlfn.XLOOKUP(AQ7,'[1]Skill<Child>'!$A:$A,'[1]Skill<Child>'!$A:$A) | AX7: =_xlfn.XLOOKUP(AS7,'[1]Skill<Child>'!$A:$A,'[1]Skill<Child>'!$A:$A)
A8: 10000083 | B8: 네이드 | C8: 1008301 | D8: c083 | E8: character_name_10000083 | F8: =D8&"_profile" | G8: None | H8: Normal | I8: 0.95,0.95,0.95 | J8: TRUE | K8: 0,0,0 | L8: 1 | M8: Fire | N8: Attacker | O8: =100+L8 | P8: 6 | Q8: 6 | R8: 1 | S8: 0 | T8: 0 | U8: Spd | V8: 80 | W8: Hp | X8: 5100 | Y8: Atk | Z8: 420 | AA8: Def | AB8: 120 | AC8: Penetration | AD8: 120 | AE8: Hit | AF8: 100 | AG8: Dodge | AH8: 100 | AI8: CriRatio | AJ8: 5000 | AK8: CriDmgRatio | AL8: 150000 | AU8: =_xlfn.XLOOKUP(AM8,'[1]Skill<Child>'!$A:$A,'[1]Skill<Child>'!$A:$A) | AV8: =_xlfn.XLOOKUP(AO8,'[1]Skill<Child>'!$A:$A,'[1]Skill<Child>'!$A:$A) | AW8: =_xlfn.XLOOKUP(AQ8,'[1]Skill<Child>'!$A:$A,'[1]Skill<Child>'!$A:$A) | AX8: =_xlfn.XLOOKUP(AS8,'[1]Skill<Child>'!$A:$A,'[1]Skill<Child>'!$A:$A)
A9: 10000286 | B9: 베르들레 | C9: 1028601 | D9: c286 | E9: character_name_10000286 | F9: =D9&"_profile" | G9: None | H9: Normal | I9: 0.95,0.95,0.95 | J9: TRUE | K9: 0,0,0 | L9: 1 | M9: Fire | N9: Healer | O9: =100+L9 | P9: 3 | Q9: 3 | R9: 1 | S9: 0 | T9: 0 | U9: Spd | V9: 90 | W9: Hp | X9: 6475 | Y9: Atk | Z9: 168 | AA9: Def | AB9: 151 | AC9: Penetration | AD9: 151 | AE9: Hit | AF9: 100 | AG9: Dodge | AH9: 100 | AI9: CriRatio | AJ9: 5000 | AK9: CriDmgRatio | AL9: 150000 | AU9: =_xlfn.XLOOKUP(AM9,'[1]Skill<Child>'!$A:$A,'[1]Skill<Child>'!$A:$A) | AV9: =_xlfn.XLOOKUP(AO9,'[1]Skill<Child>'!$A:$A,'[1]Skill<Child>'!$A:$A) | AW9: =_xlfn.XLOOKUP(AQ9,'[1]Skill<Child>'!$A:$A,'[1]Skill<Child>'!$A:$A) | AX9: =_xlfn.XLOOKUP(AS9,'[1]Skill<Child>'!$A:$A,'[1]Skill<Child>'!$A:$A)
A10: 10000031 | B10: 프레이야 | C10: 1003101 | D10: c031 | E10: character_name_10000031 | F10: =D10&"_profile" | G10: None | H10: Normal | I10: 0.95,0.95,0.95 | J10: TRUE | K10: 0,0,0 | L10: 1 | M10: Forest | N10: Healer | O10: =100+L10 | P10: 3 | Q10: 3 | R10: 1 | S10: 0 | T10: 0 | U10: Spd | V10: 90 | W10: Hp | X10: 6475 | Y10: Atk | Z10: 168 | AA10: Def | AB10: 151 | AC10: Penetration | AD10: 151 | AE10: Hit | AF10: 100 | AG10: Dodge | AH10: 100 | AI10: CriRatio | AJ10: 5000 | AK10: CriDmgRatio | AL10: 150000 | AU10: =_xlfn.XLOOKUP(AM10,'[1]Skill<Child>'!$A:$A,'[1]Skill<Child>'!$A:$A) | AV10: =_xlfn.XLOOKUP(AO10,'[1]Skill<Child>'!$A:$A,'[1]Skill<Child>'!$A:$A) | AW10: =_xlfn.XLOOKUP(AQ10,'[1]Skill<Child>'!$A:$A,'[1]Skill<Child>'!$A:$A) | AX10: =_xlfn.XLOOKUP(AS10,'[1]Skill<Child>'!$A:$A,'[1]Skill<Child>'!$A:$A)
A11: 10000033 | B11: 다이아나 | C11: 1003301 | D11: c033 | E11: character_name_10000033 | F11: =D11&"_profile" | G11: None | H11: Normal | I11: 0.95,0.95,0.95 | J11: TRUE | K11: 0,0,0 | L11: 1 | M11: Forest | N11: Magician | O11: =100+L11 | P11: 4 | Q11: 4 | R11: 1 | S11: 0 | T11: 0 | U11: Spd | V11: 120 | W11: Hp | X11: 5909 | Y11: Atk | Z11: 198 | AA11: Def | AB11: 142 | AC11: Penetration | AD11: 142 | AE11: Hit | AF11: 100 | AG11: Dodge | AH11: 100 | AI11: CriRatio | AJ11: 5000 | AK11: CriDmgRatio | AL11: 150000 | AU11: =_xlfn.XLOOKUP(AM11,'[1]Skill<Child>'!$A:$A,'[1]Skill<Child>'!$A:$A) | AV11: =_xlfn.XLOOKUP(AO11,'[1]Skill<Child>'!$A:$A,'[1]Skill<Child>'!$A:$A) | AW11: =_xlfn.XLOOKUP(AQ11,'[1]Skill<Child>'!$A:$A,'[1]Skill<Child>'!$A:$A) | AX11: =_xlfn.XLOOKUP(AS11,'[1]Skill<Child>'!$A:$A,'[1]Skill<Child>'!$A:$A)
A12: 10000062 | B12: 에우로페 | C12: 1006201 | D12: c062 | E12: character_name_10000062 | F12: =D12&"_profile" | G12: None | H12: Normal | I12: 0.95,0.95,0.95 | J12: TRUE | K12: 0,0,0 | L12: 1 | M12: Forest | N12: Attacker | O12: =100+L12 | P12: 6 | Q12: 6 | R12: 1 | S12: 0 | T12: 0 | U12: Spd | V12: 80 | W12: Hp | X12: 5100 | Y12: Atk | Z12: 420 | AA12: Def | AB12: 120 | AC12: Penetration | AD12: 120 | AE12: Hit | AF12: 100 | AG12: Dodge | AH12: 100 | AI12: CriRatio | AJ12: 5000 | AK12: CriDmgRatio | AL12: 150000 | AU12: =_xlfn.XLOOKUP(AM12,'[1]Skill<Child>'!$A:$A,'[1]Skill<Child>'!$A:$A) | AV12: =_xlfn.XLOOKUP(AO12,'[1]Skill<Child>'!$A:$A,'[1]Skill<Child>'!$A:$A) | AW12: =_xlfn.XLOOKUP(AQ12,'[1]Skill<Child>'!$A:$A,'[1]Skill<Child>'!$A:$A) | AX12: =_xlfn.XLOOKUP(AS12,'[1]Skill<Child>'!$A:$A,'[1]Skill<Child>'!$A:$A)
A13: 10000028 | B13: 레다 | C13: 1002801 | D13: c028 | E13: character_name_10000028 | F13: =D13&"_profile" | G13: None | H13: Normal | I13: 0.95,0.95,0.95 | J13: TRUE | K13: 0,0,0 | L13: 1 | M13: Light | N13: Supporter | O13: =100+L13 | P13: 4 | Q13: 4 | R13: 1 | S13: 0 | T13: 0 | U13: Spd | V13: 120 | W13: Hp | X13: 5909 | Y13: Atk | Z13: 198 | AA13: Def | AB13: 142 | AC13: Penetration | AD13: 142 | AE13: Hit | AF13: 100 | AG13: Dodge | AH13: 100 | AI13: CriRatio | AJ13: 5000 | AK13: CriDmgRatio | AL13: 150000 | AU13: =_xlfn.XLOOKUP(AM13,'[1]Skill<Child>'!$A:$A,'[1]Skill<Child>'!$A:$A) | AV13: =_xlfn.XLOOKUP(AO13,'[1]Skill<Child>'!$A:$A,'[1]Skill<Child>'!$A:$A) | AW13: =_xlfn.XLOOKUP(AQ13,'[1]Skill<Child>'!$A:$A,'[1]Skill<Child>'!$A:$A) | AX13: =_xlfn.XLOOKUP(AS13,'[1]Skill<Child>'!$A:$A,'[1]Skill<Child>'!$A:$A)
A14: 10000221 | B14: 야나 | C14: 1022101 | D14: c221 | E14: character_name_10000221 | F14: =D14&"_profile" | G14: None | H14: Normal | I14: 0.95,0.95,0.95 | J14: TRUE | K14: 0,0,0 | L14: 1 | M14: Light | N14: Attacker | O14: =100+L14 | P14: 6 | Q14: 6 | R14: 1 | S14: 0 | T14: 0 | U14: Spd | V14: 80 | W14: Hp | X14: 5100 | Y14: Atk | Z14: 420 | AA14: Def | AB14: 120 | AC14: Penetration | AD14: 120 | AE14: Hit | AF14: 100 | AG14: Dodge | AH14: 100 | AI14: CriRatio | AJ14: 5000 | AK14: CriDmgRatio | AL14: 150000 | AU14: =_xlfn.XLOOKUP(AM14,'[1]Skill<Child>'!$A:$A,'[1]Skill<Child>'!$A:$A) | AV14: =_xlfn.XLOOKUP(AO14,'[1]Skill<Child>'!$A:$A,'[1]Skill<Child>'!$A:$A) | AW14: =_xlfn.XLOOKUP(AQ14,'[1]Skill<Child>'!$A:$A,'[1]Skill<Child>'!$A:$A) | AX14: =_xlfn.XLOOKUP(AS14,'[1]Skill<Child>'!$A:$A,'[1]Skill<Child>'!$A:$A)
A15: 10000353 | B15: 샤를 | C15: 135301 | D15: ="c"&MID(C15,2,3) | E15: ="character_name_"&A15 | F15: =D15&"_profile" | G15: None | H15: Normal | I15: 0.95,0.95,0.95 | J15: TRUE | K15: 0,0,0 | L15: 1 | M15: Light | N15: Defender | O15: =100+L15 | P15: {=_xlfn.IFS($N15="Attacker",6,$N15="Healer",3,$N15="Magician",4,$N15="Defender",3,$N15="Supporter",4)} | Q15: {=_xlfn.IFS($N15="Attacker",6,$N15="Healer",3,$N15="Magician",4,$N15="Defender",3,$N15="Supporter",4)} | R15: 1 | S15: 0 | T15: 0 | U15: Spd | V15: {=_xlfn.IFS(N15="Attacker",80,N15="Healer",90,N15="Magician",100,N15="Defender",110,N15="Supporter",120)} | W15: Hp | X15: 8650 | Y15: Atk | Z15: 252 | AA15: Def | AB15: 240 | AC15: Penetration | AD15: 195 | AE15: Hit | AF15: 100 | AG15: Dodge | AH15: 100 | AI15: CriRatio | AJ15: 5000 | AK15: CriDmgRatio | AL15: 150000 | AM15: 1542051 | AN15: TRUE | AO15: 2542051 | AP15: FALSE | AQ15: 3542051 | AR15: TRUE | AS15: 4542051 | AT15: FALSE | AU15: =_xlfn.XLOOKUP(AM15,'[1]Skill<Child>'!$A:$A,'[1]Skill<Child>'!$A:$A) | AV15: =_xlfn.XLOOKUP(AO15,'[1]Skill<Child>'!$A:$A,'[1]Skill<Child>'!$A:$A) | AW15: =_xlfn.XLOOKUP(AQ15,'[1]Skill<Child>'!$A:$A,'[1]Skill<Child>'!$A:$A) | AX15: =_xlfn.XLOOKUP(AS15,'[1]Skill<Child>'!$A:$A,'[1]Skill<Child>'!$A:$A)
A16: 10000022 | B16: 마야우엘 | C16: 1002201 | D16: c022 | E16: character_name_10000022 | F16: =D16&"_profile" | G16: None | H16: Normal | I16: 0.95,0.95,0.95 | J16: TRUE | K16: 0,0,0 | L16: 1 | M16: Water | N16: Magician | O16: =100+L16 | P16: 4 | Q16: 4 | R16: 1 | S16: 0 | T16: 0 | U16: Spd | V16: 120 | W16: Hp | X16: 5909 | Y16: Atk | Z16: 198 | AA16: Def | AB16: 142 | AC16: Penetration | AD16: 142 | AE16: Hit | AF16: 100 | AG16: Dodge | AH16: 100 | AI16: CriRatio | AJ16: 5000 | AK16: CriDmgRatio | AL16: 150000 | AU16: =_xlfn.XLOOKUP(AM16,'[1]Skill<Child>'!$A:$A,'[1]Skill<Child>'!$A:$A) | AV16: =_xlfn.XLOOKUP(AO16,'[1]Skill<Child>'!$A:$A,'[1]Skill<Child>'!$A:$A) | AW16: =_xlfn.XLOOKUP(AQ16,'[1]Skill<Child>'!$A:$A,'[1]Skill<Child>'!$A:$A) | AX16: =_xlfn.XLOOKUP(AS16,'[1]Skill<Child>'!$A:$A,'[1]Skill<Child>'!$A:$A)
A17: 10000362 | B17: 레오 | C17: 1036201 | D17: c362 | E17: character_name_10000362 | F17: =D17&"_profile" | G17: None | H17: Normal | I17: 0.95,0.95,0.95 | J17: TRUE | K17: 0,0,0 | L17: 1 | M17: Water | N17: Supporter | O17: =100+L17 | P17: 4 | Q17: 4 | R17: 1 | S17: 0 | T17: 0 | U17: Spd | V17: 120 | W17: Hp | X17: 5909 | Y17: Atk | Z17: 198 | AA17: Def | AB17: 142 | AC17: Penetration | AD17: 142 | AE17: Hit | AF17: 100 | AG17: Dodge | AH17: 100 | AI17: CriRatio | AJ17: 5000 | AK17: CriDmgRatio | AL17: 150000 | AU17: =_xlfn.XLOOKUP(AM17,'[1]Skill<Child>'!$A:$A,'[1]Skill<Child>'!$A:$A) | AV17: =_xlfn.XLOOKUP(AO17,'[1]Skill<Child>'!$A:$A,'[1]Skill<Child>'!$A:$A) | AW17: =_xlfn.XLOOKUP(AQ17,'[1]Skill<Child>'!$A:$A,'[1]Skill<Child>'!$A:$A) | AX17: =_xlfn.XLOOKUP(AS17,'[1]Skill<Child>'!$A:$A,'[1]Skill<Child>'!$A:$A)
A18: 10000366 | B18: 데이노 | C18: 1036601 | D18: c366 | E18: character_name_10000366 | F18: =D18&"_profile" | G18: None | H18: Normal | I18: 0.95,0.95,0.95 | J18: TRUE | K18: 0,0,0 | L18: 1 | M18: Water | N18: Defender | O18: =100+L18 | P18: 3 | Q18: 3 | R18: 1 | S18: 0 | T18: 0 | U18: Spd | V18: 110 | W18: Hp | X18: 8650 | Y18: Atk | Z18: 252 | AA18: Def | AB18: 240 | AC18: Penetration | AD18: 240 | AE18: Hit | AF18: 100 | AG18: Dodge | AH18: 100 | AI18: CriRatio | AJ18: 5000 | AK18: CriDmgRatio | AL18: 150000 | AU18: =_xlfn.XLOOKUP(AM18,'[1]Skill<Child>'!$A:$A,'[1]Skill<Child>'!$A:$A) | AV18: =_xlfn.XLOOKUP(AO18,'[1]Skill<Child>'!$A:$A,'[1]Skill<Child>'!$A:$A) | AW18: =_xlfn.XLOOKUP(AQ18,'[1]Skill<Child>'!$A:$A,'[1]Skill<Child>'!$A:$A) | AX18: =_xlfn.XLOOKUP(AS18,'[1]Skill<Child>'!$A:$A,'[1]Skill<Child>'!$A:$A)
A19: 10000001 | B19: 모나 | C19: 100101 | D19: ="c"&MID(C19,2,3) | E19: ="character_name_"&A19 | F19: =D19&"_profile" | G19: None | H19: Normal | I19: 0.95,0.95,0.95 | J19: TRUE | K19: 0,0,0 | L19: 2 | M19: Dark | N19: Defender | O19: =100+L19 | P19: 3 | Q19: 3 | R19: 1 | S19: 0 | T19: 0 | U19: Spd | V19: {=_xlfn.IFS(N19="Attacker",80,N19="Healer",90,N19="Magician",100,N19="Defender",110,N19="Supporter",120)} | W19: Hp | X19: 6475 | Y19: Atk | Z19: 168 | AA19: Def | AB19: 151 | AC19: Penetration | AD19: 163 | AE19: Hit | AF19: 100 | AG19: Dodge | AH19: 100 | AI19: CriRatio | AJ19: 5000 | AK19: CriDmgRatio | AL19: 150000 | AM19: 1552111 | AN19: TRUE | AO19: 2552111 | AP19: FALSE | AQ19: 3552111 | AR19: TRUE | AS19: 4552111 | AT19: FALSE | AU19: =_xlfn.XLOOKUP(AM19,'[1]Skill<Child>'!$A:$A,'[1]Skill<Child>'!$A:$A) | AV19: =_xlfn.XLOOKUP(AO19,'[1]Skill<Child>'!$A:$A,'[1]Skill<Child>'!$A:$A) | AW19: =_xlfn.XLOOKUP(AQ19,'[1]Skill<Child>'!$A:$A,'[1]Skill<Child>'!$A:$A) | AX19: =_xlfn.XLOOKUP(AS19,'[1]Skill<Child>'!$A:$A,'[1]Skill<Child>'!$A:$A)
A20: 10000514 | B20: 두엣샤 | C20: 151401 | D20: ="c"&MID(C20,2,3) | E20: ="character_name_"&A20 | F20: =D20&"_profile" | G20: None | H20: Normal | I20: 0.95,0.95,0.95 | J20: TRUE | K20: 0,0,0 | L20: 2 | M20: Dark | N20: Magician | O20: =100+L20 | P20: {=_xlfn.IFS($N20="Attacker",6,$N20="Healer",3,$N20="Magician",4,$N20="Defender",3,$N20="Supporter",4)} | Q20: {=_xlfn.IFS($N20="Attacker",6,$N20="Healer",3,$N20="Magician",4,$N20="Defender",3,$N20="Supporter",4)} | R20: 1 | S20: 0 | T20: 0 | U20: Spd | V20: {=_xlfn.IFS(N20="Attacker",80,N20="Healer",90,N20="Magician",100,N20="Defender",110,N20="Supporter",120)} | W20: Hp | X20: 5100 | Y20: Atk | Z20: 420 | AA20: Def | AB20: 120 | AC20: Penetration | AD20: 156 | AE20: Hit | AF20: 100 | AG20: Dodge | AH20: 100 | AI20: CriRatio | AJ20: 5000 | AK20: CriDmgRatio | AL20: 150000 | AM20: 1451341 | AN20: TRUE | AO20: 2451341 | AP20: TRUE | AQ20: 3451341 | AR20: TRUE | AS20: 4451341 | AT20: FALSE | AU20: =_xlfn.XLOOKUP(AM20,'[1]Skill<Child>'!$A:$A,'[1]Skill<Child>'!$A:$A) | AV20: =_xlfn.XLOOKUP(AO20,'[1]Skill<Child>'!$A:$A,'[1]Skill<Child>'!$A:$A) | AW20: =_xlfn.XLOOKUP(AQ20,'[1]Skill<Child>'!$A:$A,'[1]Skill<Child>'!$A:$A) | AX20: =_xlfn.XLOOKUP(AS20,'[1]Skill<Child>'!$A:$A,'[1]Skill<Child>'!$A:$A)
A21: 10000156 | B21: 에르제베트 | C21: 115601 | D21: ="c"&MID(C21,2,3) | E21: ="character_name_"&A21 | F21: =D21&"_profile" | G21: None | H21: Normal | I21: 0.95,0.95,0.95 | J21: TRUE | K21: 0,0,0 | L21: 2 | M21: Dark | N21: Attacker | O21: =100+L21 | P21: {=_xlfn.IFS($N21="Attacker",6,$N21="Healer",3,$N21="Magician",4,$N21="Defender",3,$N21="Supporter",4)} | Q21: {=_xlfn.IFS($N21="Attacker",6,$N21="Healer",3,$N21="Magician",4,$N21="Defender",3,$N21="Supporter",4)} | R21: 1 | S21: 0 | T21: 0 | U21: Spd | V21: {=_xlfn.IFS(N21="Attacker",80,N21="Healer",90,N21="Magician",100,N21="Defender",110,N21="Supporter",120)} | W21: Hp | X21: 5100 | Y21: Atk | Z21: 420 | AA21: Def | AB21: 120 | AC21: Penetration | AD21: 187 | AE21: Hit | AF21: 100 | AG21: Dodge | AH21: 100 | AI21: CriRatio | AJ21: 5000 | AK21: CriDmgRatio | AL21: 150000 | AM21: 1351191 | AN21: TRUE | AO21: 2351191 | AP21: TRUE | AQ21: 3351191 | AR21: TRUE | AS21: 4351191 | AT21: FALSE | AU21: =_xlfn.XLOOKUP(AM21,'[1]Skill<Child>'!$A:$A,'[1]Skill<Child>'!$A:$A) | AV21: =_xlfn.XLOOKUP(AO21,'[1]Skill<Child>'!$A:$A,'[1]Skill<Child>'!$A:$A) | AW21: =_xlfn.XLOOKUP(AQ21,'[1]Skill<Child>'!$A:$A,'[1]Skill<Child>'!$A:$A) | AX21: =_xlfn.XLOOKUP(AS21,'[1]Skill<Child>'!$A:$A,'[1]Skill<Child>'!$A:$A)
A22: 10000354 | B22: 드미테르 | C22: 135401 | D22: ="c"&MID(C22,2,3) | E22: ="character_name_"&A22 | F22: =D22&"_profile" | G22: None | H22: Normal | I22: 0.95,0.95,0.95 | J22: TRUE | K22: 0,0,0 | L22: 2 | M22: Fire | N22: Supporter | O22: =100+L22 | P22: {=_xlfn.IFS($N22="Attacker",6,$N22="Healer",3,$N22="Magician",4,$N22="Defender",3,$N22="Supporter",4)} | Q22: {=_xlfn.IFS($N22="Attacker",6,$N22="Healer",3,$N22="Magician",4,$N22="Defender",3,$N22="Supporter",4)} | R22: 1 | S22: 0 | T22: 0 | U22: Spd | V22: {=_xlfn.IFS(N22="Attacker",80,N22="Healer",90,N22="Magician",100,N22="Defender",110,N22="Supporter",120)} | W22: Hp | X22: 5100 | Y22: Atk | Z22: 420 | AA22: Def | AB22: 120 | AC22: Penetration | AD22: 130 | AE22: Hit | AF22: 100 | AG22: Dodge | AH22: 100 | AI22: CriRatio | AJ22: 5000 | AK22: CriDmgRatio | AL22: 150000 | AM22: 1513011 | AN22: TRUE | AO22: 2513011 | AP22: FALSE | AQ22: 3513011 | AR22: TRUE | AS22: 4513011 | AT22: FALSE | AU22: =_xlfn.XLOOKUP(AM22,'[1]Skill<Child>'!$A:$A,'[1]Skill<Child>'!$A:$A) | AV22: =_xlfn.XLOOKUP(AO22,'[1]Skill<Child>'!$A:$A,'[1]Skill<Child>'!$A:$A) | AW22: =_xlfn.XLOOKUP(AQ22,'[1]Skill<Child>'!$A:$A,'[1]Skill<Child>'!$A:$A) | AX22: =_xlfn.XLOOKUP(AS22,'[1]Skill<Child>'!$A:$A,'[1]Skill<Child>'!$A:$A)
A23: 10000003 | B23: 다비 | C23: 100301 | D23: ="c"&MID(C23,2,3) | E23: ="character_name_"&A23 | F23: =D23&"_profile" | G23: None | H23: Normal | I23: 0.95,0.95,0.95 | J23: TRUE | K23: 0,0,0 | L23: 2 | M23: Fire | N23: Magician | O23: =100+L23 | P23: 6 | Q23: 6 | R23: 1 | S23: 0 | T23: 0 | U23: Spd | V23: {=_xlfn.IFS(N23="Attacker",80,N23="Healer",90,N23="Magician",100,N23="Defender",110,N23="Supporter",120)} | W23: Hp | X23: 5100 | Y23: Atk | Z23: 420 | AA23: Def | AB23: 120 | AC23: Penetration | AD23: 130 | AE23: Hit | AF23: 100 | AG23: Dodge | AH23: 100 | AI23: CriRatio | AJ23: 5000 | AK23: CriDmgRatio | AL23: 150000 | AM23: 1511031 | AN23: TRUE | AO23: 2511031 | AP23: FALSE | AQ23: 3511031 | AR23: TRUE | AS23: 4511031 | AT23: FALSE | AU23: =_xlfn.XLOOKUP(AM23,'[1]Skill<Child>'!$A:$A,'[1]Skill<Child>'!$A:$A) | AV23: =_xlfn.XLOOKUP(AO23,'[1]Skill<Child>'!$A:$A,'[1]Skill<Child>'!$A:$A) | AW23: =_xlfn.XLOOKUP(AQ23,'[1]Skill<Child>'!$A:$A,'[1]Skill<Child>'!$A:$A) | AX23: =_xlfn.XLOOKUP(AS23,'[1]Skill<Child>'!$A:$A,'[1]Skill<Child>'!$A:$A)
A24: 10000412 | B24: 카인 | C24: 141201 | D24: ="c"&MID(C24,2,3) | E24: ="character_name_"&A24 | F24: =D24&"_profile" | G24: None | H24: Normal | I24: 0.95,0.95,0.95 | J24: TRUE | K24: 0,0,0 | L24: 2 | M24: Fire | N24: Attacker | O24: =100+L24 | P24: {=_xlfn.IFS($N24="Attacker",6,$N24="Healer",3,$N24="Magician",4,$N24="Defender",3,$N24="Supporter",4)} | Q24: {=_xlfn.IFS($N24="Attacker",6,$N24="Healer",3,$N24="Magician",4,$N24="Defender",3,$N24="Supporter",4)} | R24: 1 | S24: 0 | T24: 0 | U24: Spd | V24: {=_xlfn.IFS(N24="Attacker",80,N24="Healer",90,N24="Magician",100,N24="Defender",110,N24="Supporter",120)} | W24: Hp | X24: 5100 | Y24: Atk | Z24: 420 | AA24: Def | AB24: 120 | AC24: Penetration | AD24: 130 | AE24: Hit | AF24: 100 | AG24: Dodge | AH24: 100 | AI24: CriRatio | AJ24: 5000 | AK24: CriDmgRatio | AL24: 150000 | AM24: 1311181 | AN24: TRUE | AO24: 2311181 | AP24: FALSE | AQ24: 3311181 | AR24: TRUE | AS24: 4311181 | AT24: FALSE | AU24: =_xlfn.XLOOKUP(AM24,'[1]Skill<Child>'!$A:$A,'[1]Skill<Child>'!$A:$A) | AV24: =_xlfn.XLOOKUP(AO24,'[1]Skill<Child>'!$A:$A,'[1]Skill<Child>'!$A:$A) | AW24: =_xlfn.XLOOKUP(AQ24,'[1]Skill<Child>'!$A:$A,'[1]Skill<Child>'!$A:$A) | AX24: =_xlfn.XLOOKUP(AS24,'[1]Skill<Child>'!$A:$A,'[1]Skill<Child>'!$A:$A)
A25: 10000180 | B25: 맘몬 | C25: 118001 | D25: ="c"&MID(C25,2,3) | E25: ="character_name_"&A25 | F25: =D25&"_profile" | G25: None | H25: Normal | I25: 0.95,0.95,0.95 | J25: TRUE | K25: 0,0,0 | L25: 2 | M25: Forest | N25: Defender | O25: =100+L25 | P25: {=_xlfn.IFS($N25="Attacker",6,$N25="Healer",3,$N25="Magician",4,$N25="Defender",3,$N25="Supporter",4)} | Q25: {=_xlfn.IFS($N25="Attacker",6,$N25="Healer",3,$N25="Magician",4,$N25="Defender",3,$N25="Supporter",4)} | R25: 1 | S25: 0 | T25: 0 | U25: Spd | V25: {=_xlfn.IFS(N25="Attacker",80,N25="Healer",90,N25="Magician",100,N25="Defender",110,N25="Supporter",120)} | W25: Hp | X25: 8650 | Y25: Atk | Z25: 252 | AA25: Def | AB25: 240 | AC25: Penetration | AD25: 163 | AE25: Hit | AF25: 100 | AG25: Dodge | AH25: 100 | AI25: CriRatio | AJ25: 5000 | AK25: CriDmgRatio | AL25: 150000 | AM25: 1532071 | AN25: TRUE | AO25: 2532071 | AP25: FALSE | AQ25: 3532071 | AR25: TRUE | AS25: 4532071 | AT25: FALSE | AU25: =_xlfn.XLOOKUP(AM25,'[1]Skill<Child>'!$A:$A,'[1]Skill<Child>'!$A:$A) | AV25: =_xlfn.XLOOKUP(AO25,'[1]Skill<Child>'!$A:$A,'[1]Skill<Child>'!$A:$A) | AW25: =_xlfn.XLOOKUP(AQ25,'[1]Skill<Child>'!$A:$A,'[1]Skill<Child>'!$A:$A) | AX25: =_xlfn.XLOOKUP(AS25,'[1]Skill<Child>'!$A:$A,'[1]Skill<Child>'!$A:$A)
A26: 10000132 | B26: 미다스 | C26: 1013201 | D26: c132 | E26: character_name_10000132 | F26: =D26&"_profile" | G26: None | H26: Normal | I26: 0.95,0.95,0.95 | J26: TRUE | K26: 0,0,0 | L26: 2 | M26: Forest | N26: Attacker | O26: =100+L26 | P26: 6 | Q26: 6 | R26: 1 | S26: 0 | T26: 0 | U26: Spd | V26: 80 | W26: Hp | X26: 5100 | Y26: Atk | Z26: 420 | AA26: Def | AB26: 120 | AC26: Penetration | AD26: 120 | AE26: Hit | AF26: 100 | AG26: Dodge | AH26: 100 | AI26: CriRatio | AJ26: 5000 | AK26: CriDmgRatio | AL26: 150000 | AU26: =_xlfn.XLOOKUP(AM26,'[1]Skill<Child>'!$A:$A,'[1]Skill<Child>'!$A:$A) | AV26: =_xlfn.XLOOKUP(AO26,'[1]Skill<Child>'!$A:$A,'[1]Skill<Child>'!$A:$A) | AW26: =_xlfn.XLOOKUP(AQ26,'[1]Skill<Child>'!$A:$A,'[1]Skill<Child>'!$A:$A) | AX26: =_xlfn.XLOOKUP(AS26,'[1]Skill<Child>'!$A:$A,'[1]Skill<Child>'!$A:$A)
A27: 10000398 | B27: 자청비 | C27: 1039801 | D27: c398 | E27: character_name_10000398 | F27: =D27&"_profile" | G27: None | H27: Normal | I27: 0.95,0.95,0.95 | J27: TRUE | K27: 0,0,0 | L27: 2 | M27: Forest | N27: Supporter | O27: =100+L27 | P27: 4 | Q27: 4 | R27: 1 | S27: 0 | T27: 0 | U27: Spd | V27: 120 | W27: Hp | X27: 5909 | Y27: Atk | Z27: 198 | AA27: Def | AB27: 142 | AC27: Penetration | AD27: 142 | AE27: Hit | AF27: 100 | AG27: Dodge | AH27: 100 | AI27: CriRatio | AJ27: 5000 | AK27: CriDmgRatio | AL27: 150000 | AU27: =_xlfn.XLOOKUP(AM27,'[1]Skill<Child>'!$A:$A,'[1]Skill<Child>'!$A:$A) | AV27: =_xlfn.XLOOKUP(AO27,'[1]Skill<Child>'!$A:$A,'[1]Skill<Child>'!$A:$A) | AW27: =_xlfn.XLOOKUP(AQ27,'[1]Skill<Child>'!$A:$A,'[1]Skill<Child>'!$A:$A) | AX27: =_xlfn.XLOOKUP(AS27,'[1]Skill<Child>'!$A:$A,'[1]Skill<Child>'!$A:$A)
A28: 10000227 | B28: 마프데트 | C28: 1022701 | D28: c227 | E28: character_name_10000227 | F28: =D28&"_profile" | G28: None | H28: Normal | I28: 0.95,0.95,0.95 | J28: TRUE | K28: 0,0,0 | L28: 2 | M28: Light | N28: Magician | O28: =100+L28 | P28: 4 | Q28: 4 | R28: 1 | S28: 0 | T28: 0 | U28: Spd | V28: 120 | W28: Hp | X28: 5909 | Y28: Atk | Z28: 198 | AA28: Def | AB28: 142 | AC28: Penetration | AD28: 142 | AE28: Hit | AF28: 100 | AG28: Dodge | AH28: 100 | AI28: CriRatio | AJ28: 5000 | AK28: CriDmgRatio | AL28: 150000 | AU28: =_xlfn.XLOOKUP(AM28,'[1]Skill<Child>'!$A:$A,'[1]Skill<Child>'!$A:$A) | AV28: =_xlfn.XLOOKUP(AO28,'[1]Skill<Child>'!$A:$A,'[1]Skill<Child>'!$A:$A) | AW28: =_xlfn.XLOOKUP(AQ28,'[1]Skill<Child>'!$A:$A,'[1]Skill<Child>'!$A:$A) | AX28: =_xlfn.XLOOKUP(AS28,'[1]Skill<Child>'!$A:$A,'[1]Skill<Child>'!$A:$A)
A29: 10000296 | B29: 힐드 | C29: 129601 | D29: ="c"&MID(C29,2,3) | E29: ="character_name_"&A29 | F29: =D29&"_profile" | G29: None | H29: Normal | I29: 0.95,0.95,0.95 | J29: TRUE | K29: 0,0,0 | L29: 2 | M29: Light | N29: Attacker | O29: =100+L29 | P29: {=_xlfn.IFS($N29="Attacker",6,$N29="Healer",3,$N29="Magician",4,$N29="Defender",3,$N29="Supporter",4)} | Q29: {=_xlfn.IFS($N29="Attacker",6,$N29="Healer",3,$N29="Magician",4,$N29="Defender",3,$N29="Supporter",4)} | R29: 1 | S29: 0 | T29: 0 | U29: Spd | V29: {=_xlfn.IFS(N29="Attacker",80,N29="Healer",90,N29="Magician",100,N29="Defender",110,N29="Supporter",120)} | W29: Hp | X29: 5100 | Y29: Atk | Z29: 420 | AA29: Def | AB29: 120 | AC29: Penetration | AD29: 187 | AE29: Hit | AF29: 100 | AG29: Dodge | AH29: 100 | AI29: CriRatio | AJ29: 5000 | AK29: CriDmgRatio | AL29: 150000 | AM29: 1541021 | AN29: TRUE | AO29: 2541021 | AP29: FALSE | AQ29: 3541021 | AR29: TRUE | AS29: 4541021 | AT29: FALSE | AU29: =_xlfn.XLOOKUP(AM29,'[1]Skill<Child>'!$A:$A,'[1]Skill<Child>'!$A:$A) | AV29: =_xlfn.XLOOKUP(AO29,'[1]Skill<Child>'!$A:$A,'[1]Skill<Child>'!$A:$A) | AW29: =_xlfn.XLOOKUP(AQ29,'[1]Skill<Child>'!$A:$A,'[1]Skill<Child>'!$A:$A) | AX29: =_xlfn.XLOOKUP(AS29,'[1]Skill<Child>'!$A:$A,'[1]Skill<Child>'!$A:$A)
A30: 10000183 | B30: 다나 | C30: 118301 | D30: ="c"&MID(C30,2,3) | E30: ="character_name_"&A30 | F30: =D30&"_profile" | G30: None | H30: Normal | I30: 0.95,0.95,0.95 | J30: TRUE | K30: 0,0,0 | L30: 2 | M30: Light | N30: Healer | O30: =100+L30 | P30: {=_xlfn.IFS($N30="Attacker",6,$N30="Healer",3,$N30="Magician",4,$N30="Defender",3,$N30="Supporter",4)} | Q30: {=_xlfn.IFS($N30="Attacker",6,$N30="Healer",3,$N30="Magician",4,$N30="Defender",3,$N30="Supporter",4)} | R30: 1 | S30: 0 | T30: 0 | U30: Spd | V30: {=_xlfn.IFS(N30="Attacker",80,N30="Healer",90,N30="Magician",100,N30="Defender",110,N30="Supporter",120)} | W30: Hp | X30: 6475 | Y30: Atk | Z30: 168 | AA30: Def | AB30: 151 | AC30: Penetration | AD30: 187 | AE30: Hit | AF30: 100 | AG30: Dodge | AH30: 100 | AI30: CriRatio | AJ30: 5000 | AK30: CriDmgRatio | AL30: 150000 | AM30: 1555081 | AN30: TRUE | AO30: 2555081 | AP30: FALSE | AQ30: 3555081 | AR30: TRUE | AS30: 4555081 | AT30: FALSE | AU30: =_xlfn.XLOOKUP(AM30,'[1]Skill<Child>'!$A:$A,'[1]Skill<Child>'!$A:$A) | AV30: =_xlfn.XLOOKUP(AO30,'[1]Skill<Child>'!$A:$A,'[1]Skill<Child>'!$A:$A) | AW30: =_xlfn.XLOOKUP(AQ30,'[1]Skill<Child>'!$A:$A,'[1]Skill<Child>'!$A:$A) | AX30: =_xlfn.XLOOKUP(AS30,'[1]Skill<Child>'!$A:$A,'[1]Skill<Child>'!$A:$A)
A31: 10000002 | B31: 리자 | C31: 100201 | D31: ="c"&MID(C31,2,3) | E31: ="character_name_"&A31 | F31: =D31&"_profile" | G31: None | H31: Normal | I31: 0.95,0.95,0.95 | J31: TRUE | K31: 0,0,0 | L31: 2 | M31: Water | N31: Attacker | O31: =100+L31 | P31: {=_xlfn.IFS($N31="Attacker",6,$N31="Healer",3,$N31="Magician",4,$N31="Defender",3,$N31="Supporter",4)} | Q31: {=_xlfn.IFS($N31="Attacker",6,$N31="Healer",3,$N31="Magician",4,$N31="Defender",3,$N31="Supporter",4)} | R31: 1 | S31: 0 | T31: 0 | U31: Spd | V31: {=_xlfn.IFS(N31="Attacker",80,N31="Healer",90,N31="Magician",100,N31="Defender",110,N31="Supporter",120)} | W31: Hp | X31: 4743 | Y31: Atk | Z31: 341 | AA31: Def | AB31: 108 | AC31: Penetration | AD31: 130 | AE31: Hit | AF31: 100 | AG31: Dodge | AH31: 100 | AI31: CriRatio | AJ31: 5000 | AK31: CriDmgRatio | AL31: 150000 | AM31: 1325111 | AN31: TRUE | AO31: 2325111 | AP31: FALSE | AQ31: 3325111 | AR31: TRUE | AS31: 4325111 | AT31: FALSE | AU31: =_xlfn.XLOOKUP(AM31,'[1]Skill<Child>'!$A:$A,'[1]Skill<Child>'!$A:$A) | AV31: =_xlfn.XLOOKUP(AO31,'[1]Skill<Child>'!$A:$A,'[1]Skill<Child>'!$A:$A) | AW31: =_xlfn.XLOOKUP(AQ31,'[1]Skill<Child>'!$A:$A,'[1]Skill<Child>'!$A:$A) | AX31: =_xlfn.XLOOKUP(AS31,'[1]Skill<Child>'!$A:$A,'[1]Skill<Child>'!$A:$A)
A32: 10000193 | B32: 비루파 | C32: 1019301 | D32: c193 | E32: character_name_10000193 | F32: =D32&"_profile" | G32: None | H32: Normal | I32: 0.95,0.95,0.95 | J32: TRUE | K32: 0,0,0 | L32: 2 | M32: Water | N32: Attacker | O32: =100+L32 | P32: 6 | Q32: 6 | R32: 1 | S32: 0 | T32: 0 | U32: Spd | V32: 80 | W32: Hp | X32: 5100 | Y32: Atk | Z32: 420 | AA32: Def | AB32: 120 | AC32: Penetration | AD32: 120 | AE32: Hit | AF32: 100 | AG32: Dodge | AH32: 100 | AI32: CriRatio | AJ32: 5000 | AK32: CriDmgRatio | AL32: 150000 | AU32: =_xlfn.XLOOKUP(AM32,'[1]Skill<Child>'!$A:$A,'[1]Skill<Child>'!$A:$A) | AV32: =_xlfn.XLOOKUP(AO32,'[1]Skill<Child>'!$A:$A,'[1]Skill<Child>'!$A:$A) | AW32: =_xlfn.XLOOKUP(AQ32,'[1]Skill<Child>'!$A:$A,'[1]Skill<Child>'!$A:$A) | AX32: =_xlfn.XLOOKUP(AS32,'[1]Skill<Child>'!$A:$A,'[1]Skill<Child>'!$A:$A)
A33: 10000437 | B33: 에우로스 | C33: 1043701 | D33: c437 | E33: character_name_10000437 | F33: =D33&"_profile" | G33: None | H33: Normal | I33: 0.95,0.95,0.95 | J33: TRUE | K33: 0,0,0 | L33: 2 | M33: Water | N33: Healer | O33: =100+L33 | P33: 3 | Q33: 3 | R33: 1 | S33: 0 | T33: 0 | U33: Spd | V33: 90 | W33: Hp | X33: 6475 | Y33: Atk | Z33: 168 | AA33: Def | AB33: 151 | AC33: Penetration | AD33: 151 | AE33: Hit | AF33: 100 | AG33: Dodge | AH33: 100 | AI33: CriRatio | AJ33: 5000 | AK33: CriDmgRatio | AL33: 150000 | AU33: =_xlfn.XLOOKUP(AM33,'[1]Skill<Child>'!$A:$A,'[1]Skill<Child>'!$A:$A) | AV33: =_xlfn.XLOOKUP(AO33,'[1]Skill<Child>'!$A:$A,'[1]Skill<Child>'!$A:$A) | AW33: =_xlfn.XLOOKUP(AQ33,'[1]Skill<Child>'!$A:$A,'[1]Skill<Child>'!$A:$A) | AX33: =_xlfn.XLOOKUP(AS33,'[1]Skill<Child>'!$A:$A,'[1]Skill<Child>'!$A:$A)
A34: 10000432 | B34: 아르테미스 | C34: 143201 | D34: ="c"&MID(C34,2,3) | E34: ="character_name_"&A34 | F34: =D34&"_profile" | G34: None | H34: Normal | I34: 0.95,0.95,0.95 | J34: TRUE | K34: 0,0,0 | L34: 3 | M34: Dark | N34: Magician | O34: =100+L34 | P34: {=_xlfn.IFS($N34="Attacker",6,$N34="Healer",3,$N34="Magician",4,$N34="Defender",3,$N34="Supporter",4)} | Q34: {=_xlfn.IFS($N34="Attacker",6,$N34="Healer",3,$N34="Magician",4,$N34="Defender",3,$N34="Supporter",4)} | R34: 1 | S34: 0 | T34: 0 | U34: Spd | V34: {=_xlfn.IFS(N34="Attacker",80,N34="Healer",90,N34="Magician",100,N34="Defender",110,N34="Supporter",120)} | W34: Hp | X34: 5100 | Y34: Atk | Z34: 420 | AA34: Def | AB34: 120 | AC34: Penetration | AD34: 156 | AE34: Hit | AF34: 100 | AG34: Dodge | AH34: 100 | AI34: CriRatio | AJ34: 5000 | AK34: CriDmgRatio | AL34: 150000 | AM34: 1351161 | AN34: TRUE | AO34: 2351161 | AP34: TRUE | AQ34: 3351161 | AR34: TRUE | AS34: 4351161 | AT34: FALSE | AU34: =_xlfn.XLOOKUP(AM34,'[1]Skill<Child>'!$A:$A,'[1]Skill<Child>'!$A:$A) | AV34: =_xlfn.XLOOKUP(AO34,'[1]Skill<Child>'!$A:$A,'[1]Skill<Child>'!$A:$A) | AW34: =_xlfn.XLOOKUP(AQ34,'[1]Skill<Child>'!$A:$A,'[1]Skill<Child>'!$A:$A) | AX34: =_xlfn.XLOOKUP(AS34,'[1]Skill<Child>'!$A:$A,'[1]Skill<Child>'!$A:$A)
A35: 10000294 | B35: 바토리 | C35: 129401 | D35: ="c"&MID(C35,2,3) | E35: ="character_name_"&A35 | F35: =D35&"_profile" | G35: None | H35: Normal | I35: 0.95,0.95,0.95 | J35: TRUE | K35: 0,0,0 | L35: 3 | M35: Dark | N35: Supporter | O35: =100+L35 | P35: 6 | Q35: 6 | R35: 1 | S35: 0 | T35: 0 | U35: Spd | V35: {=_xlfn.IFS(N35="Attacker",80,N35="Healer",90,N35="Magician",100,N35="Defender",110,N35="Supporter",120)} | W35: Hp | X35: 5100 | Y35: Atk | Z35: 420 | AA35: Def | AB35: 120 | AC35: Penetration | AD35: 156 | AE35: Hit | AF35: 100 | AG35: Dodge | AH35: 100 | AI35: CriRatio | AJ35: 5000 | AK35: CriDmgRatio | AL35: 150000 | AM35: 1333131 | AN35: TRUE | AO35: 2333131 | AP35: TRUE | AQ35: 3333131 | AR35: TRUE | AS35: 4333131 | AT35: FALSE | AU35: =_xlfn.XLOOKUP(AM35,'[1]Skill<Child>'!$A:$A,'[1]Skill<Child>'!$A:$A) | AV35: =_xlfn.XLOOKUP(AO35,'[1]Skill<Child>'!$A:$A,'[1]Skill<Child>'!$A:$A) | AW35: =_xlfn.XLOOKUP(AQ35,'[1]Skill<Child>'!$A:$A,'[1]Skill<Child>'!$A:$A) | AX35: =_xlfn.XLOOKUP(AS35,'[1]Skill<Child>'!$A:$A,'[1]Skill<Child>'!$A:$A)
A36: 10000051 | B36: 프레이 | C36: 105102 | D36: ="c"&MID(C36,2,3) | E36: ="character_name_"&A36 | F36: =D36&"_profile" | G36: None | H36: Normal | I36: 0.95,0.95,0.95 | J36: TRUE | K36: 0,0,0 | L36: 3 | M36: Dark | N36: Defender | O36: =100+L36 | P36: {=_xlfn.IFS($N36="Attacker",6,$N36="Healer",3,$N36="Magician",4,$N36="Defender",3,$N36="Supporter",4)} | Q36: {=_xlfn.IFS($N36="Attacker",6,$N36="Healer",3,$N36="Magician",4,$N36="Defender",3,$N36="Supporter",4)} | R36: 1 | S36: 0 | T36: 0 | U36: Spd | V36: {=_xlfn.IFS(N36="Attacker",80,N36="Healer",90,N36="Magician",100,N36="Defender",110,N36="Supporter",120)} | W36: Hp | X36: 8650 | Y36: Atk | Z36: 252 | AA36: Def | AB36: 240 | AC36: Penetration | AD36: 234 | AE36: Hit | AF36: 100 | AG36: Dodge | AH36: 100 | AI36: CriRatio | AJ36: 5000 | AK36: CriDmgRatio | AL36: 150000 | AM36: 1551091 | AN36: TRUE | AO36: 2551091 | AP36: FALSE | AQ36: 3551091 | AR36: TRUE | AS36: 4551091 | AT36: FALSE | AU36: =_xlfn.XLOOKUP(AM36,'[1]Skill<Child>'!$A:$A,'[1]Skill<Child>'!$A:$A) | AV36: =_xlfn.XLOOKUP(AO36,'[1]Skill<Child>'!$A:$A,'[1]Skill<Child>'!$A:$A) | AW36: =_xlfn.XLOOKUP(AQ36,'[1]Skill<Child>'!$A:$A,'[1]Skill<Child>'!$A:$A) | AX36: =_xlfn.XLOOKUP(AS36,'[1]Skill<Child>'!$A:$A,'[1]Skill<Child>'!$A:$A)
A37: 10000486 | B37: 쿠바바 | C37: 148601 | D37: ="c"&MID(C37,2,3) | E37: ="character_name_"&A37 | F37: =D37&"_profile" | G37: None | H37: Normal | I37: 0.95,0.95,0.95 | J37: TRUE | K37: 0,0,0 | L37: 3 | M37: Dark | N37: Attacker | O37: =100+L37 | P37: {=_xlfn.IFS($N37="Attacker",6,$N37="Healer",3,$N37="Magician",4,$N37="Defender",3,$N37="Supporter",4)} | Q37: {=_xlfn.IFS($N37="Attacker",6,$N37="Healer",3,$N37="Magician",4,$N37="Defender",3,$N37="Supporter",4)} | R37: 1 | S37: 0 | T37: 0 | U37: Spd | V37: {=_xlfn.IFS(N37="Attacker",80,N37="Healer",90,N37="Magician",100,N37="Defender",110,N37="Supporter",120)} | W37: Hp | X37: 5100 | Y37: Atk | Z37: 420 | AA37: Def | AB37: 120 | AC37: Penetration | AD37: 187 | AE37: Hit | AF37: 100 | AG37: Dodge | AH37: 100 | AI37: CriRatio | AJ37: 5000 | AK37: CriDmgRatio | AL37: 150000 | AM37: 1353141 | AN37: TRUE | AO37: 2353141 | AP37: TRUE | AQ37: 3353141 | AR37: TRUE | AS37: 4353141 | AT37: FALSE | AU37: =_xlfn.XLOOKUP(AM37,'[1]Skill<Child>'!$A:$A,'[1]Skill<Child>'!$A:$A) | AV37: =_xlfn.XLOOKUP(AO37,'[1]Skill<Child>'!$A:$A,'[1]Skill<Child>'!$A:$A) | AW37: =_xlfn.XLOOKUP(AQ37,'[1]Skill<Child>'!$A:$A,'[1]Skill<Child>'!$A:$A) | AX37: =_xlfn.XLOOKUP(AS37,'[1]Skill<Child>'!$A:$A,'[1]Skill<Child>'!$A:$A)
A38: 10000400 | B38: 반시 | C38: 140001 | D38: ="c"&MID(C38,2,3) | E38: ="character_name_"&A38 | F38: =D38&"_profile" | G38: None | H38: Normal | I38: 0.95,0.95,0.95 | J38: TRUE | K38: 0,0,0 | L38: 3 | M38: Dark | N38: Magician | O38: =100+L38 | P38: {=_xlfn.IFS($N38="Attacker",6,$N38="Healer",3,$N38="Magician",4,$N38="Defender",3,$N38="Supporter",4)} | Q38: {=_xlfn.IFS($N38="Attacker",6,$N38="Healer",3,$N38="Magician",4,$N38="Defender",3,$N38="Supporter",4)} | R38: 1 | S38: 0 | T38: 0 | U38: Spd | V38: {=_xlfn.IFS(N38="Attacker",80,N38="Healer",90,N38="Magician",100,N38="Defender",110,N38="Supporter",120)} | W38: Hp | X38: 5100 | Y38: Atk | Z38: 420 | AA38: Def | AB38: 120 | AC38: Penetration | AD38: 156 | AE38: Hit | AF38: 100 | AG38: Dodge | AH38: 100 | AI38: CriRatio | AJ38: 5000 | AK38: CriDmgRatio | AL38: 150000 | AM38: 1551301 | AN38: TRUE | AO38: 2551301 | AP38: TRUE | AQ38: 3551301 | AR38: TRUE | AS38: 4551301 | AT38: FALSE
A39: 10000532 | B39: 아누비스 | C39: 153201 | D39: ="c"&MID(C39,2,3) | E39: ="character_name_"&A39 | F39: =D39&"_profile" | G39: None | H39: Normal | I39: 0.95,0.95,0.95 | J39: TRUE | K39: 0,0,0 | L39: 3 | M39: Dark | N39: Attacker | O39: =100+L39 | P39: 6 | Q39: 6 | R39: 1 | S39: 0 | T39: 0 | U39: Spd | V39: {=_xlfn.IFS(N39="Attacker",80,N39="Healer",90,N39="Magician",100,N39="Defender",110,N39="Supporter",120)} | W39: Hp | X39: 5100 | Y39: Atk | Z39: 420 | AA39: Def | AB39: 120 | AC39: Penetration | AD39: 120 | AE39: Hit | AF39: 100 | AG39: Dodge | AH39: 100 | AI39: CriRatio | AJ39: 5000 | AK39: CriDmgRatio | AL39: 150000
A40: 10000448 | B40: 미르칼라 | C40: 144801 | D40: ="c"&MID(C40,2,3) | E40: ="character_name_"&A40 | F40: =D40&"_profile" | G40: None | H40: Normal | I40: 0.95,0.95,0.95 | J40: TRUE | K40: 0,0,0 | L40: 3 | M40: Dark | N40: Healer | O40: =100+L40 | P40: 4 | Q40: 4 | R40: 1 | S40: 0 | T40: 0 | U40: Spd | V40: {=_xlfn.IFS(N40="Attacker",80,N40="Healer",90,N40="Magician",100,N40="Defender",110,N40="Supporter",120)} | W40: Hp | X40: 4743 | Y40: Atk | Z40: 341 | AA40: Def | AB40: 108 | AC40: Penetration | AD40: 108 | AE40: Hit | AF40: 100 | AG40: Dodge | AH40: 100 | AI40: CriRatio | AJ40: 5000 | AK40: CriDmgRatio | AL40: 150000
A41: 10000485 | B41: 유나 | C41: 148501 | D41: ="c"&MID(C41,2,3) | E41: ="character_name_"&A41 | F41: =D41&"_profile" | G41: None | H41: Normal | I41: 0.95,0.95,0.95 | J41: TRUE | K41: 0,0,0 | L41: 3 | M41: Dark | N41: Supporter | O41: =100+L41 | P41: 4 | Q41: 4 | R41: 1 | S41: 0 | T41: 0 | U41: Spd | V41: {=_xlfn.IFS(N41="Attacker",80,N41="Healer",90,N41="Magician",100,N41="Defender",110,N41="Supporter",120)} | W41: Hp | X41: 5909 | Y41: Atk | Z41: 198 | AA41: Def | AB41: 142 | AC41: Penetration | AD41: 142 | AE41: Hit | AF41: 100 | AG41: Dodge | AH41: 100 | AI41: CriRatio | AJ41: 5000 | AK41: CriDmgRatio | AL41: 150000
A42: 10000417 | B42: 구미호 | C42: 141701 | D42: ="c"&MID(C42,2,3) | E42: ="character_name_"&A42 | F42: =D42&"_profile" | G42: None | H42: Normal | I42: 0.95,0.95,0.95 | J42: TRUE | K42: 0,0,0 | L42: 3 | M42: Fire | N42: Magician | O42: =100+L42 | P42: 4 | Q42: 4 | R42: 1 | S42: 0 | T42: 0 | U42: Spd | V42: {=_xlfn.IFS(N42="Attacker",80,N42="Healer",90,N42="Magician",100,N42="Defender",110,N42="Supporter",120)} | W42: Hp | X42: 4743 | Y42: Atk | Z42: 341 | AA42: Def | AB42: 108 | AC42: Penetration | AD42: 187 | AE42: Hit | AF42: 100 | AG42: Dodge | AH42: 100 | AI42: CriRatio | AJ42: 5000 | AK42: CriDmgRatio | AL42: 150000 | AM42: 1313121 | AN42: TRUE | AO42: 2313121 | AP42: TRUE | AQ42: 3313121 | AR42: TRUE | AS42: 4313121 | AT42: FALSE
A43: 10000501 | B43: 라가라자 | C43: 150101 | D43: ="c"&MID(C43,2,3) | E43: ="character_name_"&A43 | F43: =D43&"_profile" | G43: None | H43: Normal | I43: 0.95,0.95,0.95 | J43: TRUE | K43: 0,0,0 | L43: 3 | M43: Fire | N43: Attacker | O43: =100+L43 | P43: {=_xlfn.IFS($N43="Attacker",6,$N43="Healer",3,$N43="Magician",4,$N43="Defender",3,$N43="Supporter",4)} | Q43: {=_xlfn.IFS($N43="Attacker",6,$N43="Healer",3,$N43="Magician",4,$N43="Defender",3,$N43="Supporter",4)} | R43: 1 | S43: 0 | T43: 0 | U43: Spd | V43: {=_xlfn.IFS(N43="Attacker",80,N43="Healer",90,N43="Magician",100,N43="Defender",110,N43="Supporter",120)} | W43: Hp | X43: 8650 | Y43: Atk | Z43: 252 | AA43: Def | AB43: 240 | AC43: Penetration | AD43: 234 | AE43: Hit | AF43: 100 | AG43: Dodge | AH43: 100 | AI43: CriRatio | AJ43: 5000 | AK43: CriDmgRatio | AL43: 150000 | AM43: 1311151 | AN43: TRUE | AO43: 2311151 | AP43: TRUE | AQ43: 3311151 | AR43: TRUE | AS43: 4311151 | AT43: FALSE
A44: 10000445 | B44: 카라라트리 | C44: 144501 | D44: ="c"&MID(C44,2,3) | E44: ="character_name_"&A44 | F44: =D44&"_profile" | G44: None | H44: Normal | I44: 0.95,0.95,0.95 | J44: TRUE | K44: 0,0,0 | L44: 3 | M44: Fire | N44: Attacker | O44: =100+L44 | P44: 4 | Q44: 4 | R44: 1 | S44: 0 | T44: 0 | U44: Spd | V44: {=_xlfn.IFS(N44="Attacker",80,N44="Healer",90,N44="Magician",100,N44="Defender",110,N44="Supporter",120)} | W44: Hp | X44: 4743 | Y44: Atk | Z44: 341 | AA44: Def | AB44: 108 | AC44: Penetration | AD44: 156 | AE44: Hit | AF44: 100 | AG44: Dodge | AH44: 100 | AI44: CriRatio | AJ44: 5000 | AK44: CriDmgRatio | AL44: 150000 | AM44: 1513271 | AN44: TRUE | AO44: 2513271 | AP44: TRUE | AQ44: 3513271 | AR44: TRUE | AS44: 4513271 | AT44: FALSE
A45: 10000283 | B45: 모건 | C45: 128301 | D45: ="c"&MID(C45,2,3) | E45: ="character_name_"&A45 | F45: =D45&"_profile" | G45: None | H45: Normal | I45: 0.95,0.95,0.95 | J45: TRUE | K45: 0,0,0 | L45: 3 | M45: Fire | N45: Magician | O45: =100+L45 | P45: 3 | Q45: 3 | R45: 1 | S45: 0 | T45: 0 | U45: Spd | V45: {=_xlfn.IFS(N45="Attacker",80,N45="Healer",90,N45="Magician",100,N45="Defender",110,N45="Supporter",120)} | W45: Hp | X45: 8650 | Y45: Atk | Z45: 252 | AA45: Def | AB45: 240 | AC45: Penetration | AD45: 156 | AE45: Hit | AF45: 100 | AG45: Dodge | AH45: 100 | AI45: CriRatio | AJ45: 5000 | AK45: CriDmgRatio | AL45: 150000 | AM45: 1511291 | AN45: TRUE | AO45: 2511291 | AP45: TRUE | AQ45: 3511291 | AR45: TRUE | AS45: 4511291 | AT45: FALSE
A46: 10000462 | B46: 데레사 | C46: 146201 | D46: ="c"&MID(C46,2,3) | E46: ="character_name_"&A46 | F46: =D46&"_profile" | G46: None | H46: Normal | I46: 0.95,0.95,0.95 | J46: TRUE | K46: 0,0,0 | L46: 3 | M46: Fire | N46: Defender | O46: =100+L46 | P46: {=_xlfn.IFS($N46="Attacker",6,$N46="Healer",3,$N46="Magician",4,$N46="Defender",3,$N46="Supporter",4)} | Q46: {=_xlfn.IFS($N46="Attacker",6,$N46="Healer",3,$N46="Magician",4,$N46="Defender",3,$N46="Supporter",4)} | R46: 1 | S46: 0 | T46: 0 | U46: Spd | V46: {=_xlfn.IFS(N46="Attacker",80,N46="Healer",90,N46="Magician",100,N46="Defender",110,N46="Supporter",120)} | W46: Hp | X46: 8650 | Y46: Atk | Z46: 252 | AA46: Def | AB46: 240 | AC46: Penetration | AD46: 156 | AE46: Hit | AF46: 100 | AG46: Dodge | AH46: 100 | AI46: CriRatio | AJ46: 5000 | AK46: CriDmgRatio | AL46: 150000 | AM46: 1512321 | AN46: TRUE | AO46: 2512321 | AP46: TRUE | AQ46: 3512321 | AR46: TRUE | AS46: 4512321 | AT46: FALSE
A47: 10000429 | B47: 지바 | C47: 142901 | D47: ="c"&MID(C47,2,3) | E47: ="character_name_"&A47 | F47: =D47&"_profile" | G47: None | H47: Normal | I47: 0.95,0.95,0.95 | J47: TRUE | K47: 0,0,0 | L47: 3 | M47: Fire | N47: Healer | O47: =100+L47 | P47: 3 | Q47: 3 | R47: 1 | S47: 0 | T47: 0 | U47: Spd | V47: {=_xlfn.IFS(N47="Attacker",80,N47="Healer",90,N47="Magician",100,N47="Defender",110,N47="Supporter",120)} | W47: Hp | X47: 6475 | Y47: Atk | Z47: 168 | AA47: Def | AB47: 151 | AC47: Penetration | AD47: 151 | AE47: Hit | AF47: 100 | AG47: Dodge | AH47: 100 | AI47: CriRatio | AJ47: 5000 | AK47: CriDmgRatio | AL47: 150000
A48: 10000562 | B48: 살마키스 | C48: 156201 | D48: ="c"&MID(C48,2,3) | E48: ="character_name_"&A48 | F48: =D48&"_profile" | G48: None | H48: Normal | I48: 0.95,0.95,0.95 | J48: TRUE | K48: 0,0,0 | L48: 3 | M48: Fire | N48: Supporter | O48: =100+L48 | P48: 4 | Q48: 4 | R48: 1 | S48: 0 | T48: 0 | U48: Spd | V48: {=_xlfn.IFS(N48="Attacker",80,N48="Healer",90,N48="Magician",100,N48="Defender",110,N48="Supporter",120)} | W48: Hp | X48: 5909 | Y48: Atk | Z48: 198 | AA48: Def | AB48: 142 | AC48: Penetration | AD48: 142 | AE48: Hit | AF48: 100 | AG48: Dodge | AH48: 100 | AI48: CriRatio | AJ48: 5000 | AK48: CriDmgRatio | AL48: 150000
A49: 10000229 | B49: 브라우니 | C49: 122901 | D49: ="c"&MID(C49,2,3) | E49: ="character_name_"&A49 | F49: =D49&"_profile" | G49: None | H49: Normal | I49: 0.95,0.95,0.95 | J49: TRUE | K49: 0,0,0 | L49: 3 | M49: Forest | N49: Healer | O49: =100+L49 | P49: 4 | Q49: 4 | R49: 1 | S49: 0 | T49: 0 | U49: Spd | V49: {=_xlfn.IFS(N49="Attacker",80,N49="Healer",90,N49="Magician",100,N49="Defender",110,N49="Supporter",120)} | W49: Hp | X49: 5909 | Y49: Atk | Z49: 198 | AA49: Def | AB49: 142 | AC49: Penetration | AD49: 156 | AE49: Hit | AF49: 100 | AG49: Dodge | AH49: 100 | AI49: CriRatio | AJ49: 5000 | AK49: CriDmgRatio | AL49: 150000 | AM49: 1534061 | AN49: TRUE | AO49: 2534061 | AP49: FALSE | AQ49: 3534061 | AR49: TRUE | AS49: 4534061 | AT49: FALSE
A50: 10000525 | B50: 그릴라 | C50: 152501 | D50: ="c"&MID(C50,2,3) | E50: ="character_name_"&A50 | F50: =D50&"_profile" | G50: None | H50: Normal | I50: 0.95,0.95,0.95 | J50: TRUE | K50: 0,0,0 | L50: 3 | M50: Forest | N50: Supporter | O50: =100+L50 | P50: 4 | Q50: 4 | R50: 1 | S50: 0 | T50: 0 | U50: Spd | V50: {=_xlfn.IFS(N50="Attacker",80,N50="Healer",90,N50="Magician",100,N50="Defender",110,N50="Supporter",120)} | W50: Hp | X50: 5909 | Y50: Atk | Z50: 198 | AA50: Def | AB50: 142 | AC50: Penetration | AD50: 156 | AE50: Hit | AF50: 100 | AG50: Dodge | AH50: 100 | AI50: CriRatio | AJ50: 5000 | AK50: CriDmgRatio | AL50: 150000 | AM50: 1334211 | AN50: TRUE | AO50: 2334211 | AP50: TRUE | AQ50: 3334211 | AR50: TRUE | AS50: 4334211 | AT50: FALSE
A51: 10000336 | B51: 판 | C51: 133601 | D51: ="c"&MID(C51,2,3) | E51: ="character_name_"&A51 | F51: =D51&"_profile" | G51: None | H51: Normal | I51: 0.95,0.95,0.95 | J51: TRUE | K51: 0,0,0 | L51: 3 | M51: Forest | N51: Magician | O51: =100+L51 | P51: 4 | Q51: 4 | R51: 1 | S51: 0 | T51: 0 | U51: Spd | V51: {=_xlfn.IFS(N51="Attacker",80,N51="Healer",90,N51="Magician",100,N51="Defender",110,N51="Supporter",120)} | W51: Hp | X51: 4743 | Y51: Atk | Z51: 341 | AA51: Def | AB51: 108 | AC51: Penetration | AD51: 156 | AE51: Hit | AF51: 100 | AG51: Dodge | AH51: 100 | AI51: CriRatio | AJ51: 5000 | AK51: CriDmgRatio | AL51: 150000 | AM51: 1535261 | AN51: TRUE | AO51: 2535261 | AP51: TRUE | AQ51: 3535261 | AR51: TRUE | AS51: 4535261 | AT51: FALSE
A52: 10000461 | B52: 아우로라 | C52: 146101 | D52: ="c"&MID(C52,2,3) | E52: ="character_name_"&A52 | F52: =D52&"_profile" | G52: None | H52: Normal | I52: 0.95,0.95,0.95 | J52: TRUE | K52: 0,0,0 | L52: 3 | M52: Forest | N52: Supporter | O52: =100+L52 | P52: {=_xlfn.IFS($N52="Attacker",6,$N52="Healer",3,$N52="Magician",4,$N52="Defender",3,$N52="Supporter",4)} | Q52: {=_xlfn.IFS($N52="Attacker",6,$N52="Healer",3,$N52="Magician",4,$N52="Defender",3,$N52="Supporter",4)} | R52: 1 | S52: 0 | T52: 0 | U52: Spd | V52: {=_xlfn.IFS(N52="Attacker",80,N52="Healer",90,N52="Magician",100,N52="Defender",110,N52="Supporter",120)} | W52: Hp | X52: 5909 | Y52: Atk | Z52: 198 | AA52: Def | AB52: 142 | AC52: Penetration | AD52: 156 | AE52: Hit | AF52: 100 | AG52: Dodge | AH52: 100 | AI52: CriRatio | AJ52: 5000 | AK52: CriDmgRatio | AL52: 150000 | AM52: 1534281 | AN52: TRUE | AO52: 2534281 | AP52: TRUE | AQ52: 3534281 | AR52: TRUE | AS52: 4534281 | AT52: FALSE
A53: 10000447 | B53: 미리암 | C53: 144701 | D53: ="c"&MID(C53,2,3) | E53: ="character_name_"&A53 | F53: =D53&"_profile" | G53: None | H53: Normal | I53: 0.95,0.95,0.95 | J53: TRUE | K53: 0,0,0 | L53: 3 | M53: Forest | N53: Attacker | O53: =100+L53 | P53: {=_xlfn.IFS($N53="Attacker",6,$N53="Healer",3,$N53="Magician",4,$N53="Defender",3,$N53="Supporter",4)} | Q53: {=_xlfn.IFS($N53="Attacker",6,$N53="Healer",3,$N53="Magician",4,$N53="Defender",3,$N53="Supporter",4)} | R53: 1 | S53: 0 | T53: 0 | U53: Spd | V53: {=_xlfn.IFS(N53="Attacker",80,N53="Healer",90,N53="Magician",100,N53="Defender",110,N53="Supporter",120)} | W53: Hp | X53: 8650 | Y53: Atk | Z53: 252 | AA53: Def | AB53: 240 | AC53: Penetration | AD53: 156 | AE53: Hit | AF53: 100 | AG53: Dodge | AH53: 100 | AI53: CriRatio | AJ53: 5000 | AK53: CriDmgRatio | AL53: 150000 | AM53: 1531311 | AN53: TRUE | AO53: 2531311 | AP53: TRUE | AQ53: 3531311 | AR53: TRUE | AS53: 4531311 | AT53: FALSE
A54: 10000601 | B54: 에레보스 | C54: 160101 | D54: ="c"&MID(C54,2,3) | E54: ="character_name_"&A54 | F54: =D54&"_profile" | G54: None | H54: Normal | I54: 0.95,0.95,0.95 | J54: TRUE | K54: 0,0,0 | L54: 3 | M54: Forest | N54: Magician | O54: =100+L54 | P54: {=_xlfn.IFS($N54="Attacker",6,$N54="Healer",3,$N54="Magician",4,$N54="Defender",3,$N54="Supporter",4)} | Q54: {=_xlfn.IFS($N54="Attacker",6,$N54="Healer",3,$N54="Magician",4,$N54="Defender",3,$N54="Supporter",4)} | R54: 1 | S54: 0 | T54: 0 | U54: Spd | V54: {=_xlfn.IFS(N54="Attacker",80,N54="Healer",90,N54="Magician",100,N54="Defender",110,N54="Supporter",120)} | W54: Hp | X54: 5100 | Y54: Atk | Z54: 420 | AA54: Def | AB54: 120 | AC54: Penetration | AD54: 120 | AE54: Hit | AF54: 100 | AG54: Dodge | AH54: 100 | AI54: CriRatio | AJ54: 5000 | AK54: CriDmgRatio | AL54: 150000
A55: 10000549 | B55: 다누 | C55: 154901 | D55: ="c"&MID(C55,2,3) | E55: ="character_name_"&A55 | F55: =D55&"_profile" | G55: None | H55: Normal | I55: 0.95,0.95,0.95 | J55: TRUE | K55: 0,0,0 | L55: 3 | M55: Forest | N55: Attacker | O55: =100+L55 | P55: {=_xlfn.IFS($N55="Attacker",6,$N55="Healer",3,$N55="Magician",4,$N55="Defender",3,$N55="Supporter",4)} | Q55: {=_xlfn.IFS($N55="Attacker",6,$N55="Healer",3,$N55="Magician",4,$N55="Defender",3,$N55="Supporter",4)} | R55: 1 | S55: 0 | T55: 0 | U55: Spd | V55: {=_xlfn.IFS(N55="Attacker",80,N55="Healer",90,N55="Magician",100,N55="Defender",110,N55="Supporter",120)} | W55: Hp | X55: 6475 | Y55: Atk | Z55: 168 | AA55: Def | AB55: 151 | AC55: Penetration | AD55: 151 | AE55: Hit | AF55: 100 | AG55: Dodge | AH55: 100 | AI55: CriRatio | AJ55: 5000 | AK55: CriDmgRatio | AL55: 150000
A56: 10000468 | B56: 메티스 | C56: 146801 | D56: ="c"&MID(C56,2,3) | E56: ="character_name_"&A56 | F56: =D56&"_profile" | G56: None | H56: Normal | I56: 0.95,0.95,0.95 | J56: TRUE | K56: 0,0,0 | L56: 3 | M56: Forest | N56: Defender | O56: =100+L56 | P56: {=_xlfn.IFS($N56="Attacker",6,$N56="Healer",3,$N56="Magician",4,$N56="Defender",3,$N56="Supporter",4)} | Q56: {=_xlfn.IFS($N56="Attacker",6,$N56="Healer",3,$N56="Magician",4,$N56="Defender",3,$N56="Supporter",4)} | R56: 1 | S56: 0 | T56: 0 | U56: Spd | V56: {=_xlfn.IFS(N56="Attacker",80,N56="Healer",90,N56="Magician",100,N56="Defender",110,N56="Supporter",120)} | W56: Hp | X56: 5909 | Y56: Atk | Z56: 198 | AA56: Def | AB56: 142 | AC56: Penetration | AD56: 142 | AE56: Hit | AF56: 100 | AG56: Dodge | AH56: 100 | AI56: CriRatio | AJ56: 5000 | AK56: CriDmgRatio | AL56: 150000
A57: 10000194 | B57: 아슈토레스 | C57: 119401 | D57: ="c"&MID(C57,2,3) | E57: ="character_name_"&A57 | F57: =D57&"_profile" | G57: None | H57: Normal | I57: 0.95,0.95,0.95 | J57: TRUE | K57: 0,0,0 | L57: 3 | M57: Light | N57: Attacker | O57: =100+L57 | P57: {=_xlfn.IFS($N57="Attacker",6,$N57="Healer",3,$N57="Magician",4,$N57="Defender",3,$N57="Supporter",4)} | Q57: {=_xlfn.IFS($N57="Attacker",6,$N57="Healer",3,$N57="Magician",4,$N57="Defender",3,$N57="Supporter",4)} | R57: 1 | S57: 0 | T57: 0 | U57: Spd | V57: {=_xlfn.IFS(N57="Attacker",80,N57="Healer",90,N57="Magician",100,N57="Defender",110,N57="Supporter",120)} | W57: Hp | X57: 5100 | Y57: Atk | Z57: 420 | AA57: Def | AB57: 120 | AC57: Penetration | AD57: 130 | AE57: Hit | AF57: 100 | AG57: Dodge | AH57: 100 | AI57: CriRatio | AJ57: 5000 | AK57: CriDmgRatio | AL57: 150000 | AM57: 1341231 | AN57: TRUE | AO57: 2341231 | AP57: FALSE | AQ57: 3341231 | AR57: TRUE | AS57: 4341231 | AT57: FALSE
A58: 10000364 | B58: 시트리 | C58: 136401 | D58: ="c"&MID(C58,2,3) | E58: ="character_name_"&A58 | F58: =D58&"_profile" | G58: None | H58: Normal | I58: 0.95,0.95,0.95 | J58: TRUE | K58: 0,0,0 | L58: 3 | M58: Light | N58: Supporter | O58: =100+L58 | P58: {=_xlfn.IFS($N58="Attacker",6,$N58="Healer",3,$N58="Magician",4,$N58="Defender",3,$N58="Supporter",4)} | Q58: {=_xlfn.IFS($N58="Attacker",6,$N58="Healer",3,$N58="Magician",4,$N58="Defender",3,$N58="Supporter",4)} | R58: 1 | S58: 0 | T58: 0 | U58: Spd | V58: {=_xlfn.IFS(N58="Attacker",80,N58="Healer",90,N58="Magician",100,N58="Defender",110,N58="Supporter",120)} | W58: Hp | X58: 5909 | Y58: Atk | Z58: 198 | AA58: Def | AB58: 142 | AC58: Penetration | AD58: 187 | AE58: Hit | AF58: 100 | AG58: Dodge | AH58: 100 | AI58: CriRatio | AJ58: 5000 | AK58: CriDmgRatio | AL58: 150000 | AM58: 1554101 | AN58: TRUE | AO58: 2554101 | AP58: FALSE | AQ58: 3554101 | AR58: TRUE | AS58: 4554101 | AT58: FALSE
A59: 10000438 | B59: 세멜레 | C59: 143801 | D59: ="c"&MID(C59,2,3) | E59: ="character_name_"&A59 | F59: =D59&"_profile" | G59: None | H59: Normal | I59: 0.95,0.95,0.95 | J59: TRUE | K59: 0,0,0 | L59: 3 | M59: Light | N59: Magician | O59: =100+L59 | P59: {=_xlfn.IFS($N59="Attacker",6,$N59="Healer",3,$N59="Magician",4,$N59="Defender",3,$N59="Supporter",4)} | Q59: {=_xlfn.IFS($N59="Attacker",6,$N59="Healer",3,$N59="Magician",4,$N59="Defender",3,$N59="Supporter",4)} | R59: 1 | S59: 0 | T59: 0 | U59: Spd | V59: {=_xlfn.IFS(N59="Attacker",80,N59="Healer",90,N59="Magician",100,N59="Defender",110,N59="Supporter",120)} | W59: Hp | X59: 5100 | Y59: Atk | Z59: 420 | AA59: Def | AB59: 120 | AC59: Penetration | AD59: 120 | AE59: Hit | AF59: 100 | AG59: Dodge | AH59: 100 | AI59: CriRatio | AJ59: 5000 | AK59: CriDmgRatio | AL59: 150000
A60: 10000455 | B60: 티와즈 | C60: 145501 | D60: ="c"&MID(C60,2,3) | E60: ="character_name_"&A60 | F60: =D60&"_profile" | G60: None | H60: Normal | I60: 0.95,0.95,0.95 | J60: TRUE | K60: 0,0,0 | L60: 3 | M60: Light | N60: Healer | O60: =100+L60 | P60: {=_xlfn.IFS($N60="Attacker",6,$N60="Healer",3,$N60="Magician",4,$N60="Defender",3,$N60="Supporter",4)} | Q60: {=_xlfn.IFS($N60="Attacker",6,$N60="Healer",3,$N60="Magician",4,$N60="Defender",3,$N60="Supporter",4)} | R60: 1 | S60: 0 | T60: 0 | U60: Spd | V60: {=_xlfn.IFS(N60="Attacker",80,N60="Healer",90,N60="Magician",100,N60="Defender",110,N60="Supporter",120)} | W60: Hp | X60: 5100 | Y60: Atk | Z60: 420 | AA60: Def | AB60: 120 | AC60: Penetration | AD60: 120 | AE60: Hit | AF60: 100 | AG60: Dodge | AH60: 100 | AI60: CriRatio | AJ60: 5000 | AK60: CriDmgRatio | AL60: 150000
A61: 10000533 | B61: 오네이로이 | C61: 153301 | D61: ="c"&MID(C61,2,3) | E61: ="character_name_"&A61 | F61: =D61&"_profile" | G61: None | H61: Normal | I61: 0.95,0.95,0.95 | J61: TRUE | K61: 0,0,0 | L61: 3 | M61: Light | N61: Supporter | O61: =100+L61 | P61: {=_xlfn.IFS($N61="Attacker",6,$N61="Healer",3,$N61="Magician",4,$N61="Defender",3,$N61="Supporter",4)} | Q61: {=_xlfn.IFS($N61="Attacker",6,$N61="Healer",3,$N61="Magician",4,$N61="Defender",3,$N61="Supporter",4)} | R61: 1 | S61: 0 | T61: 0 | U61: Spd | V61: {=_xlfn.IFS(N61="Attacker",80,N61="Healer",90,N61="Magician",100,N61="Defender",110,N61="Supporter",120)} | W61: Hp | X61: 4743 | Y61: Atk | Z61: 341 | AA61: Def | AB61: 108 | AC61: Penetration | AD61: 108 | AE61: Hit | AF61: 100 | AG61: Dodge | AH61: 100 | AI61: CriRatio | AJ61: 5000 | AK61: CriDmgRatio | AL61: 150000
A62: 10000473 | B62: 티타니아 | C62: 147301 | D62: ="c"&MID(C62,2,3) | E62: ="character_name_"&A62 | F62: =D62&"_profile" | G62: None | H62: Normal | I62: 0.95,0.95,0.95 | J62: TRUE | K62: 0,0,0 | L62: 3 | M62: Light | N62: Defender | O62: =100+L62 | P62: {=_xlfn.IFS($N62="Attacker",6,$N62="Healer",3,$N62="Magician",4,$N62="Defender",3,$N62="Supporter",4)} | Q62: {=_xlfn.IFS($N62="Attacker",6,$N62="Healer",3,$N62="Magician",4,$N62="Defender",3,$N62="Supporter",4)} | R62: 1 | S62: 0 | T62: 0 | U62: Spd | V62: {=_xlfn.IFS(N62="Attacker",80,N62="Healer",90,N62="Magician",100,N62="Defender",110,N62="Supporter",120)} | W62: Hp | X62: 5909 | Y62: Atk | Z62: 198 | AA62: Def | AB62: 142 | AC62: Penetration | AD62: 142 | AE62: Hit | AF62: 100 | AG62: Dodge | AH62: 100 | AI62: CriRatio | AJ62: 5000 | AK62: CriDmgRatio | AL62: 150000
A63: 10000600 | B63: 루미나 | C63: 160001 | D63: ="c"&MID(C63,2,3) | E63: ="character_name_"&A63 | F63: =D63&"_profile" | G63: None | H63: Normal | I63: 0.95,0.95,0.95 | J63: TRUE | K63: 0,0,0 | L63: 3 | M63: Light | N63: Magician | O63: =100+L63 | P63: {=_xlfn.IFS($N63="Attacker",6,$N63="Healer",3,$N63="Magician",4,$N63="Defender",3,$N63="Supporter",4)} | Q63: {=_xlfn.IFS($N63="Attacker",6,$N63="Healer",3,$N63="Magician",4,$N63="Defender",3,$N63="Supporter",4)} | R63: 1 | S63: 0 | T63: 0 | U63: Spd | V63: {=_xlfn.IFS(N63="Attacker",80,N63="Healer",90,N63="Magician",100,N63="Defender",110,N63="Supporter",120)} | W63: Hp | X63: 5909 | Y63: Atk | Z63: 198 | AA63: Def | AB63: 142 | AC63: Penetration | AD63: 142 | AE63: Hit | AF63: 100 | AG63: Dodge | AH63: 100 | AI63: CriRatio | AJ63: 5000 | AK63: CriDmgRatio | AL63: 150000
A64: 10000502 | B64: 도계화 | C64: 150201 | D64: ="c"&MID(C64,2,3) | E64: ="character_name_"&A64 | F64: =D64&"_profile" | G64: None | H64: Normal | I64: 0.95,0.95,0.95 | J64: TRUE | K64: 0,0,0 | L64: 3 | M64: Water | N64: Magician | O64: =100+L64 | P64: {=_xlfn.IFS($N64="Attacker",6,$N64="Healer",3,$N64="Magician",4,$N64="Defender",3,$N64="Supporter",4)} | Q64: {=_xlfn.IFS($N64="Attacker",6,$N64="Healer",3,$N64="Magician",4,$N64="Defender",3,$N64="Supporter",4)} | R64: 1 | S64: 0 | T64: 0 | U64: Spd | V64: {=_xlfn.IFS(N64="Attacker",80,N64="Healer",90,N64="Magician",100,N64="Defender",110,N64="Supporter",120)} | W64: Hp | X64: 5100 | Y64: Atk | Z64: 420 | AA64: Def | AB64: 120 | AC64: Penetration | AD64: 156 | AE64: Hit | AF64: 100 | AG64: Dodge | AH64: 100 | AI64: CriRatio | AJ64: 5000 | AK64: CriDmgRatio | AL64: 150000 | AM64: 1321171 | AN64: TRUE | AO64: 2321171 | AP64: TRUE | AQ64: 3321171 | AR64: TRUE | AS64: 4321171 | AT64: FALSE
A65: 10000124 | B65: 이브 | C65: 112401 | D65: ="c"&MID(C65,2,3) | E65: ="character_name_"&A65 | F65: =D65&"_profile" | G65: None | H65: Normal | I65: 0.95,0.95,0.95 | J65: TRUE | K65: 0,0,0 | L65: 3 | M65: Water | N65: Attacker | O65: =100+L65 | P65: 6 | Q65: 6 | R65: 1 | S65: 0 | T65: 0 | U65: Spd | V65: {=_xlfn.IFS(N65="Attacker",80,N65="Healer",90,N65="Magician",100,N65="Defender",110,N65="Supporter",120)} | W65: Hp | X65: 5100 | Y65: Atk | Z65: 420 | AA65: Def | AB65: 120 | AC65: Penetration | AD65: 156 | AE65: Hit | AF65: 100 | AG65: Dodge | AH65: 100 | AI65: CriRatio | AJ65: 5000 | AK65: CriDmgRatio | AL65: 150000 | AM65: 1321241 | AN65: TRUE | AO65: 2321241 | AP65: TRUE | AQ65: 3321241 | AR65: TRUE | AS65: 4321241 | AT65: FALSE
A66: 10000464 | B66: 아라한 | C66: 146401 | D66: ="c"&MID(C66,2,3) | E66: ="character_name_"&A66 | F66: =D66&"_profile" | G66: None | H66: Normal | I66: 0.95,0.95,0.95 | J66: TRUE | K66: 0,0,0 | L66: 3 | M66: Water | N66: Supporter | O66: =100+L66 | P66: {=_xlfn.IFS($N66="Attacker",6,$N66="Healer",3,$N66="Magician",4,$N66="Defender",3,$N66="Supporter",4)} | Q66: {=_xlfn.IFS($N66="Attacker",6,$N66="Healer",3,$N66="Magician",4,$N66="Defender",3,$N66="Supporter",4)} | R66: 1 | S66: 0 | T66: 0 | U66: Spd | V66: {=_xlfn.IFS(N66="Attacker",80,N66="Healer",90,N66="Magician",100,N66="Defender",110,N66="Supporter",120)} | W66: Hp | X66: 5909 | Y66: Atk | Z66: 198 | AA66: Def | AB66: 142 | AC66: Penetration | AD66: 187 | AE66: Hit | AF66: 100 | AG66: Dodge | AH66: 100 | AI66: CriRatio | AJ66: 5000 | AK66: CriDmgRatio | AL66: 150000 | AM66: 1524041 | AN66: TRUE | AO66: 2524041 | AP66: FALSE | AQ66: 3524041 | AR66: TRUE | AS66: 4524041 | AT66: FALSE
A67: 10000318 | B67: 바리 | C67: 131801 | D67: ="c"&MID(C67,2,3) | E67: ="character_name_"&A67 | F67: =D67&"_profile" | G67: None | H67: Normal | I67: 0.95,0.95,0.95 | J67: TRUE | K67: 0,0,0 | L67: 3 | M67: Water | N67: Magician | O67: =100+L67 | P67: {=_xlfn.IFS($N67="Attacker",6,$N67="Healer",3,$N67="Magician",4,$N67="Defender",3,$N67="Supporter",4)} | Q67: {=_xlfn.IFS($N67="Attacker",6,$N67="Healer",3,$N67="Magician",4,$N67="Defender",3,$N67="Supporter",4)} | R67: 1 | S67: 0 | T67: 0 | U67: Spd | V67: {=_xlfn.IFS(N67="Attacker",80,N67="Healer",90,N67="Magician",100,N67="Defender",110,N67="Supporter",120)} | W67: Hp | X67: 4743 | Y67: Atk | Z67: 341 | AA67: Def | AB67: 108 | AC67: Penetration | AD67: 187 | AE67: Hit | AF67: 100 | AG67: Dodge | AH67: 100 | AI67: CriRatio | AJ67: 5000 | AK67: CriDmgRatio | AL67: 150000 | AM67: 1321201 | AN67: TRUE | AO67: 2321201 | AP67: TRUE | AQ67: 3321201 | AR67: TRUE | AS67: 4321201 | AT67: FALSE
A68: 10000442 | B68: 니르티 | C68: 144201 | D68: ="c"&MID(C68,2,3) | E68: ="character_name_"&A68 | F68: =D68&"_profile" | G68: None | H68: Normal | I68: 0.95,0.95,0.95 | J68: TRUE | K68: 0,0,0 | L68: 3 | M68: Water | N68: Attacker | O68: =100+L68 | P68: {=_xlfn.IFS($N68="Attacker",6,$N68="Healer",3,$N68="Magician",4,$N68="Defender",3,$N68="Supporter",4)} | Q68: {=_xlfn.IFS($N68="Attacker",6,$N68="Healer",3,$N68="Magician",4,$N68="Defender",3,$N68="Supporter",4)} | R68: 1 | S68: 0 | T68: 0 | U68: Spd | V68: {=_xlfn.IFS(N68="Attacker",80,N68="Healer",90,N68="Magician",100,N68="Defender",110,N68="Supporter",120)} | W68: Hp | X68: 5100 | Y68: Atk | Z68: 420 | AA68: Def | AB68: 120 | AC68: Penetration | AD68: 187 | AE68: Hit | AF68: 100 | AG68: Dodge | AH68: 100 | AI68: CriRatio | AJ68: 5000 | AK68: CriDmgRatio | AL68: 150000 | AM68: 1321221 | AN68: TRUE | AO68: 2321221 | AP68: TRUE | AQ68: 3321221 | AR68: TRUE | AS68: 4321221 | AT68: FALSE
A69: 10000281 | B69: 티스베 | C69: 128101 | D69: ="c"&MID(C69,2,3) | E69: ="character_name_"&A69 | F69: =D69&"_profile" | G69: None | H69: Normal | I69: 0.95,0.95,0.95 | J69: TRUE | K69: 0,0,0 | L69: 3 | M69: Water | N69: Healer | O69: =100+L69 | P69: {=_xlfn.IFS($N69="Attacker",6,$N69="Healer",3,$N69="Magician",4,$N69="Defender",3,$N69="Supporter",4)} | Q69: {=_xlfn.IFS($N69="Attacker",6,$N69="Healer",3,$N69="Magician",4,$N69="Defender",3,$N69="Supporter",4)} | R69: 1 | S69: 0 | T69: 0 | U69: Spd | V69: {=_xlfn.IFS(N69="Attacker",80,N69="Healer",90,N69="Magician",100,N69="Defender",110,N69="Supporter",120)} | W69: Hp | X69: 5909 | Y69: Atk | Z69: 198 | AA69: Def | AB69: 142 | AC69: Penetration | AD69: 156 | AE69: Hit | AF69: 100 | AG69: Dodge | AH69: 100 | AI69: CriRatio | AJ69: 5000 | AK69: CriDmgRatio | AL69: 150000 | AM69: 1524331 | AN69: TRUE | AO69: 2524331 | AP69: TRUE | AQ69: 3524331 | AR69: TRUE | AS69: 4524331 | AT69: FALSE
A70: 10000537 | B70: 엘리시온 | C70: 153701 | D70: ="c"&MID(C70,2,3) | E70: ="character_name_"&A70 | F70: =D70&"_profile" | G70: None | H70: Normal | I70: 0.95,0.95,0.95 | J70: TRUE | K70: 0,0,0 | L70: 3 | M70: Water | N70: Defender | O70: =100+L70 | P70: {=_xlfn.IFS($N70="Attacker",6,$N70="Healer",3,$N70="Magician",4,$N70="Defender",3,$N70="Supporter",4)} | Q70: {=_xlfn.IFS($N70="Attacker",6,$N70="Healer",3,$N70="Magician",4,$N70="Defender",3,$N70="Supporter",4)} | R70: 1 | S70: 0 | T70: 0 | U70: Spd | V70: {=_xlfn.IFS(N70="Attacker",80,N70="Healer",90,N70="Magician",100,N70="Defender",110,N70="Supporter",120)} | W70: Hp | X70: 6475 | Y70: Atk | Z70: 168 | AA70: Def | AB70: 151 | AC70: Penetration | AD70: 151 | AE70: Hit | AF70: 100 | AG70: Dodge | AH70: 100 | AI70: CriRatio | AJ70: 5000 | AK70: CriDmgRatio | AL70: 150000
A71: 10000167 | B71: 상아 | C71: 116701 | D71: ="c"&MID(C71,2,3) | E71: ="character_name_"&A71 | F71: =D71&"_profile" | G71: None | H71: Normal | I71: 0.95,0.95,0.95 | J71: TRUE | K71: 0,0,0 | L71: 3 | M71: Water | N71: Supporter | O71: =100+L71 | P71: {=_xlfn.IFS($N71="Attacker",6,$N71="Healer",3,$N71="Magician",4,$N71="Defender",3,$N71="Supporter",4)} | Q71: {=_xlfn.IFS($N71="Attacker",6,$N71="Healer",3,$N71="Magician",4,$N71="Defender",3,$N71="Supporter",4)} | R71: 1 | S71: 0 | T71: 0 | U71: Spd | V71: {=_xlfn.IFS(N71="Attacker",80,N71="Healer",90,N71="Magician",100,N71="Defender",110,N71="Supporter",120)} | W71: Hp | X71: 5909 | Y71: Atk | Z71: 198 | AA71: Def | AB71: 142 | AC71: Penetration | AD71: 142 | AE71: Hit | AF71: 100 | AG71: Dodge | AH71: 100 | AI71: CriRatio | AJ71: 5000 | AK71: CriDmgRatio | AL71: 150000
A72: 10000339 | B72: 다비 | C72: 1033901 | D72: c339 | E72: character_name_10000339 | F72: =D72&"_profile" | H72: Normal | I72: 0.95,0.95,0.95 | J72: TRUE | K72: 0,0,0 | L72: 3 | M72: Fire | N72: Magician | O72: =100+L72 | P72: 6 | Q72: 6 | R72: 1 | S72: 0 | T72: 0 | U72: Spd | V72: 100 | W72: Hp | X72: 5500
A73: 10000393 | B73: 모나 | C73: 1039301 | D73: c393 | E73: character_name_10000393 | F73: =D73&"_profile" | H73: Normal | I73: 0.95,0.95,0.95 | J73: TRUE | K73: 0,0,0 | L73: 3 | M73: Light | N73: Defender | O73: =100+L73 | P73: 6 | Q73: 6 | R73: 1 | S73: 0 | T73: 0 | U73: Spd | V73: 100 | W73: Hp | X73: 5500

Sheet Detail<Monster>
A1: Id | B1: #이름 | C1: Skin | D1: #DefaultSoul | E1: Name | F1: Profile | G1: MonsterType | H1: Size | I1: #Difficuly | J1: Scale | K1: UseHud | L1: StatusOffset | M1: StarGrade | N1: Element | O1: Role | P1: LevelUpGroup | Q1: MaxSp | R1: UseSp | S1: TurnSp | T1: AtkSp | U1: HitSp | V1: StatParam | W1: StatValue | X1: StatParam | Y1: StatValue | Z1: StatParam | AA1: StatValue | AB1: StatParam | AC1: StatValue | AD1: StatParam | AE1: StatValue | AF1: StatParam | AG1: StatValue | AH1: StatParam | AI1: StatValue | AJ1: StatParam | AK1: StatValue | AL1: StatParam | AM1: StatValue | AN1: SkillId | AO1: DefaultCheck | AP1: SkillId | AQ1: DefaultCheck | AR1: SkillId | AS1: DefaultCheck | AT1: SkillId | AU1: DefaultCheck
G3: 몬스터 타입 | H3: 크기 | I3: 난이도 | M3: 등급 | N3: 속성 | O3: 직업 | AN3: Normal | AP3: Active | AR3: Ultimate | AT3: Passive
A4: 20130101 | B4: 봉제인형 | C4: 201301 | D4: 0 | E4: character_name_20130101 | G4: Normal | H4: Normal | I4: 1 | J4: 1,1,1 | K4: TRUE | L4: 0,0,0 | M4: 2 | N4: Fire | O4: Defender | P4: 200 | Q4: {=_xlfn.IFS($O4="Attacker",6,$O4="Healer",3,$O4="Magician",4,$O4="Defender",3,$O4="Supporter",4)} | R4: {=_xlfn.IFS($O4="Attacker",6,$O4="Healer",3,$O4="Magician",4,$O4="Defender",3,$O4="Supporter",4)} | S4: 1 | T4: 0 | U4: 0 | V4: Spd | W4: {=_xlfn.IFS(O4="Attacker",80,O4="Healer",90,O4="Magician",100,O4="Defender",110,O4="Supporter",120)} | X4: Hp | Y4: 1000 | Z4: Atk | AA4: 500 | AB4: Def | AC4: 20 | AD4: Penetration | AE4: =AC4 | AF4: Hit | AG4: 100 | AH4: Dodge | AI4: 80 | AJ4: CriRatio | AK4: 0 | AL4: CriDmgRatio | AM4: 150000 | AN4: 1842051 | AO4: TRUE | AP4: 2842051 | AQ4: TRUE | AR4: 0 | AS4: FALSE | AT4: 0 | AU4: FALSE
A5: 20130201 | B5: 봉제인형 | C5: 201302 | D5: 0 | E5: character_name_20130201 | G5: Normal | H5: Normal | I5: 1 | J5: 1,1,1 | K5: TRUE | L5: 0,0,0 | M5: 2 | N5: Fire | O5: Defender | P5: 200 | Q5: {=_xlfn.IFS($O5="Attacker",6,$O5="Healer",3,$O5="Magician",4,$O5="Defender",3,$O5="Supporter",4)} | R5: {=_xlfn.IFS($O5="Attacker",6,$O5="Healer",3,$O5="Magician",4,$O5="Defender",3,$O5="Supporter",4)} | S5: 1 | T5: 0 | U5: 0 | V5: Spd | W5: {=_xlfn.IFS(O5="Attacker",80,O5="Healer",90,O5="Magician",100,O5="Defender",110,O5="Supporter",120)} | X5: Hp | Y5: 1000 | Z5: Atk | AA5: 500 | AB5: Def | AC5: 20 | AD5: Penetration | AE5: =AC5 | AF5: Hit | AG5: 100 | AH5: Dodge | AI5: 80 | AJ5: CriRatio | AK5: 0 | AL5: CriDmgRatio | AM5: 150000 | AN5: 1842051 | AO5: TRUE | AP5: 2842051 | AQ5: TRUE | AR5: 0 | AS5: FALSE | AT5: 0 | AU5: FALSE
A6: 20130102 | B6: 봉제인형 | C6: 201301 | D6: 0 | E6: character_name_20130102 | G6: Normal | H6: Normal | I6: 2 | J6: 1,1,1 | K6: TRUE | L6: 0,0,0 | M6: 2 | N6: Fire | O6: Defender | P6: 200 | Q6: {=_xlfn.IFS($O6="Attacker",6,$O6="Healer",3,$O6="Magician",4,$O6="Defender",3,$O6="Supporter",4)} | R6: {=_xlfn.IFS($O6="Attacker",6,$O6="Healer",3,$O6="Magician",4,$O6="Defender",3,$O6="Supporter",4)} | S6: 1 | T6: 0 | U6: 0 | V6: Spd | W6: {=_xlfn.IFS(O6="Attacker",80,O6="Healer",90,O6="Magician",100,O6="Defender",110,O6="Supporter",120)} | X6: Hp | Y6: 1000 | Z6: Atk | AA6: 500 | AB6: Def | AC6: 20 | AD6: Penetration | AE6: =AC6 | AF6: Hit | AG6: 100 | AH6: Dodge | AI6: 80 | AJ6: CriRatio | AK6: 0 | AL6: CriDmgRatio | AM6: 150000 | AN6: 1842051 | AO6: TRUE | AP6: 2842051 | AQ6: TRUE | AR6: 0 | AS6: FALSE | AT6: 0 | AU6: FALSE
A7: 20130202 | B7: 봉제인형 | C7: 201302 | D7: 0 | E7: character_name_20130202 | G7: Normal | H7: Normal | I7: 2 | J7: 1,1,1 | K7: TRUE | L7: 0,0,0 | M7: 2 | N7: Fire | O7: Defender | P7: 200 | Q7: {=_xlfn.IFS($O7="Attacker",6,$O7="Healer",3,$O7="Magician",4,$O7="Defender",3,$O7="Supporter",4)} | R7: {=_xlfn.IFS($O7="Attacker",6,$O7="Healer",3,$O7="Magician",4,$O7="Defender",3,$O7="Supporter",4)} | S7: 1 | T7: 0 | U7: 0 | V7: Spd | W7: {=_xlfn.IFS(O7="Attacker",80,O7="Healer",90,O7="Magician",100,O7="Defender",110,O7="Supporter",120)} | X7: Hp | Y7: 1000 | Z7: Atk | AA7: 500 | AB7: Def | AC7: 20 | AD7: Penetration | AE7: =AC7 | AF7: Hit | AG7: 100 | AH7: Dodge | AI7: 80 | AJ7: CriRatio | AK7: 0 | AL7: CriDmgRatio | AM7: 150000 | AN7: 1842051 | AO7: TRUE | AP7: 2842051 | AQ7: TRUE | AR7: 0 | AS7: FALSE | AT7: 0 | AU7: FALSE
A8: 20730101 | B8: 큐브-화 | C8: 207301 | D8: 0 | E8: character_name_20730101 | G8: Normal | H8: Normal | I8: 1 | J8: 1,1,1 | K8: TRUE | L8: 0,0,0 | M8: 2 | N8: Fire | O8: Defender | P8: 200 | Q8: {=_xlfn.IFS($O8="Attacker",6,$O8="Healer",3,$O8="Magician",4,$O8="Defender",3,$O8="Supporter",4)} | R8: {=_xlfn.IFS($O8="Attacker",6,$O8="Healer",3,$O8="Magician",4,$O8="Defender",3,$O8="Supporter",4)} | S8: 1 | T8: 0 | U8: 0 | V8: Spd | W8: {=_xlfn.IFS(O8="Attacker",80,O8="Healer",90,O8="Magician",100,O8="Defender",110,O8="Supporter",120)} | X8: Hp | Y8: 300 | Z8: Atk | AA8: 200 | AB8: Def | AC8: 0 | AD8: Penetration | AE8: 0 | AF8: Hit | AG8: 100 | AH8: Dodge | AI8: 100 | AJ8: CriRatio | AK8: 5000 | AL8: CriDmgRatio | AM8: 150000 | AN8: 1811041 | AO8: TRUE | AP8: 2811041 | AQ8: TRUE | AR8: 0 | AS8: FALSE | AT8: 0 | AU8: FALSE
A9: 20730201 | B9: 큐브-수 | C9: 207302 | D9: 0 | E9: character_name_20730201 | G9: Normal | H9: Normal | I9: 1 | J9: 1,1,1 | K9: TRUE | L9: 0,0,0 | M9: 2 | N9: Water | O9: Defender | P9: 200 | Q9: {=_xlfn.IFS($O9="Attacker",6,$O9="Healer",3,$O9="Magician",4,$O9="Defender",3,$O9="Supporter",4)} | R9: {=_xlfn.IFS($O9="Attacker",6,$O9="Healer",3,$O9="Magician",4,$O9="Defender",3,$O9="Supporter",4)} | S9: 1 | T9: 0 | U9: 0 | V9: Spd | W9: {=_xlfn.IFS(O9="Attacker",80,O9="Healer",90,O9="Magician",100,O9="Defender",110,O9="Supporter",120)} | X9: Hp | Y9: 300 | Z9: Atk | AA9: 200 | AB9: Def | AC9: 0 | AD9: Penetration | AE9: 0 | AF9: Hit | AG9: 120 | AH9: Dodge | AI9: 100 | AJ9: CriRatio | AK9: 5000 | AL9: CriDmgRatio | AM9: 150000 | AN9: 1821041 | AO9: TRUE | AP9: 2821041 | AQ9: TRUE | AR9: 0 | AS9: FALSE | AT9: 0 | AU9: FALSE
A10: 20730301 | B10: 큐브-목 | C10: 207303 | D10: 0 | E10: character_name_20730301 | G10: Normal | H10: Normal | I10: 1 | J10: 1,1,1 | K10: TRUE | L10: 0,0,0 | M10: 2 | N10: Forest | O10: Defender | P10: 200 | Q10: {=_xlfn.IFS($O10="Attacker",6,$O10="Healer",3,$O10="Magician",4,$O10="Defender",3,$O10="Supporter",4)} | R10: {=_xlfn.IFS($O10="Attacker",6,$O10="Healer",3,$O10="Magician",4,$O10="Defender",3,$O10="Supporter",4)} | S10: 1 | T10: 0 | U10: 0 | V10: Spd | W10: {=_xlfn.IFS(O10="Attacker",80,O10="Healer",90,O10="Magician",100,O10="Defender",110,O10="Supporter",120)} | X10: Hp | Y10: 300 | Z10: Atk | AA10: 200 | AB10: Def | AC10: 0 | AD10: Penetration | AE10: 0 | AF10: Hit | AG10: 100 | AH10: Dodge | AI10: 100 | AJ10: CriRatio | AK10: 5000 | AL10: CriDmgRatio | AM10: 150000 | AN10: 1831041 | AO10: TRUE | AP10: 2831041 | AQ10: TRUE | AR10: 0 | AS10: FALSE | AT10: 0 | AU10: FALSE
A11: 20730401 | B11: 큐브-광 | C11: 207304 | D11: 0 | E11: character_name_20730401 | G11: Normal | H11: Normal | I11: 1 | J11: 1,1,1 | K11: TRUE | L11: 0,0,0 | M11: 2 | N11: Light | O11: Defender | P11: 200 | Q11: {=_xlfn.IFS($O11="Attacker",6,$O11="Healer",3,$O11="Magician",4,$O11="Defender",3,$O11="Supporter",4)} | R11: {=_xlfn.IFS($O11="Attacker",6,$O11="Healer",3,$O11="Magician",4,$O11="Defender",3,$O11="Supporter",4)} | S11: 1 | T11: 0 | U11: 0 | V11: Spd | W11: {=_xlfn.IFS(O11="Attacker",80,O11="Healer",90,O11="Magician",100,O11="Defender",110,O11="Supporter",120)} | X11: Hp | Y11: 300 | Z11: Atk | AA11: 200 | AB11: Def | AC11: 0 | AD11: Penetration | AE11: 0 | AF11: Hit | AG11: 100 | AH11: Dodge | AI11: 100 | AJ11: CriRatio | AK11: 5000 | AL11: CriDmgRatio | AM11: 150000 | AN11: 1841041 | AO11: TRUE | AP11: 2841041 | AQ11: TRUE | AR11: 0 | AS11: FALSE | AT11: 0 | AU11: FALSE
A12: 20730501 | B12: 큐브-암 | C12: 207305 | D12: 0 | E12: character_name_20730501 | G12: Normal | H12: Normal | I12: 1 | J12: 1,1,1 | K12: TRUE | L12: 0,0,0 | M12: 2 | N12: Dark | O12: Defender | P12: 200 | Q12: {=_xlfn.IFS($O12="Attacker",6,$O12="Healer",3,$O12="Magician",4,$O12="Defender",3,$O12="Supporter",4)} | R12: {=_xlfn.IFS($O12="Attacker",6,$O12="Healer",3,$O12="Magician",4,$O12="Defender",3,$O12="Supporter",4)} | S12: 1 | T12: 0 | U12: 0 | V12: Spd | W12: {=_xlfn.IFS(O12="Attacker",80,O12="Healer",90,O12="Magician",100,O12="Defender",110,O12="Supporter",120)} | X12: Hp | Y12: 300 | Z12: Atk | AA12: 200 | AB12: Def | AC12: 0 | AD12: Penetration | AE12: 0 | AF12: Hit | AG12: 100 | AH12: Dodge | AI12: 100 | AJ12: CriRatio | AK12: 5000 | AL12: CriDmgRatio | AM12: 150000 | AN12: 1851041 | AO12: TRUE | AP12: 2851041 | AQ12: TRUE | AR12: 0 | AS12: FALSE | AT12: 0 | AU12: FALSE
A13: 20730102 | B13: 큐브-화 | C13: 207301 | D13: 0 | E13: character_name_20730102 | G13: Normal | H13: Normal | I13: 2 | J13: 1,1,1 | K13: TRUE | L13: 0,0,0 | M13: 2 | N13: Fire | O13: Defender | P13: 200 | Q13: {=_xlfn.IFS($O13="Attacker",6,$O13="Healer",3,$O13="Magician",4,$O13="Defender",3,$O13="Supporter",4)} | R13: {=_xlfn.IFS($O13="Attacker",6,$O13="Healer",3,$O13="Magician",4,$O13="Defender",3,$O13="Supporter",4)} | S13: 1 | T13: 0 | U13: 0 | V13: Spd | W13: {=_xlfn.IFS(O13="Attacker",80,O13="Healer",90,O13="Magician",100,O13="Defender",110,O13="Supporter",120)} | X13: Hp | Y13: 300 | Z13: Atk | AA13: 200 | AB13: Def | AC13: 20 | AD13: Penetration | AE13: 0 | AF13: Hit | AG13: 100 | AH13: Dodge | AI13: 100 | AJ13: CriRatio | AK13: 5000 | AL13: CriDmgRatio | AM13: 150000 | AN13: 1811041 | AO13: TRUE | AP13: 2811041 | AQ13: TRUE | AR13: 0 | AS13: FALSE | AT13: 0 | AU13: FALSE
A14: 20730202 | B14: 큐브-수 | C14: 207302 | D14: 0 | E14: character_name_20730202 | G14: Normal | H14: Normal | I14: 2 | J14: 1,1,1 | K14: TRUE | L14: 0,0,0 | M14: 2 | N14: Water | O14: Defender | P14: 200 | Q14: {=_xlfn.IFS($O14="Attacker",6,$O14="Healer",3,$O14="Magician",4,$O14="Defender",3,$O14="Supporter",4)} | R14: {=_xlfn.IFS($O14="Attacker",6,$O14="Healer",3,$O14="Magician",4,$O14="Defender",3,$O14="Supporter",4)} | S14: 1 | T14: 0 | U14: 0 | V14: Spd | W14: {=_xlfn.IFS(O14="Attacker",80,O14="Healer",90,O14="Magician",100,O14="Defender",110,O14="Supporter",120)} | X14: Hp | Y14: 300 | Z14: Atk | AA14: 200 | AB14: Def | AC14: 20 | AD14: Penetration | AE14: 0 | AF14: Hit | AG14: 100 | AH14: Dodge | AI14: 100 | AJ14: CriRatio | AK14: 5000 | AL14: CriDmgRatio | AM14: 150000 | AN14: 1821041 | AO14: TRUE | AP14: 2821041 | AQ14: TRUE | AR14: 0 | AS14: FALSE | AT14: 0 | AU14: FALSE
A15: 20730302 | B15: 큐브-목 | C15: 207303 | D15: 0 | E15: character_name_20730302 | G15: Normal | H15: Normal | I15: 2 | J15: 1,1,1 | K15: TRUE | L15: 0,0,0 | M15: 2 | N15: Forest | O15: Defender | P15: 200 | Q15: {=_xlfn.IFS($O15="Attacker",6,$O15="Healer",3,$O15="Magician",4,$O15="Defender",3,$O15="Supporter",4)} | R15: {=_xlfn.IFS($O15="Attacker",6,$O15="Healer",3,$O15="Magician",4,$O15="Defender",3,$O15="Supporter",4)} | S15: 1 | T15: 0 | U15: 0 | V15: Spd | W15: {=_xlfn.IFS(O15="Attacker",80,O15="Healer",90,O15="Magician",100,O15="Defender",110,O15="Supporter",120)} | X15: Hp | Y15: 300 | Z15: Atk | AA15: 200 | AB15: Def | AC15: 20 | AD15: Penetration | AE15: 0 | AF15: Hit | AG15: 100 | AH15: Dodge | AI15: 100 | AJ15: CriRatio | AK15: 5000 | AL15: CriDmgRatio | AM15: 150000 | AN15: 1831041 | AO15: TRUE | AP15: 2831041 | AQ15: TRUE | AR15: 0 | AS15: FALSE | AT15: 0 | AU15: FALSE
A16: 20730402 | B16: 큐브-광 | C16: 207304 | D16: 0 | E16: character_name_20730402 | G16: Normal | H16: Normal | I16: 2 | J16: 1,1,1 | K16: TRUE | L16: 0,0,0 | M16: 2 | N16: Light | O16: Defender | P16: 200 | Q16: {=_xlfn.IFS($O16="Attacker",6,$O16="Healer",3,$O16="Magician",4,$O16="Defender",3,$O16="Supporter",4)} | R16: {=_xlfn.IFS($O16="Attacker",6,$O16="Healer",3,$O16="Magician",4,$O16="Defender",3,$O16="Supporter",4)} | S16: 1 | T16: 0 | U16: 0 | V16: Spd | W16: {=_xlfn.IFS(O16="Attacker",80,O16="Healer",90,O16="Magician",100,O16="Defender",110,O16="Supporter",120)} | X16: Hp | Y16: 300 | Z16: Atk | AA16: 200 | AB16: Def | AC16: 20 | AD16: Penetration | AE16: 0 | AF16: Hit | AG16: 100 | AH16: Dodge | AI16: 100 | AJ16: CriRatio | AK16: 5000 | AL16: CriDmgRatio | AM16: 150000 | AN16: 1841041 | AO16: TRUE | AP16: 2841041 | AQ16: TRUE | AR16: 0 | AS16: FALSE | AT16: 0 | AU16: FALSE
A17: 20730502 | B17: 큐브-암 | C17: 207305 | D17: 0 | E17: character_name_20730502 | G17: Normal | H17: Normal | I17: 2 | J17: 1,1,1 | K17: TRUE | L17: 0,0,0 | M17: 2 | N17: Dark | O17: Defender | P17: 200 | Q17: {=_xlfn.IFS($O17="Attacker",6,$O17="Healer",3,$O17="Magician",4,$O17="Defender",3,$O17="Supporter",4)} | R17: {=_xlfn.IFS($O17="Attacker",6,$O17="Healer",3,$O17="Magician",4,$O17="Defender",3,$O17="Supporter",4)} | S17: 1 | T17: 0 | U17: 0 | V17: Spd | W17: {=_xlfn.IFS(O17="Attacker",80,O17="Healer",90,O17="Magician",100,O17="Defender",110,O17="Supporter",120)} | X17: Hp | Y17: 300 | Z17: Atk | AA17: 200 | AB17: Def | AC17: 20 | AD17: Penetration | AE17: 0 | AF17: Hit | AG17: 100 | AH17: Dodge | AI17: 100 | AJ17: CriRatio | AK17: 5000 | AL17: CriDmgRatio | AM17: 150000 | AN17: 1851041 | AO17: TRUE | AP17: 2851041 | AQ17: TRUE | AR17: 0 | AS17: FALSE | AT17: 0 | AU17: FALSE
A18: 20730103 | B18: 큐브-화 | C18: 207301 | D18: 0 | E18: character_name_20730103 | G18: Normal | H18: Normal | I18: 3 | J18: 1,1,1 | K18: TRUE | L18: 0,0,0 | M18: 2 | N18: Fire | O18: Defender | P18: 200 | Q18: {=_xlfn.IFS($O18="Attacker",6,$O18="Healer",3,$O18="Magician",4,$O18="Defender",3,$O18="Supporter",4)} | R18: {=_xlfn.IFS($O18="Attacker",6,$O18="Healer",3,$O18="Magician",4,$O18="Defender",3,$O18="Supporter",4)} | S18: 1 | T18: 0 | U18: 0 | V18: Spd | W18: {=_xlfn.IFS(O18="Attacker",80,O18="Healer",90,O18="Magician",100,O18="Defender",110,O18="Supporter",120)} | X18: Hp | Y18: 36000 | Z18: Atk | AA18: 450 | AB18: Def | AC18: 0 | AD18: Penetration | AE18: 0 | AF18: Hit | AG18: 100 | AH18: Dodge | AI18: 80 | AJ18: CriRatio | AK18: 0 | AL18: CriDmgRatio | AM18: 150000 | AN18: 1811041 | AO18: TRUE | AP18: 2811041 | AQ18: TRUE | AR18: 0 | AS18: FALSE | AT18: 0 | AU18: FALSE
A19: 20730203 | B19: 큐브-수 | C19: 207302 | D19: 0 | E19: character_name_20730203 | G19: Normal | H19: Normal | I19: 3 | J19: 1,1,1 | K19: TRUE | L19: 0,0,0 | M19: 2 | N19: Water | O19: Defender | P19: 200 | Q19: {=_xlfn.IFS($O19="Attacker",6,$O19="Healer",3,$O19="Magician",4,$O19="Defender",3,$O19="Supporter",4)} | R19: {=_xlfn.IFS($O19="Attacker",6,$O19="Healer",3,$O19="Magician",4,$O19="Defender",3,$O19="Supporter",4)} | S19: 1 | T19: 0 | U19: 0 | V19: Spd | W19: {=_xlfn.IFS(O19="Attacker",80,O19="Healer",90,O19="Magician",100,O19="Defender",110,O19="Supporter",120)} | X19: Hp | Y19: 36000 | Z19: Atk | AA19: 450 | AB19: Def | AC19: 0 | AD19: Penetration | AE19: 0 | AF19: Hit | AG19: 120 | AH19: Dodge | AI19: 80 | AJ19: CriRatio | AK19: 0 | AL19: CriDmgRatio | AM19: 150000 | AN19: 1821041 | AO19: TRUE | AP19: 2821041 | AQ19: TRUE | AR19: 0 | AS19: FALSE | AT19: 0 | AU19: FALSE
... A141: 11240102 | B141: 이브 | C141: 112411 | D141: 0 | E141: character_name_11240102 | G141: Normal | H141: Normal | I141: 2 | J141: 0.95,0.95,0.95 | K141: TRUE | L141: 0,0,0 | M141: 3 | N141: Water | O141: Attacker | P141: 200 | Q141: {=_xlfn.IFS($O141="Attacker",6,$O141="Healer",3,$O141="Magician",4,$O141="Defender",3,$O141="Supporter",4)} | R141: {=_xlfn.IFS($O141="Attacker",6,$O141="Healer",3,$O141="Magician",4,$O141="Defender",3,$O141="Supporter",4)} | S141: 1 | T141: 0 | U141: 0 | V141: Spd | W141: {=_xlfn.IFS(O141="Attacker",80,O141="Healer",90,O141="Magician",100,O141="Defender",110,O141="Supporter",120)} | X141: Hp | Y141: 2142 | Z141: Atk | AA141: 221 | AB141: Def | AC141: 156 | AD141: Penetration | AE141: 156 | AF141: Hit | AG141: 100 | AH141: Dodge | AI141: 80 | AJ141: CriRatio | AK141: 5000 | AL141: CriDmgRatio | AM141: 150000 | AN141: 1321241 | AO141: TRUE | AP141: 2321241 | AQ141: TRUE | AR141: 3321241 | AS141: TRUE | AT141: 4321241 | AU141: TRUE
A142: 13360102 | B142: 판 | C142: 133611 | D142: 0 | E142: ="character_name_"&A142 | G142: Normal | H142: Normal | I142: 2 | J142: 0.95,0.95,0.95 | K142: TRUE | L142: 0,0,0 | M142: 3 | N142: Forest | O142: Supporter | P142: =100+M142 | Q142: {=_xlfn.IFS($O142="Attacker",6,$O142="Healer",3,$O142="Magician",4,$O142="Defender",3,$O142="Supporter",4)} | R142: {=_xlfn.IFS($O142="Attacker",6,$O142="Healer",3,$O142="Magician",4,$O142="Defender",3,$O142="Supporter",4)} | S142: 1 | T142: 0 | U142: 0 | V142: Spd | W142: {=_xlfn.IFS(O142="Attacker",80,O142="Healer",90,O142="Magician",100,O142="Defender",110,O142="Supporter",120)} | X142: Hp | Y142: =ROUND($Y$16*0.9, 0) | Z142: Atk | AA142: 221 | AB142: Def | AC142: 156 | AD142: Penetration | AE142: =AC142 | AF142: Hit | AG142: 100 | AH142: Dodge | AI142: 100 | AJ142: CriRatio | AK142: 5000 | AL142: CriDmgRatio | AM142: 150000 | AN142: 1535261 | AO142: TRUE | AP142: 2535261 | AQ142: TRUE | AR142: 3535261 | AS142: TRUE | AT142: 4535261 | AU142: TRUE
A143: 14450102 | B143: 카라라트리 | C143: 144511 | D143: 0 | E143: ="character_name_"&A143 | G143: Normal | H143: Normal | I143: 2 | J143: 0.95,0.95,0.95 | K143: TRUE | L143: 0,0,0 | M143: 3 | N143: Fire | O143: Attacker | P143: =100+M143 | Q143: {=_xlfn.IFS($O143="Attacker",6,$O143="Healer",3,$O143="Magician",4,$O143="Defender",3,$O143="Supporter",4)} | R143: {=_xlfn.IFS($O143="Attacker",6,$O143="Healer",3,$O143="Magician",4,$O143="Defender",3,$O143="Supporter",4)} | S143: 1 | T143: 0 | U143: 0 | V143: Spd | W143: {=_xlfn.IFS(O143="Attacker",80,O143="Healer",90,O143="Magician",100,O143="Defender",110,O143="Supporter",120)} | X143: Hp | Y143: =ROUND($Y$16*0.9, 0) | Z143: Atk | AA143: 221 | AB143: Def | AC143: 156 | AD143: Penetration | AE143: =AC143 | AF143: Hit | AG143: 100 | AH143: Dodge | AI143: 100 | AJ143: CriRatio | AK143: 5000 | AL143: CriDmgRatio | AM143: 150000 | AN143: 1513271 | AO143: TRUE | AP143: 2513271 | AQ143: TRUE | AR143: 3513271 | AS143: TRUE | AT143: 4513271 | AU143: TRUE
A144: 14610102 | B144: 아우로라 | C144: 146111 | D144: 0 | E144: ="character_name_"&A144 | G144: Normal | H144: Normal | I144: 2 | J144: 0.95,0.95,0.95 | K144: TRUE | L144: 0,0,0 | M144: 3 | N144: Forest | O144: Supporter | P144: =100+M144 | Q144: {=_xlfn.IFS($O144="Attacker",6,$O144="Healer",3,$O144="Magician",4,$O144="Defender",3,$O144="Supporter",4)} | R144: {=_xlfn.IFS($O144="Attacker",6,$O144="Healer",3,$O144="Magician",4,$O144="Defender",3,$O144="Supporter",4)} | S144: 1 | T144: 0 | U144: 0 | V144: Spd | W144: {=_xlfn.IFS(O144="Attacker",80,O144="Healer",90,O144="Magician",100,O144="Defender",110,O144="Supporter",120)} | X144: Hp | Y144: =ROUND($Y$16*0.9, 0) | Z144: Atk | AA144: 221 | AB144: Def | AC144: 156 | AD144: Penetration | AE144: =AC144 | AF144: Hit | AG144: 100 | AH144: Dodge | AI144: 100 | AJ144: CriRatio | AK144: 5000 | AL144: CriDmgRatio | AM144: 150000 | AN144: 1534281 | AO144: TRUE | AP144: 2534281 | AQ144: TRUE | AR144: 3534281 | AS144: TRUE | AT144: 4534281 | AU144: TRUE
A145: 12830102 | B145: 모건 | C145: 128311 | D145: 0 | E145: ="character_name_"&A145 | G145: Normal | H145: Normal | I145: 2 | J145: 0.95,0.95,0.95 | K145: TRUE | L145: 0,0,0 | M145: 3 | N145: Forest | O145: Supporter | P145: =100+M145 | Q145: {=_xlfn.IFS($O145="Attacker",6,$O145="Healer",3,$O145="Magician",4,$O145="Defender",3,$O145="Supporter",4)} | R145: {=_xlfn.IFS($O145="Attacker",6,$O145="Healer",3,$O145="Magician",4,$O145="Defender",3,$O145="Supporter",4)} | S145: 1 | T145: 0 | U145: 0 | V145: Spd | W145: {=_xlfn.IFS(O145="Attacker",80,O145="Healer",90,O145="Magician",100,O145="Defender",110,O145="Supporter",120)} | X145: Hp | Y145: =ROUND($Y$16*0.9, 0) | Z145: Atk | AA145: 221 | AB145: Def | AC145: 156 | AD145: Penetration | AE145: =AC145 | AF145: Hit | AG145: 100 | AH145: Dodge | AI145: 100 | AJ145: CriRatio | AK145: 5000 | AL145: CriDmgRatio | AM145: 150000 | AN145: 1534281 | AO145: TRUE | AP145: 2534281 | AQ145: TRUE | AR145: 3534281 | AS145: TRUE | AT145: 4534281 | AU145: TRUE
A146: 14000102 | B146: 반시 | C146: 140011 | D146: 0 | E146: ="character_name_"&A146 | G146: Normal | H146: Normal | I146: 2 | J146: 0.95,0.95,0.95 | K146: TRUE | L146: 0,0,0 | M146: 3 | N146: Forest | O146: Supporter | P146: =100+M146 | Q146: {=_xlfn.IFS($O146="Attacker",6,$O146="Healer",3,$O146="Magician",4,$O146="Defender",3,$O146="Supporter",4)} | R146: {=_xlfn.IFS($O146="Attacker",6,$O146="Healer",3,$O146="Magician",4,$O146="Defender",3,$O146="Supporter",4)} | S146: 1 | T146: 0 | U146: 0 | V146: Spd | W146: {=_xlfn.IFS(O146="Attacker",80,O146="Healer",90,O146="Magician",100,O146="Defender",110,O146="Supporter",120)} | X146: Hp | Y146: =ROUND($Y$16*0.9, 0) | Z146: Atk | AA146: 221 | AB146: Def | AC146: 156 | AD146: Penetration | AE146: =AC146 | AF146: Hit | AG146: 100 | AH146: Dodge | AI146: 100 | AJ146: CriRatio | AK146: 5000 | AL146: CriDmgRatio | AM146: 150000 | AN146: 1534281 | AO146: TRUE | AP146: 2534281 | AQ146: TRUE | AR146: 3534281 | AS146: TRUE | AT146: 4534281 | AU146: TRUE
A147: 14470102 | B147: 미리암 | C147: 144711 | D147: 0 | E147: ="character_name_"&A147 | G147: Normal | H147: Normal | I147: 2 | J147: 0.95,0.95,0.95 | K147: TRUE | L147: 0,0,0 | M147: 3 | N147: Forest | O147: Supporter | P147: =100+M147 | Q147: {=_xlfn.IFS($O147="Attacker",6,$O147="Healer",3,$O147="Magician",4,$O147="Defender",3,$O147="Supporter",4)} | R147: {=_xlfn.IFS($O147="Attacker",6,$O147="Healer",3,$O147="Magician",4,$O147="Defender",3,$O147="Supporter",4)} | S147: 1 | T147: 0 | U147: 0 | V147: Spd | W147: {=_xlfn.IFS(O147="Attacker",80,O147="Healer",90,O147="Magician",100,O147="Defender",110,O147="Supporter",120)} | X147: Hp | Y147: =ROUND($Y$16*0.9, 0) | Z147: Atk | AA147: 221 | AB147: Def | AC147: 156 | AD147: Penetration | AE147: =AC147 | AF147: Hit | AG147: 100 | AH147: Dodge | AI147: 100 | AJ147: CriRatio | AK147: 5000 | AL147: CriDmgRatio | AM147: 150000 | AN147: 1534281 | AO147: TRUE | AP147: 2534281 | AQ147: TRUE | AR147: 3534281 | AS147: TRUE | AT147: 4534281 | AU147: TRUE
A148: 14620102 | B148: 데레사 | C148: 146211 | D148: 0 | E148: ="character_name_"&A148 | G148: Normal | H148: Normal | I148: 2 | J148: 0.95,0.95,0.95 | K148: TRUE | L148: 0,0,0 | M148: 3 | N148: Forest | O148: Supporter | P148: =100+M148 | Q148: {=_xlfn.IFS($O148="Attacker",6,$O148="Healer",3,$O148="Magician",4,$O148="Defender",3,$O148="Supporter",4)} | R148: {=_xlfn.IFS($O148="Attacker",6,$O148="Healer",3,$O148="Magician",4,$O148="Defender",3,$O148="Supporter",4)} | S148: 1 | T148: 0 | U148: 0 | V148: Spd | W148: {=_xlfn.IFS(O148="Attacker",80,O148="Healer",90,O148="Magician",100,O148="Defender",110,O148="Supporter",120)} | X148: Hp | Y148: =ROUND($Y$16*0.9, 0) | Z148: Atk | AA148: 221 | AB148: Def | AC148: 156 | AD148: Penetration | AE148: =AC148 | AF148: Hit | AG148: 100 | AH148: Dodge | AI148: 100 | AJ148: CriRatio | AK148: 5000 | AL148: CriDmgRatio | AM148: 150000 | AN148: 1534281 | AO148: TRUE | AP148: 2534281 | AQ148: TRUE | AR148: 3534281 | AS148: TRUE | AT148: 4534281 | AU148: TRUE
A149: 12810102 | B149: 티스베 | C149: 128101 | D149: 0 | E149: ="character_name_"&A149 | G149: Normal | H149: Normal | I149: 2 | J149: 0.95,0.95,0.95 | K149: TRUE | L149: 0,0,0 | M149: 3 | N149: Water | O149: Supporter | P149: =100+M149 | Q149: {=_xlfn.IFS($O149="Attacker",6,$O149="Healer",3,$O149="Magician",4,$O149="Defender",3,$O149="Supporter",4)} | R149: {=_xlfn.IFS($O149="Attacker",6,$O149="Healer",3,$O149="Magician",4,$O149="Defender",3,$O149="Supporter",4)} | S149: 1 | T149: 0 | U149: 0 | V149: Spd | W149: {=_xlfn.IFS(O149="Attacker",80,O149="Healer",90,O149="Magician",100,O149="Defender",110,O149="Supporter",120)} | X149: Hp | Y149: =ROUND($Y$16*0.9, 0) | Z149: Atk | AA149: 221 | AB149: Def | AC149: 156 | AD149: Penetration | AE149: =AC149 | AF149: Hit | AG149: 100 | AH149: Dodge | AI149: 100 | AJ149: CriRatio | AK149: 5000 | AL149: CriDmgRatio | AM149: 150000 | AN149: 1534281 | AO149: TRUE | AP149: 2534281 | AQ149: TRUE | AR149: 3534281 | AS149: TRUE | AT149: 4534281 | AU149: TRUE
A150: 15140102 | B150: 두엣샤 | C150: 151401 | D150: 0 | E150: ="character_name_"&A150 | G150: Normal | H150: Normal | I150: 2 | J150: 0.95,0.95,0.95 | K150: TRUE | L150: 0,0,0 | M150: 2 | N150: Dark | O150: Attacker | P150: =100+M150 | Q150: {=_xlfn.IFS($O150="Attacker",6,$O150="Healer",3,$O150="Magician",4,$O150="Defender",3,$O150="Supporter",4)} | R150: {=_xlfn.IFS($O150="Attacker",6,$O150="Healer",3,$O150="Magician",4,$O150="Defender",3,$O150="Supporter",4)} | S150: 1 | T150: 0 | U150: 0 | V150: Spd | W150: {=_xlfn.IFS(O150="Attacker",80,O150="Healer",90,O150="Magician",100,O150="Defender",110,O150="Supporter",120)} | X150: Hp | Y150: =ROUND($Y$16*0.9, 0) | Z150: Atk | AA150: 221 | AB150: Def | AC150: 156 | AD150: Penetration | AE150: =AC150 | AF150: Hit | AG150: 100 | AH150: Dodge | AI150: 100 | AJ150: CriRatio | AK150: 5000 | AL150: CriDmgRatio | AM150: 150000 | AN150: 1534281 | AO150: TRUE | AP150: 2534281 | AQ150: TRUE | AR150: 3534281 | AS150: TRUE | AT150: 4534281 | AU150: TRUE
A151: 29010199 | B151: 크리스탈 | C151: 290101 | D151: 0 | E151: character_name_29010199 | G151: Boss | H151: Normal | I151: 99 | J151: 1.5,1.5,1.5 | K151: FALSE | L151: 0,0,0 | M151: 2 | N151: Fire | O151: Defender | P151: 201 | Q151: {=_xlfn.IFS($O151="Attacker",6,$O151="Healer",3,$O151="Magician",4,$O151="Defender",3,$O151="Supporter",4)} | R151: {=_xlfn.IFS($O151="Attacker",6,$O151="Healer",3,$O151="Magician",4,$O151="Defender",3,$O151="Supporter",4)} | S151: 1 | T151: 0 | U151: 0 | V151: Spd | W151: {=_xlfn.IFS(O151="Attacker",80,O151="Healer",90,O151="Magician",100,O151="Defender",110,O151="Supporter",120)} | X151: Hp | Y151: 1 | Z151: Atk | AA151: 2500 | AB151: Def | AC151: 25000 | AD151: Penetration | AE151: 0 | AF151: Hit | AG151: 100 | AH151: Dodge | AI151: 80 | AJ151: CriRatio | AK151: 5000 | AL151: CriDmgRatio | AM151: 150000 | AN151: 0 | AO151: FALSE | AP151: 2966011 | AQ151: TRUE | AR151: 0 | AS151: FALSE | AT151: 4966011 | AU151: TRUE
A152: 20400101 | B152: 체인킬러 | C152: 204001 | D152: 0 | E152: character_name_20400101 | G152: Boss | H152: Normal | I152: 1 | J152: 1,1,1 | K152: FALSE | L152: 0,0,0 | M152: 2 | N152: Fire | O152: Defender | P152: 200 | Q152: {=_xlfn.IFS($O152="Attacker",6,$O152="Healer",3,$O152="Magician",4,$O152="Defender",3,$O152="Supporter",4)} | R152: {=_xlfn.IFS($O152="Attacker",6,$O152="Healer",3,$O152="Magician",4,$O152="Defender",3,$O152="Supporter",4)} | S152: 1 | T152: 0 | U152: 0 | V152: Spd | W152: {=_xlfn.IFS(O152="Attacker",80,O152="Healer",90,O152="Magician",100,O152="Defender",110,O152="Supporter",120)} | X152: Hp | Y152: 7500 | Z152: Atk | AA152: 700 | AB152: Def | AC152: 0 | AD152: Penetration | AE152: 0 | AF152: Hit | AG152: 100 | AH152: Dodge | AI152: 100 | AJ152: CriRatio | AK152: 5000 | AL152: CriDmgRatio | AM152: 150000 | AN152: 1942021 | AO152: TRUE | AP152: 0 | AQ152: FALSE | AR152: 3942021 | AS152: TRUE | AT152: 0 | AU152: FALSE
A153: 20540101 | B153: 고모라 | C153: 205401 | D153: 0 | E153: character_name_20540101 | G153: Boss | H153: Normal | I153: 1 | J153: 1,1,1 | K153: FALSE | L153: 0,0,0 | M153: 2 | N153: Fire | O153: Defender | P153: 200 | Q153: {=_xlfn.IFS($O153="Attacker",6,$O153="Healer",3,$O153="Magician",4,$O153="Defender",3,$O153="Supporter",4)} | R153: {=_xlfn.IFS($O153="Attacker",6,$O153="Healer",3,$O153="Magician",4,$O153="Defender",3,$O153="Supporter",4)} | S153: 1 | T153: 0 | U153: 0 | V153: Spd | W153: {=_xlfn.IFS(O153="Attacker",80,O153="Healer",90,O153="Magician",100,O153="Defender",110,O153="Supporter",120)} | X153: Hp | Y153: 7500 | Z153: Atk | AA153: 700 | AB153: Def | AC153: 0 | AD153: Penetration | AE153: 0 | AF153: Hit | AG153: 100 | AH153: Dodge | AI153: 100 | AJ153: CriRatio | AK153: 5000 | AL153: CriDmgRatio | AM153: 150000 | AN153: 1942051 | AO153: TRUE | AP153: 2942051 | AQ153: TRUE | AR153: 3942051 | AS153: TRUE | AT153: 0 | AU153: FALSE
A154: 20380101 | B154: 디아블로 | C154: 203801 | D154: 0 | E154: character_name_20380101 | G154: Boss | H154: Normal | I154: 1 | J154: 1,1,1 | K154: FALSE | L154: 0,0,0 | M154: 2 | N154: Light | O154: Defender | P154: 200 | Q154: {=_xlfn.IFS($O154="Attacker",6,$O154="Healer",3,$O154="Magician",4,$O154="Defender",3,$O154="Supporter",4)} | R154: {=_xlfn.IFS($O154="Attacker",6,$O154="Healer",3,$O154="Magician",4,$O154="Defender",3,$O154="Supporter",4)} | S154: 1 | T154: 0 | U154: 0 | V154: Spd | W154: {=_xlfn.IFS(O154="Attacker",80,O154="Healer",90,O154="Magician",100,O154="Defender",110,O154="Supporter",120)} | X154: Hp | Y154: 7500 | Z154: Atk | AA154: 700 | AB154: Def | AC154: 0 | AD154: Penetration | AE154: 0 | AF154: Hit | AG154: 100 | AH154: Dodge | AI154: 100 | AJ154: CriRatio | AK154: 5000 | AL154: CriDmgRatio | AM154: 150000 | AN154: 1942011 | AO154: TRUE | AP154: 0 | AQ154: FALSE | AR154: 3942011 | AS154: TRUE | AT154: 0 | AU154: FALSE
A155: 20510101 | B155: 하데스 | C155: 205101 | D155: 0 | E155: character_name_20510101 | G155: Boss | H155: Normal | I155: 1 | J155: 1,1,1 | K155: FALSE | L155: 0,0,0 | M155: 2 | N155: Fire | O155: Defender | P155: 200 | Q155: {=_xlfn.IFS($O155="Attacker",6,$O155="Healer",3,$O155="Magician",4,$O155="Defender",3,$O155="Supporter",4)} | R155: {=_xlfn.IFS($O155="Attacker",6,$O155="Healer",3,$O155="Magician",4,$O155="Defender",3,$O155="Supporter",4)} | S155: 1 | T155: 0 | U155: 0 | V155: Spd | W155: {=_xlfn.IFS(O155="Attacker",80,O155="Healer",90,O155="Magician",100,O155="Defender",110,O155="Supporter",120)} | X155: Hp | Y155: 7500 | Z155: Atk | AA155: 700 | AB155: Def | AC155: 0 | AD155: Penetration | AE155: 0 | AF155: Hit | AG155: 100 | AH155: Dodge | AI155: 100 | AJ155: CriRatio | AK155: 5000 | AL155: CriDmgRatio | AM155: 150000 | AN155: 1942031 | AO155: TRUE | AP155: 0 | AQ155: FALSE | AR155: 3942031 | AS155: TRUE | AT155: 0 | AU155: FALSE
A156: 12240101 | B156: 로키 | C156: 122401 | D156: 0 | E156: character_name_12240101 | G156: Boss | H156: Normal | I156: 1 | J156: 1,1,1 | K156: FALSE | L156: 0,0,0 | M156: 2 | N156: Dark | O156: Magician | P156: 200 | Q156: {=_xlfn.IFS($O156="Attacker",6,$O156="Healer",3,$O156="Magician",4,$O156="Defender",3,$O156="Supporter",4)} | R156: {=_xlfn.IFS($O156="Attacker",6,$O156="Healer",3,$O156="Magician",4,$O156="Defender",3,$O156="Supporter",4)} | S156: 1 | T156: 0 | U156: 0 | V156: Spd | W156: {=_xlfn.IFS(O156="Attacker",80,O156="Healer",90,O156="Magician",100,O156="Defender",110,O156="Supporter",120)} | X156: Hp | Y156: 7500 | Z156: Atk | AA156: 700 | AB156: Def | AC156: 0 | AD156: Penetration | AE156: 0 | AF156: Hit | AG156: 100 | AH156: Dodge | AI156: 100 | AJ156: CriRatio | AK156: 5000 | AL156: CriDmgRatio | AM156: 150000 | AN156: 1942041 | AO156: TRUE | AP156: 0 | AQ156: FALSE | AR156: 3942041 | AS156: TRUE | AT156: 0 | AU156: FALSE
A157: 20400102 | B157: 체인킬러 | C157: 204001 | D157: 0 | E157: character_name_20400102 | G157: Boss | H157: Normal | I157: 2 | J157: 1,1,1 | K157: FALSE | L157: 0,0,0 | M157: 2 | N157: Fire | O157: Defender | P157: 200 | Q157: {=_xlfn.IFS($O157="Attacker",6,$O157="Healer",3,$O157="Magician",4,$O157="Defender",3,$O157="Supporter",4)} | R157: {=_xlfn.IFS($O157="Attacker",6,$O157="Healer",3,$O157="Magician",4,$O157="Defender",3,$O157="Supporter",4)} | S157: 1 | T157: 0 | U157: 0 | V157: Spd | W157: {=_xlfn.IFS(O157="Attacker",80,O157="Healer",90,O157="Magician",100,O157="Defender",110,O157="Supporter",120)} | X157: Hp | Y157: 7500 | Z157: Atk | AA157: 700 | AB157: Def | AC157: 20 | AD157: Penetration | AE157: 0 | AF157: Hit | AG157: 100 | AH157: Dodge | AI157: 100 | AJ157: CriRatio | AK157: 5000 | AL157: CriDmgRatio | AM157: 150000 | AN157: 1942021 | AO157: TRUE | AP157: 0 | AQ157: FALSE | AR157: 3942021 | AS157: TRUE | AT157: 0 | AU157: FALSE
A158: 20540102 | B158: 고모라 | C158: 205401 | D158: 0 | E158: character_name_20540102 | G158: Boss | H158: Normal | I158: 2 | J158: 1,1,1 | K158: FALSE | L158: 0,0,0 | M158: 2 | N158: Light | O158: Defender | P158: 200 | Q158: {=_xlfn.IFS($O158="Attacker",6,$O158="Healer",3,$O158="Magician",4,$O158="Defender",3,$O158="Supporter",4)} | R158: {=_xlfn.IFS($O158="Attacker",6,$O158="Healer",3,$O158="Magician",4,$O158="Defender",3,$O158="Supporter",4)} | S158: 1 | T158: 0 | U158: 0 | V158: Spd | W158: {=_xlfn.IFS(O158="Attacker",80,O158="Healer",90,O158="Magician",100,O158="Defender",110,O158="Supporter",120)} | X158: Hp | Y158: 7500 | Z158: Atk | AA158: 700 | AB158: Def | AC158: 20 | AD158: Penetration | AE158: 0 | AF158: Hit | AG158: 100 | AH158: Dodge | AI158: 100 | AJ158: CriRatio | AK158: 5000 | AL158: CriDmgRatio | AM158: 150000 | AN158: 1942051 | AO158: TRUE | AP158: 2942051 | AQ158: TRUE | AR158: 3942051 | AS158: TRUE | AT158: 0 | AU158: FALSE
A159: 20380102 | B159: 디아블로 | C159: 203801 | D159: 0 | E159: character_name_20380102 | G159: Boss | H159: Normal | I159: 2 | J159: 1,1,1 | K159: FALSE | L159: 0,0,0 | M159: 2 | N159: Light | O159: Defender | P159: 200 | Q159: {=_xlfn.IFS($O159="Attacker",6,$O159="Healer",3,$O159="Magician",4,$O159="Defender",3,$O159="Supporter",4)} | R159: {=_xlfn.IFS($O159="Attacker",6,$O159="Healer",3,$O159="Magician",4,$O159="Defender",3,$O159="Supporter",4)} | S159: 1 | T159: 0 | U159: 0 | V159: Spd | W159: {=_xlfn.IFS(O159="Attacker",80,O159="Healer",90,O159="Magician",100,O159="Defender",110,O159="Supporter",120)} | X159: Hp | Y159: 7500 | Z159: Atk | AA159: 700 | AB159: Def | AC159: 20 | AD159: Penetration | AE159: 0 | AF159: Hit | AG159: 100 | AH159: Dodge | AI159: 100 | AJ159: CriRatio | AK159: 5000 | AL159: CriDmgRatio | AM159: 150000 | AN159: 1942011 | AO159: TRUE | AP159: 0 | AQ159: FALSE | AR159: 3942011 | AS159: TRUE | AT159: 0 | AU159: FALSE
A160: 20510102 | B160: 하데스 | C160: 205101 | D160: 0 | E160: character_name_20510102 | G160: Boss | H160: Normal | I160: 2 | J160: 1,1,1 | K160: FALSE | L160: 0,0,0 | M160: 2 | N160: Fire | O160: Defender | P160: 200 | Q160: {=_xlfn.IFS($O160="Attacker",6,$O160="Healer",3,$O160="Magician",4,$O160="Defender",3,$O160="Supporter",4)} | R160: {=_xlfn.IFS($O160="Attacker",6,$O160="Healer",3,$O160="Magician",4,$O160="Defender",3,$O160="Supporter",4)} | S160: 1 | T160: 0 | U160: 0 | V160: Spd | W160: {=_xlfn.IFS(O160="Attacker",80,O160="Healer",90,O160="Magician",100,O160="Defender",110,O160="Supporter",120)} | X160: Hp | Y160: 7500 | Z160: Atk | AA160: 700 | AB160: Def | AC160: 20 | AD160: Penetration | AE160: 0 | AF160: Hit | AG160: 100 | AH160: Dodge | AI160: 100 | AJ160: CriRatio | AK160: 5000 | AL160: CriDmgRatio | AM160: 150000 | AN160: 1942031 | AO160: TRUE | AP160: 0 | AQ160: FALSE | AR160: 3942031 | AS160: TRUE | AT160: 0 | AU160: FALSE
A161: 12240102 | B161: 로키 | C161: 122401 | D161: 0 | E161: character_name_12240102 | G161: Boss | H161: Normal | I161: 2 | J161: 1,1,1 | K161: FALSE | L161: 0,0,0 | M161: 2 | N161: Dark | O161: Magician | P161: 200 | Q161: {=_xlfn.IFS($O161="Attacker",6,$O161="Healer",3,$O161="Magician",4,$O161="Defender",3,$O161="Supporter",4)} | R161: {=_xlfn.IFS($O161="Attacker",6,$O161="Healer",3,$O161="Magician",4,$O161="Defender",3,$O161="Supporter",4)} | S161: 1 | T161: 0 | U161: 0 | V161: Spd | W161: {=_xlfn.IFS(O161="Attacker",80,O161="Healer",90,O161="Magician",100,O161="Defender",110,O161="Supporter",120)} | X161: Hp | Y161: 7500 | Z161: Atk | AA161: 700 | AB161: Def | AC161: 20 | AD161: Penetration | AE161: 0 | AF161: Hit | AG161: 100 | AH161: Dodge | AI161: 100 | AJ161: CriRatio | AK161: 5000 | AL161: CriDmgRatio | AM161: 150000 | AN161: 1942041 | AO161: TRUE | AP161: 0 | AQ161: FALSE | AR161: 3942041 | AS161: TRUE | AT161: 0 | AU161: FALSE
A162: 20380103 | B162: 디아블로 | C162: 203801 | D162: 0 | E162: character_name_20380103 | G162: Boss | H162: Normal | I162: 3 | J162: 1,1,1 | K162: FALSE | L162: 0,0,0 | M162: 2 | N162: Light | O162: Defender | P162: 200 | Q162: {=_xlfn.IFS($O162="Attacker",6,$O162="Healer",3,$O162="Magician",4,$O162="Defender",3,$O162="Supporter",4)} | R162: {=_xlfn.IFS($O162="Attacker",6,$O162="Healer",3,$O162="Magician",4,$O162="Defender",3,$O162="Supporter",4)} | S162: 1 | T162: 0 | U162: 0 | V162: Spd | W162: {=_xlfn.IFS(O162="Attacker",80,O162="Healer",90,O162="Magician",100,O162="Defender",110,O162="Supporter",120)} | X162: Hp | Y162: 20000 | Z162: Atk | AA162: 1125 | AB162: Def | AC162: 0 | AD162: Penetration | AE162: 0 | AF162: Hit | AG162: 100 | AH162: Dodge | AI162: 80 | AJ162: CriRatio | AK162: 5000 | AL162: CriDmgRatio | AM162: 150000 | AN162: 1942011 | AO162: TRUE | AP162: 0 | AQ162: FALSE | AR162: 3942011 | AS162: TRUE | AT162: 0 | AU162: FALSE
... A176: 12240105 | B176: 로키 | C176: 122401 | D176: 0 | E176: character_name_12240105 | G176: Boss | H176: Normal | I176: 5 | J176: 1,1,1 | K176: FALSE | L176: 0,0,0 | M176: 2 | N176: Dark | O176: Magician | P176: 200 | Q176: {=_xlfn.IFS($O176="Attacker",6,$O176="Healer",3,$O176="Magician",4,$O176="Defender",3,$O176="Supporter",4)} | R176: {=_xlfn.IFS($O176="Attacker",6,$O176="Healer",3,$O176="Magician",4,$O176="Defender",3,$O176="Supporter",4)} | S176: 1 | T176: 0 | U176: 0 | V176: Spd | W176: {=_xlfn.IFS(O176="Attacker",80,O176="Healer",90,O176="Magician",100,O176="Defender",110,O176="Supporter",120)} | X176: Hp | Y176: 80000 | Z176: Atk | AA176: 2530 | AB176: Def | AC176: 0 | AD176: Penetration | AE176: 0 | AF176: Hit | AG176: 100 | AH176: Dodge | AI176: 80 | AJ176: CriRatio | AK176: 5000 | AL176: CriDmgRatio | AM176: 150000 | AN176: 1942041 | AO176: TRUE | AP176: 0 | AQ176: FALSE | AR176: 3942041 | AS176: TRUE | AT176: 0 | AU176: FALSE

Sheet Skin
A1: Id | B1: #Vid | C1: #SkinNumber | D1: #Skeleton | E1: ChildId | F1: #ChildName | G1: #SkinType | H1: #SkinName | I1: #SkinDesc | J1: SkinPrefix | K1: SkinName | L1: SkinDesc | M1: SkinCV | N1: Icon | O1: IconAtlas | P1: Portrait | Q1: PortraitAtlas | R1: Promotion | S1: PromotionAtlas | T1: Skeleton | U1: Skin | V1: IllustName | W1: SkillType | X1: Timeline | Y1: SkillType | Z1: Timeline | AA1: SkillType | AB1: Timeline | AC1: SkillType | AD1: Timeline
G2: Enum.SkinType
A4: =INT(TEXT(IF(LEFT(B4,1)="c",1,2)&MID(B4,2,3),"000")&TEXT(C4,"00")) | B4: c000 | C4: 1 | D4: a | E4: 0 | F4: Devil | G4: Base | H4: 주인공 | J4: =$B4&"_"&TEXT($C4,"00")&"_F" | K4: =$B4&"_"&TEXT($C4,"00")&"_L" | L4: =LEFT(J4, 7)&"_Desc" | M4: =$B4&"_"&TEXT($C4,"00")&"_CV" | N4: =LEFT(J4, 7)&"_ci_F" | O4: CharacterIcon | T4: =B4&"_"&D4&"_SkeletonData.asset" | U4: =B4&"_"&TEXT(C4,"00")&"_"&D4 | V4: ="Naninovel/Characters/"&B4&"_"&TEXT(C4,"00")&"" | W4: Normal | X4: 0 | Y4: Active | Z4: 0 | AA4: Ultimate | AB4: 0 | AC4: Passive | AD4: 0
A5: =INT(TEXT(IF(LEFT(B5,1)="c",1,2)&MID(B5,2,3),"000")&TEXT(C5,"00")) | B5: c354 | C5: 1 | D5: a | E5: =_xlfn.XLOOKUP(A5,'Detail<Child>'!C:C,'Detail<Child>'!A:A) | F5: Demeter | G5: Base | H5: 허세의 드미테르 | J5: c010_01_F | K5: c010_01_L | L5: c354_01_Desc | M5: =$B5&"_"&TEXT($C5,"00")&"_CV" | N5: c354_01_ci_F | O5: CharacterIcon | P5: c010_01_p | Q5: CharacterPortrait | R5: ="Promotion_"&P5 | S5: CharacterPromotion | T5: =B5&"_"&D5&"_SkeletonData.asset" | U5: =B5&"_"&TEXT(C5,"00")&"_"&D5 | V5: ="Naninovel/Characters/"&B5&"_"&TEXT(C5,"00")&"" | W5: Normal | X5: 1513011 | Y5: Active | Z5: 2513011 | AA5: Ultimate | AB5: 3513011 | AC5: Passive | AD5: 4513011
A6: =INT(TEXT(IF(LEFT(B6,1)="c",1,2)&MID(B6,2,3),"000")&TEXT(C6,"00")) | B6: c296 | C6: 1 | D6: a | E6: =_xlfn.XLOOKUP(A6,'Detail<Child>'!C:C,'Detail<Child>'!A:A) | F6: Hildr | G6: Base | H6: 건슬링거 힐드 | J6: =$B6&"_"&TEXT($C6,"00")&"_F" | K6: =$B6&"_"&TEXT($C6,"00")&"_L" | L6: =LEFT(J6, 7)&"_Desc" | M6: =$B6&"_"&TEXT($C6,"00")&"_CV" | N6: =LEFT(J6, 7)&"_ci_F" | O6: CharacterIcon | P6: =B6&"_"&TEXT(C6,"00")&"_p" | Q6: CharacterPortrait | R6: ="Promotion_"&P6 | S6: CharacterPromotion | T6: =B6&"_"&D6&"_SkeletonData.asset" | U6: =B6&"_"&TEXT(C6,"00")&"_"&D6 | V6: ="Naninovel/Characters/"&B6&"_"&TEXT(C6,"00")&"" | W6: Normal | X6: 1541021 | Y6: Active | Z6: 2541021 | AA6: Ultimate | AB6: 3541021 | AC6: Passive | AD6: 4541021
A7: =INT(TEXT(IF(LEFT(B7,1)="c",1,2)&MID(B7,2,3),"000")&TEXT(C7,"00")) | B7: c003 | C7: 1 | D7: a | E7: =_xlfn.XLOOKUP(A7,'Detail<Child>'!C:C,'Detail<Child>'!A:A) | F7: Davi | G7: Base | H7: 다비 | J7: =$B7&"_"&TEXT($C7,"00")&"_F" | K7: =$B7&"_"&TEXT($C7,"00")&"_L" | L7: =LEFT(J7, 7)&"_Desc" | M7: =$B7&"_"&TEXT($C7,"00")&"_CV" | N7: =LEFT(J7, 7)&"_ci_F" | O7: CharacterIcon | P7: =B7&"_"&TEXT(C7,"00")&"_p" | Q7: CharacterPortrait | R7: ="Promotion_"&P7 | S7: CharacterPromotion | T7: =B7&"_"&D7&"_SkeletonData.asset" | U7: =B7&"_"&TEXT(C7,"00")&"_"&D7 | V7: ="Naninovel/Characters/"&B7&"_"&TEXT(C7,"00")&"" | W7: Normal | X7: 1511031 | Y7: Active | Z7: 2511031 | AA7: Ultimate | AB7: 3511031 | AC7: Passive | AD7: 4511031
A8: =INT(TEXT(IF(LEFT(B8,1)="c",1,2)&MID(B8,2,3),"000")&TEXT(C8,"00")) | B8: c464 | C8: 1 | D8: a | E8: =_xlfn.XLOOKUP(A8,'Detail<Child>'!C:C,'Detail<Child>'!A:A) | F8: Arhat | G8: Base | H8: 장엄 아라한 | J8: =$B8&"_"&TEXT($C8,"00")&"_F" | K8: =$B8&"_"&TEXT($C8,"00")&"_L" | L8: =LEFT(J8, 7)&"_Desc" | M8: =$B8&"_"&TEXT($C8,"00")&"_CV" | N8: =LEFT(J8, 7)&"_ci_F" | O8: CharacterIcon | P8: c464_02_p | Q8: CharacterPortrait | R8: ="Promotion_"&P8 | S8: CharacterPromotion | T8: =B8&"_"&D8&"_SkeletonData.asset" | U8: =B8&"_"&TEXT(C8,"00")&"_"&D8 | V8: ="Naninovel/Characters/"&B8&"_"&TEXT(C8,"00")&"" | W8: Normal | X8: 1524041 | Y8: Active | Z8: 2524041 | AA8: Ultimate | AB8: 3524041 | AC8: Passive | AD8: 4524041
A9: =INT(TEXT(IF(LEFT(B9,1)="c",1,2)&MID(B9,2,3),"000")&TEXT(C9,"00")) | B9: c353 | C9: 1 | D9: a | E9: =_xlfn.XLOOKUP(A9,'Detail<Child>'!C:C,'Detail<Child>'!A:A) | F9: Charlotte | G9: Base | H9: 철창의 샤를 | J9: =$B9&"_"&TEXT($C9,"00")&"_F" | K9: =$B9&"_"&TEXT($C9,"00")&"_L" | L9: =LEFT(J9, 7)&"_Desc" | M9: =$B9&"_"&TEXT($C9,"00")&"_CV" | N9: =LEFT(J9, 7)&"_ci_F" | O9: CharacterIcon | P9: =B9&"_"&TEXT(C9,"00")&"_p" | Q9: CharacterPortrait | R9: ="Promotion_"&P9 | S9: CharacterPromotion | T9: =B9&"_"&D9&"_SkeletonData.asset" | U9: =B9&"_"&TEXT(C9,"00")&"_"&D9 | V9: ="Naninovel/Characters/"&B9&"_"&TEXT(C9,"00")&"" | W9: Normal | X9: 1542051 | Y9: Active | Z9: 2542051 | AA9: Ultimate | AB9: 3542051 | AC9: Passive | AD9: 4542051
A10: =INT(TEXT(IF(LEFT(B10,1)="c",1,2)&MID(B10,2,3),"000")&TEXT(C10,"00")) | B10: c229 | C10: 1 | D10: a | E10: =_xlfn.XLOOKUP(A10,'Detail<Child>'!C:C,'Detail<Child>'!A:A) | F10: Brownie | G10: Base | H10: 소식통 브라우니 | J10: =$B10&"_"&TEXT($C10,"00")&"_F" | K10: =$B10&"_"&TEXT($C10,"00")&"_L" | L10: =LEFT(J10, 7)&"_Desc" | M10: =$B10&"_"&TEXT($C10,"00")&"_CV" | N10: =LEFT(J10, 7)&"_ci_F" | O10: CharacterIcon | P10: =B10&"_"&TEXT(C10,"00")&"_p" | Q10: CharacterPortrait | R10: ="Promotion_"&P10 | S10: CharacterPromotion | T10: =B10&"_"&D10&"_SkeletonData.asset" | U10: =B10&"_"&TEXT(C10,"00")&"_"&D10 | V10: ="Naninovel/Characters/"&B10&"_"&TEXT(C10,"00")&"" | W10: Normal | X10: 1534061 | Y10: Active | Z10: 2534061 | AA10: Ultimate | AB10: 3534061 | AC10: Passive | AD10: 4534061
A11: =INT(TEXT(IF(LEFT(B11,1)="c",1,2)&MID(B11,2,3),"000")&TEXT(C11,"00")) | B11: c180 | C11: 1 | D11: a | E11: =_xlfn.XLOOKUP(A11,'Detail<Child>'!C:C,'Detail<Child>'!A:A) | F11: Mommon | G11: Base | H11: 야망의 맘몬 | J11: =$B11&"_"&TEXT($C11,"00")&"_F" | K11: =$B11&"_"&TEXT($C11,"00")&"_L" | L11: =LEFT(J11, 7)&"_Desc" | M11: =$B11&"_"&TEXT($C11,"00")&"_CV" | N11: =LEFT(J11, 7)&"_ci_F" | O11: CharacterIcon | P11: =B11&"_"&TEXT(C11,"00")&"_p" | Q11: CharacterPortrait | R11: ="Promotion_"&P11 | S11: CharacterPromotion | T11: =B11&"_"&D11&"_SkeletonData.asset" | U11: =B11&"_"&TEXT(C11,"00")&"_"&D11 | V11: ="Naninovel/Characters/"&B11&"_"&TEXT(C11,"00")&"" | W11: Normal | X11: 1532071 | Y11: Active | Z11: 2532071 | AA11: Ultimate | AB11: 3532071 | AC11: Passive | AD11: 4532071
A12: =INT(TEXT(IF(LEFT(B12,1)="c",1,2)&MID(B12,2,3),"000")&TEXT(C12,"00")) | B12: c183 | C12: 1 | D12: a | E12: =_xlfn.XLOOKUP(A12,'Detail<Child>'!C:C,'Detail<Child>'!A:A) | F12: Dana | G12: Base | H12: 설교하는 다나 | J12: =$B12&"_"&TEXT($C12,"00")&"_F" | K12: =$B12&"_"&TEXT($C12,"00")&"_L" | L12: =LEFT(J12, 7)&"_Desc" | M12: =$B12&"_"&TEXT($C12,"00")&"_CV" | N12: =LEFT(J12, 7)&"_ci_F" | O12: CharacterIcon | P12: =B12&"_"&TEXT(C12,"00")&"_p" | Q12: CharacterPortrait | R12: ="Promotion_"&P12 | S12: CharacterPromotion | T12: =B12&"_"&D12&"_SkeletonData.asset" | U12: =B12&"_"&TEXT(C12,"00")&"_"&D12 | V12: ="Naninovel/Characters/"&B12&"_"&TEXT(C12,"00")&"" | W12: Normal | X12: 1555081 | Y12: Active | Z12: 2555081 | AA12: Ultimate | AB12: 3555081 | AC12: Passive | AD12: 4555081
A13: =INT(TEXT(IF(LEFT(B13,1)="c",1,2)&MID(B13,2,3),"000")&TEXT(C13,"00")) | B13: c051 | C13: 2 | D13: a | E13: =_xlfn.XLOOKUP(A13,'Detail<Child>'!C:C,'Detail<Child>'!A:A) | F13: Frej | G13: Base | H13: 프레이 | J13: =$B13&"_"&TEXT($C13,"00")&"_F" | K13: =$B13&"_"&TEXT($C13,"00")&"_L" | L13: =LEFT(J13, 7)&"_Desc" | M13: =$B13&"_"&TEXT($C13,"00")&"_CV" | N13: c051_02_ci_F | O13: CharacterIcon | P13: =B13&"_"&TEXT(C13,"00")&"_p" | Q13: CharacterPortrait | R13: ="Promotion_"&P13 | S13: CharacterPromotion | T13: =B13&"_"&D13&"_SkeletonData.asset" | U13: =B13&"_"&TEXT(C13,"00")&"_"&D13 | V13: ="Naninovel/Characters/"&B13&"_"&TEXT(C13,"00")&"" | W13: Normal | X13: 1551091 | Y13: Active | Z13: 2551091 | AA13: Ultimate | AB13: 3551091 | AC13: Passive | AD13: 4551091
A14: =INT(TEXT(IF(LEFT(B14,1)="c",1,2)&MID(B14,2,3),"000")&TEXT(C14,"00")) | B14: c364 | C14: 1 | D14: a | E14: =_xlfn.XLOOKUP(A14,'Detail<Child>'!C:C,'Detail<Child>'!A:A) | F14: Sytry | G14: Base | H14: 스위트 시트리 | J14: =$B14&"_"&TEXT($C14,"00")&"_F" | K14: =$B14&"_"&TEXT($C14,"00")&"_L" | L14: =LEFT(J14, 7)&"_Desc" | M14: =$B14&"_"&TEXT($C14,"00")&"_CV" | N14: =LEFT(J14, 7)&"_ci_F" | O14: CharacterIcon | P14: =B14&"_"&TEXT(C14,"00")&"_p" | Q14: CharacterPortrait | R14: ="Promotion_"&P14 | S14: CharacterPromotion | T14: =B14&"_"&D14&"_SkeletonData.asset" | U14: =B14&"_"&TEXT(C14,"00")&"_"&D14 | V14: ="Naninovel/Characters/"&B14&"_"&TEXT(C14,"00")&"" | W14: Normal | X14: 1554101 | Y14: Active | Z14: 2554101 | AA14: Ultimate | AB14: 3554101 | AC14: Passive | AD14: 4554101
A15: =INT(TEXT(IF(LEFT(B15,1)="c",1,2)&MID(B15,2,3),"000")&TEXT(C15,"00")) | B15: c002 | C15: 1 | D15: a | E15: =_xlfn.XLOOKUP(A15,'Detail<Child>'!C:C,'Detail<Child>'!A:A) | F15: Lisa | G15: Base | H15: 리자 | J15: =$B15&"_"&TEXT($C15,"00")&"_F" | K15: =$B15&"_"&TEXT($C15,"00")&"_L" | L15: =LEFT(J15, 7)&"_Desc" | M15: =$B15&"_"&TEXT($C15,"00")&"_CV" | N15: =LEFT(J15, 7)&"_ci_F" | O15: CharacterIcon | P15: =B15&"_"&TEXT(C15,"00")&"_p" | Q15: CharacterPortrait | R15: ="Promotion_"&P15 | S15: CharacterPromotion | T15: =B15&"_"&D15&"_SkeletonData.asset" | U15: =B15&"_"&TEXT(C15,"00")&"_"&D15 | V15: ="Naninovel/Characters/"&B15&"_"&TEXT(C15,"00")&"" | W15: Normal | X15: 1325111 | Y15: Active | Z15: 2325111 | AA15: Ultimate | AB15: 3325111 | AC15: Passive | AD15: 4325111
A16: =INT(TEXT(IF(LEFT(B16,1)="c",1,2)&MID(B16,2,3),"000")&TEXT(C16,"00")) | B16: c417 | C16: 1 | D16: a | E16: =_xlfn.XLOOKUP(A16,'Detail<Child>'!C:C,'Detail<Child>'!A:A) | F16: Tamamo | G16: Base | H16: 구미호 | J16: =$B16&"_"&TEXT($C16,"00")&"_F" | K16: =$B16&"_"&TEXT($C16,"00")&"_L" | L16: =LEFT(J16, 7)&"_Desc" | M16: =$B16&"_"&TEXT($C16,"00")&"_CV" | N16: =LEFT(J16, 7)&"_ci_F" | O16: CharacterIcon | P16: =B16&"_"&TEXT(C16,"00")&"_p" | Q16: CharacterPortrait | R16: ="Promotion_"&P16 | S16: CharacterPromotion | T16: =B16&"_"&D16&"_SkeletonData.asset" | U16: =B16&"_"&TEXT(C16,"00")&"_"&D16 | V16: ="Naninovel/Characters/"&B16&"_"&TEXT(C16,"00")&"" | W16: Normal | X16: 1313121 | Y16: Active | Z16: 2313121 | AA16: Ultimate | AB16: 3313121 | AC16: Passive | AD16: 4313121
A17: =INT(TEXT(IF(LEFT(B17,1)="c",1,2)&MID(B17,2,3),"000")&TEXT(C17,"00")) | B17: c432 | C17: 1 | D17: a | E17: =_xlfn.XLOOKUP(A17,'Detail<Child>'!C:C,'Detail<Child>'!A:A) | F17: Artemis | G17: Base | H17: 아르테미스 | J17: =$B17&"_"&TEXT($C17,"00")&"_F" | K17: =$B17&"_"&TEXT($C17,"00")&"_L" | L17: =LEFT(J17, 7)&"_Desc" | M17: =$B17&"_"&TEXT($C17,"00")&"_CV" | N17: =LEFT(J17, 7)&"_ci_F" | O17: CharacterIcon | P17: =B17&"_"&TEXT(C17,"00")&"_p" | Q17: CharacterPortrait | R17: ="Promotion_"&P17 | S17: CharacterPromotion | T17: =B17&"_"&D17&"_SkeletonData.asset" | U17: =B17&"_"&TEXT(C17,"00")&"_"&D17 | V17: ="Naninovel/Characters/"&B17&"_"&TEXT(C17,"00")&"" | W17: Normal | X17: 1351161 | Y17: Active | Z17: 2351161 | AA17: Ultimate | AB17: 3351161 | AC17: Passive | AD17: 4351161
A18: =INT(TEXT(IF(LEFT(B18,1)="c",1,2)&MID(B18,2,3),"000")&TEXT(C18,"00")) | B18: c486 | C18: 1 | D18: a | E18: =_xlfn.XLOOKUP(A18,'Detail<Child>'!C:C,'Detail<Child>'!A:A) | F18: Kubaba | G18: Base | H18: 쿠바바 | J18: =$B18&"_"&TEXT($C18,"00")&"_F" | K18: =$B18&"_"&TEXT($C18,"00")&"_L" | L18: =LEFT(J18, 7)&"_Desc" | M18: =$B18&"_"&TEXT($C18,"00")&"_CV" | N18: =LEFT(J18, 7)&"_ci_F" | O18: CharacterIcon | P18: =B18&"_"&TEXT(C18,"00")&"_p" | Q18: CharacterPortrait | R18: ="Promotion_"&P18 | S18: CharacterPromotion | T18: =B18&"_"&D18&"_SkeletonData.asset" | U18: =B18&"_"&TEXT(C18,"00")&"_"&D18 | V18: ="Naninovel/Characters/"&B18&"_"&TEXT(C18,"00")&"" | W18: Normal | X18: 1353141 | Y18: Active | Z18: 2353141 | AA18: Ultimate | AB18: 3353141 | AC18: Passive | AD18: 4353141
A19: =INT(TEXT(IF(LEFT(B19,1)="c",1,2)&MID(B19,2,3),"000")&TEXT(C19,"00")) | B19: c294 | C19: 1 | D19: a | E19: =_xlfn.XLOOKUP(A19,'Detail<Child>'!C:C,'Detail<Child>'!A:A) | F19: Bathory | G19: Base | H19: 바토리 | J19: =$B19&"_"&TEXT($C19,"00")&"_F" | K19: =$B19&"_"&TEXT($C19,"00")&"_L" | L19: =LEFT(J19, 7)&"_Desc" | M19: =$B19&"_"&TEXT($C19,"00")&"_CV" | N19: =LEFT(J19, 7)&"_ci_F" | O19: CharacterIcon | P19: =B19&"_"&TEXT(C19,"00")&"_p" | Q19: CharacterPortrait | R19: ="Promotion_"&P19 | S19: CharacterPromotion | T19: =B19&"_"&D19&"_SkeletonData.asset" | U19: =B19&"_"&TEXT(C19,"00")&"_"&D19 | V19: ="Naninovel/Characters/"&B19&"_"&TEXT(C19,"00")&"" | W19: Normal | X19: 1333131 | Y19: Active | Z19: 2333131 | AA19: Ultimate | AB19: 3333131 | AC19: Passive | AD19: 4333131
A20: =INT(TEXT(IF(LEFT(B20,1)="c",1,2)&MID(B20,2,3),"000")&TEXT(C20,"00")) | B20: c501 | C20: 1 | D20: a | E20: =_xlfn.XLOOKUP(A20,'Detail<Child>'!C:C,'Detail<Child>'!A:A) | F20: Ragaraja | G20: Base | H20: 라가라자 | J20: =$B20&"_"&TEXT($C20,"00")&"_F" | K20: =$B20&"_"&TEXT($C20,"00")&"_L" | L20: =LEFT(J20, 7)&"_Desc" | M20: =$B20&"_"&TEXT($C20,"00")&"_CV" | N20: =LEFT(J20, 7)&"_ci_F" | O20: CharacterIcon | P20: =B20&"_"&TEXT(C20,"00")&"_p" | Q20: CharacterPortrait | R20: ="Promotion_"&P20 | S20: CharacterPromotion | T20: =B20&"_"&D20&"_SkeletonData.asset" | U20: =B20&"_"&TEXT(C20,"00")&"_"&D20 | V20: ="Naninovel/Characters/"&B20&"_"&TEXT(C20,"00")&"" | W20: Normal | X20: 1311151 | Y20: Active | Z20: 2311151 | AA20: Ultimate | AB20: 3311151 | AC20: Passive | AD20: 4311151
A21: =INT(TEXT(IF(LEFT(B21,1)="c",1,2)&MID(B21,2,3),"000")&TEXT(C21,"00")) | B21: c001 | C21: 1 | D21: a | E21: =_xlfn.XLOOKUP(A21,'Detail<Child>'!C:C,'Detail<Child>'!A:A) | F21: Mona | G21: Base | H21: 모나 | J21: =$B21&"_"&TEXT($C21,"00")&"_F" | K21: =$B21&"_"&TEXT($C21,"00")&"_L" | L21: =LEFT(J21, 7)&"_Desc" | M21: =$B21&"_"&TEXT($C21,"00")&"_CV" | N21: =LEFT(J21, 7)&"_ci_F" | O21: CharacterIcon | P21: =B21&"_"&TEXT(C21,"00")&"_p" | Q21: CharacterPortrait | R21: ="Promotion_"&P21 | S21: CharacterPromotion | T21: =B21&"_"&D21&"_SkeletonData.asset" | U21: =B21&"_"&TEXT(C21,"00")&"_"&D21 | V21: ="Naninovel/Characters/"&B21&"_"&TEXT(C21,"00")&"" | W21: Normal | X21: 1552111 | Y21: Active | Z21: 2552111 | AA21: Ultimate | AB21: 3552111 | AC21: Passive | AD21: 4552111
A22: =INT(TEXT(IF(LEFT(B22,1)="c",1,2)&MID(B22,2,3),"000")&TEXT(C22,"00")) | B22: c502 | C22: 1 | D22: a | E22: =_xlfn.XLOOKUP(A22,'Detail<Child>'!C:C,'Detail<Child>'!A:A) | F22: To Keika | G22: Base | H22: 도계화 | J22: =$B22&"_"&TEXT($C22,"00")&"_F" | K22: =$B22&"_"&TEXT($C22,"00")&"_L" | L22: =LEFT(J22, 7)&"_Desc" | M22: =$B22&"_"&TEXT($C22,"00")&"_CV" | N22: =LEFT(J22, 7)&"_ci_F" | O22: CharacterIcon | P22: =B22&"_"&TEXT(C22,"00")&"_p" | Q22: CharacterPortrait | R22: ="Promotion_"&P22 | S22: CharacterPromotion | T22: =B22&"_"&D22&"_SkeletonData.asset" | U22: =B22&"_"&TEXT(C22,"00")&"_"&D22 | V22: ="Naninovel/Characters/"&B22&"_"&TEXT(C22,"00")&"" | W22: Normal | X22: 1321171 | Y22: Active | Z22: 2321171 | AA22: Ultimate | AB22: 3321171 | AC22: Passive | AD22: 4321171
A23: =INT(TEXT(IF(LEFT(B23,1)="c",1,2)&MID(B23,2,3),"000")&TEXT(C23,"00")) | B23: c412 | C23: 1 | D23: a | E23: =_xlfn.XLOOKUP(A23,'Detail<Child>'!C:C,'Detail<Child>'!A:A) | F23: Cain | G23: Base | H23: 카인 | J23: =$B23&"_"&TEXT($C23,"00")&"_F" | K23: =$B23&"_"&TEXT($C23,"00")&"_L" | L23: =LEFT(J23, 7)&"_Desc" | M23: =$B23&"_"&TEXT($C23,"00")&"_CV" | N23: =LEFT(J23, 7)&"_ci_F" | O23: CharacterIcon | P23: =B23&"_"&TEXT(C23,"00")&"_p" | Q23: CharacterPortrait | R23: ="Promotion_"&P23 | S23: CharacterPromotion | T23: =B23&"_"&D23&"_SkeletonData.asset" | U23: =B23&"_"&TEXT(C23,"00")&"_"&D23 | V23: ="Naninovel/Characters/"&B23&"_"&TEXT(C23,"00")&"" | W23: Normal | X23: 1311181 | Y23: Active | Z23: 2311181 | AA23: Ultimate | AB23: 3311181 | AC23: Passive | AD23: 4311181
A24: =INT(TEXT(IF(LEFT(B24,1)="c",1,2)&MID(B24,2,3),"000")&TEXT(C24,"00")) | B24: c156 | C24: 1 | D24: a | E24: =_xlfn.XLOOKUP(A24,'Detail<Child>'!C:C,'Detail<Child>'!A:A) | F24: Elizabeth | G24: Base | H24: 에르제베트 | J24: =$B24&"_"&TEXT($C24,"00")&"_F" | K24: =$B24&"_"&TEXT($C24,"00")&"_L" | L24: =LEFT(J24, 7)&"_Desc" | M24: =$B24&"_"&TEXT($C24,"00")&"_CV" | N24: =LEFT(J24, 7)&"_ci_F" | O24: CharacterIcon | P24: =B24&"_"&TEXT(C24,"00")&"_p" | Q24: CharacterPortrait | R24: ="Promotion_"&P24 | S24: CharacterPromotion | T24: =B24&"_"&D24&"_SkeletonData.asset" | U24: =B24&"_"&TEXT(C24,"00")&"_"&D24 | V24: ="Naninovel/Characters/"&B24&"_"&TEXT(C24,"00")&"" | W24: Normal | X24: 1351191 | Y24: Active | Z24: 2351191 | AA24: Ultimate | AB24: 3351191 | AC24: Passive | AD24: 4351191
A25: =INT(TEXT(IF(LEFT(B25,1)="c",1,2)&MID(B25,2,3),"000")&TEXT(C25,"00")) | B25: c318 | C25: 1 | D25: a | E25: =_xlfn.XLOOKUP(A25,'Detail<Child>'!C:C,'Detail<Child>'!A:A) | F25: Bari | G25: Base | H25: 바리 | J25: =$B25&"_"&TEXT($C25,"00")&"_F" | K25: =$B25&"_"&TEXT($C25,"00")&"_L" | L25: =LEFT(J25, 7)&"_Desc" | M25: =$B25&"_"&TEXT($C25,"00")&"_CV" | N25: =LEFT(J25, 7)&"_ci_F" | O25: CharacterIcon | P25: =B25&"_"&TEXT(C25,"00")&"_p" | Q25: CharacterPortrait | R25: ="Promotion_"&P25 | S25: CharacterPromotion | T25: =B25&"_"&D25&"_SkeletonData.asset" | U25: =B25&"_"&TEXT(C25,"00")&"_"&D25 | V25: ="Naninovel/Characters/"&B25&"_"&TEXT(C25,"00")&"" | W25: Normal | X25: 1321201 | Y25: Active | Z25: 2321201 | AA25: Ultimate | AB25: 3321201 | AC25: Passive | AD25: 4321201
... A38: =INT(TEXT(IF(LEFT(B38,1)="c",1,2)&MID(B38,2,3),"000")&TEXT(C38,"00")) | B38: c514 | C38: 1 | D38: a | E38: =_xlfn.XLOOKUP(A38,'Detail<Child>'!C:C,'Detail<Child>'!A:A) | F38: Duetsha | G38: Base | H38: 두엣샤 | J38: =$B38&"_"&TEXT($C38,"00")&"_F" | K38: =$B38&"_"&TEXT($C38,"00")&"_L" | L38: =LEFT(J38, 7)&"_Desc" | M38: =$B38&"_"&TEXT($C38,"00")&"_CV" | N38: =LEFT(J38, 7)&"_ci_F" | O38: CharacterIcon | P38: =B38&"_"&TEXT(C38,"00")&"_p" | Q38: CharacterPortrait | R38: ="Promotion_"&P38 | S38: CharacterPromotion | T38: =B38&"_"&D38&"_SkeletonData.asset" | U38: =B38&"_"&TEXT(C38,"00")&"_"&D38 | V38: ="Naninovel/Characters/"&B38&"_"&TEXT(C38,"00")&"" | W38: Normal | X38: 1451341 | Y38: Active | Z38: 2451341 | AA38: Ultimate | AB38: 3451341 | AC38: Passive | AD38: 4451341
A39: =INT(TEXT(IF(LEFT(B39,1)="c",1,2)&MID(B39,2,3),"000")&TEXT(C39,"00")) | B39: m155 | C39: 1 | D39: a | E39: =_xlfn.XLOOKUP(A39,'Detail<Monster>'!C:C,'Detail<Monster>'!A:A) | F39: slime | G39: Base | H39: 슬라임-화 | J39: =$B39&"_"&TEXT($C39,"00")&"_F" | K39: =$B39&"_"&TEXT($C39,"00")&"_L" | L39: =LEFT(J39, 7)&"_Desc" | M39: =$B39&"_"&TEXT($C39,"00")&"_CV" | N39: =LEFT(J39, 7)&"_ci_F" | O39: CharacterIcon | T39: =B39&"_"&D39&"_SkeletonData.asset" | U39: =B39&"_"&TEXT(C39,"00")&"_"&D39 | V39: =B39&"/"&B39&"_"&TEXT(C39,"00")&".png" | W39: Normal | X39: 1812011 | Y39: Active | Z39: =X39+1000000 | AA39: Ultimate | AB39: 0 | AC39: Passive | AD39: 0
A40: =INT(TEXT(IF(LEFT(B40,1)="c",1,2)&MID(B40,2,3),"000")&TEXT(C40,"00")) | B40: m155 | C40: 2 | D40: a | E40: =_xlfn.XLOOKUP(A40,'Detail<Monster>'!C:C,'Detail<Monster>'!A:A) | F40: slime | G40: Base | H40: 슬라임-수 | J40: =$B40&"_"&TEXT($C40,"00")&"_F" | K40: =$B40&"_"&TEXT($C40,"00")&"_L" | L40: =LEFT(J40, 7)&"_Desc" | M40: =$B40&"_"&TEXT($C40,"00")&"_CV" | N40: =LEFT(J40, 7)&"_ci_F" | O40: CharacterIcon | T40: =B40&"_"&D40&"_SkeletonData.asset" | U40: =B40&"_"&TEXT(C40,"00")&"_"&D40 | V40: =B40&"/"&B40&"_"&TEXT(C40,"00")&".png" | W40: Normal | X40: 1822011 | Y40: Active | Z40: =X40+1000000 | AA40: Ultimate | AB40: 0 | AC40: Passive | AD40: 0
A41: =INT(TEXT(IF(LEFT(B41,1)="c",1,2)&MID(B41,2,3),"000")&TEXT(C41,"00")) | B41: m155 | C41: 3 | D41: a | E41: =_xlfn.XLOOKUP(A41,'Detail<Monster>'!C:C,'Detail<Monster>'!A:A) | F41: slime | G41: Base | H41: 슬라임-목 | J41: =$B41&"_"&TEXT($C41,"00")&"_F" | K41: =$B41&"_"&TEXT($C41,"00")&"_L" | L41: =LEFT(J41, 7)&"_Desc" | M41: =$B41&"_"&TEXT($C41,"00")&"_CV" | N41: =LEFT(J41, 7)&"_ci_F" | O41: CharacterIcon | T41: =B41&"_"&D41&"_SkeletonData.asset" | U41: =B41&"_"&TEXT(C41,"00")&"_"&D41 | V41: =B41&"/"&B41&"_"&TEXT(C41,"00")&".png" | W41: Normal | X41: 1832011 | Y41: Active | Z41: =X41+1000000 | AA41: Ultimate | AB41: 0 | AC41: Passive | AD41: 0
A42: =INT(TEXT(IF(LEFT(B42,1)="c",1,2)&MID(B42,2,3),"000")&TEXT(C42,"00")) | B42: m155 | C42: 4 | D42: a | E42: =_xlfn.XLOOKUP(A42,'Detail<Monster>'!C:C,'Detail<Monster>'!A:A) | F42: slime | G42: Base | H42: 슬라임-광 | J42: =$B42&"_"&TEXT($C42,"00")&"_F" | K42: =$B42&"_"&TEXT($C42,"00")&"_L" | L42: =LEFT(J42, 7)&"_Desc" | M42: =$B42&"_"&TEXT($C42,"00")&"_CV" | N42: =LEFT(J42, 7)&"_ci_F" | O42: CharacterIcon | T42: =B42&"_"&D42&"_SkeletonData.asset" | U42: =B42&"_"&TEXT(C42,"00")&"_"&D42 | V42: =B42&"/"&B42&"_"&TEXT(C42,"00")&".png" | W42: Normal | X42: 1842011 | Y42: Active | Z42: =X42+1000000 | AA42: Ultimate | AB42: 0 | AC42: Passive | AD42: 0
A43: =INT(TEXT(IF(LEFT(B43,1)="c",1,2)&MID(B43,2,3),"000")&TEXT(C43,"00")) | B43: m155 | C43: 5 | D43: a | E43: =_xlfn.XLOOKUP(A43,'Detail<Monster>'!C:C,'Detail<Monster>'!A:A) | F43: slime | G43: Base | H43: 슬라임-암 | J43: =$B43&"_"&TEXT($C43,"00")&"_F" | K43: =$B43&"_"&TEXT($C43,"00")&"_L" | L43: =LEFT(J43, 7)&"_Desc" | M43: =$B43&"_"&TEXT($C43,"00")&"_CV" | N43: =LEFT(J43, 7)&"_ci_F" | O43: CharacterIcon | T43: =B43&"_"&D43&"_SkeletonData.asset" | U43: =B43&"_"&TEXT(C43,"00")&"_"&D43 | V43: =B43&"/"&B43&"_"&TEXT(C43,"00")&".png" | W43: Normal | X43: 1852011 | Y43: Active | Z43: =X43+1000000 | AA43: Ultimate | AB43: 0 | AC43: Passive | AD43: 0
A44: =INT(TEXT(IF(LEFT(B44,1)="c",1,2)&MID(B44,2,3),"000")&TEXT(C44,"00")) | B44: m900 | C44: 1 | D44: a | E44: =_xlfn.XLOOKUP(A44,'Detail<Monster>'!C:C,'Detail<Monster>'!A:A) | F44: slimeking | G44: Base | H44: 슬라임킹-화 | J44: =$B44&"_"&TEXT($C44,"00")&"_F" | K44: =$B44&"_"&TEXT($C44,"00")&"_L" | L44: =LEFT(J44, 7)&"_Desc" | M44: =$B44&"_"&TEXT($C44,"00")&"_CV" | N44: =LEFT(J44, 7)&"_ci_F" | O44: CharacterIcon | T44: =B44&"_"&D44&"_SkeletonData.asset" | U44: =B44&"_"&TEXT(C44,"00")&"_"&D44 | V44: =B44&"/"&B44&"_"&TEXT(C44,"00")&".png" | W44: Normal | X44: 1812021 | Y44: Active | Z44: 0 | AA44: Ultimate | AB44: 3812021 | AC44: Passive | AD44: 0
A45: =INT(TEXT(IF(LEFT(B45,1)="c",1,2)&MID(B45,2,3),"000")&TEXT(C45,"00")) | B45: m900 | C45: 2 | D45: b | E45: =_xlfn.XLOOKUP(A45,'Detail<Monster>'!C:C,'Detail<Monster>'!A:A) | F45: slimeking | G45: Base | H45: 슬라임킹-수 | J45: =$B45&"_"&TEXT($C45,"00")&"_F" | K45: =$B45&"_"&TEXT($C45,"00")&"_L" | L45: =LEFT(J45, 7)&"_Desc" | M45: =$B45&"_"&TEXT($C45,"00")&"_CV" | N45: =LEFT(J45, 7)&"_ci_F" | O45: CharacterIcon | T45: =B45&"_"&D45&"_SkeletonData.asset" | U45: =B45&"_"&TEXT(C45,"00")&"_"&D45 | V45: =B45&"/"&B45&"_"&TEXT(C45,"00")&".png" | W45: Normal | X45: 1822021 | Y45: Active | Z45: 0 | AA45: Ultimate | AB45: 3822021 | AC45: Passive | AD45: 0
A46: =INT(TEXT(IF(LEFT(B46,1)="c",1,2)&MID(B46,2,3),"000")&TEXT(C46,"00")) | B46: m900 | C46: 3 | D46: c | E46: =_xlfn.XLOOKUP(A46,'Detail<Monster>'!C:C,'Detail<Monster>'!A:A) | F46: slimeking | G46: Base | H46: 슬라임킹-목 | J46: =$B46&"_"&TEXT($C46,"00")&"_F" | K46: =$B46&"_"&TEXT($C46,"00")&"_L" | L46: =LEFT(J46, 7)&"_Desc" | M46: =$B46&"_"&TEXT($C46,"00")&"_CV" | N46: =LEFT(J46, 7)&"_ci_F" | O46: CharacterIcon | T46: =B46&"_"&D46&"_SkeletonData.asset" | U46: =B46&"_"&TEXT(C46,"00")&"_"&D46 | V46: =B46&"/"&B46&"_"&TEXT(C46,"00")&".png" | W46: Normal | X46: 1832021 | Y46: Active | Z46: 0 | AA46: Ultimate | AB46: 3832021 | AC46: Passive | AD46: 0
A47: =INT(TEXT(IF(LEFT(B47,1)="c",1,2)&MID(B47,2,3),"000")&TEXT(C47,"00")) | B47: m900 | C47: 4 | D47: d | E47: =_xlfn.XLOOKUP(A47,'Detail<Monster>'!C:C,'Detail<Monster>'!A:A) | F47: slimeking | G47: Base | H47: 슬라임킹-광 | J47: =$B47&"_"&TEXT($C47,"00")&"_F" | K47: =$B47&"_"&TEXT($C47,"00")&"_L" | L47: =LEFT(J47, 7)&"_Desc" | M47: =$B47&"_"&TEXT($C47,"00")&"_CV" | N47: =LEFT(J47, 7)&"_ci_F" | O47: CharacterIcon | T47: =B47&"_"&D47&"_SkeletonData.asset" | U47: =B47&"_"&TEXT(C47,"00")&"_"&D47 | V47: =B47&"/"&B47&"_"&TEXT(C47,"00")&".png" | W47: Normal | X47: 1842021 | Y47: Active | Z47: 0 | AA47: Ultimate | AB47: 3842021 | AC47: Passive | AD47: 0
A48: =INT(TEXT(IF(LEFT(B48,1)="c",1,2)&MID(B48,2,3),"000")&TEXT(C48,"00")) | B48: m900 | C48: 5 | D48: e | E48: =_xlfn.XLOOKUP(A48,'Detail<Monster>'!C:C,'Detail<Monster>'!A:A) | F48: slimeking | G48: Base | H48: 슬라임킹-암 | J48: =$B48&"_"&TEXT($C48,"00")&"_F" | K48: =$B48&"_"&TEXT($C48,"00")&"_L" | L48: =LEFT(J48, 7)&"_Desc" | M48: =$B48&"_"&TEXT($C48,"00")&"_CV" | N48: =LEFT(J48, 7)&"_ci_F" | O48: CharacterIcon | T48: =B48&"_"&D48&"_SkeletonData.asset" | U48: =B48&"_"&TEXT(C48,"00")&"_"&D48 | V48: =B48&"/"&B48&"_"&TEXT(C48,"00")&".png" | W48: Normal | X48: 1852021 | Y48: Active | Z48: 0 | AA48: Ultimate | AB48: 3852021 | AC48: Passive | AD48: 0
A49: =INT(TEXT(IF(LEFT(B49,1)="c",1,2)&MID(B49,2,3),"000")&TEXT(C49,"00")) | B49: m258 | C49: 1 | D49: a | E49: =_xlfn.XLOOKUP(A49,'Detail<Monster>'!C:C,'Detail<Monster>'!A:A) | F49: pixie | G49: Base | H49: 픽시-화 | J49: =$B49&"_"&TEXT($C49,"00")&"_F" | K49: =$B49&"_"&TEXT($C49,"00")&"_L" | L49: =LEFT(J49, 7)&"_Desc" | M49: =$B49&"_"&TEXT($C49,"00")&"_CV" | N49: =LEFT(J49, 7)&"_ci_F" | O49: CharacterIcon | P49: =B49&"_"&TEXT(C49,"00")&"_p" | Q49: CharacterPortrait | T49: =B49&"_"&D49&"_SkeletonData.asset" | U49: =B49&"_"&TEXT(C49,"00")&"_"&D49 | V49: =B49&"/"&B49&"_"&TEXT(C49,"00")&".png" | W49: Normal | X49: 1811031 | Y49: Active | Z49: 2811031 | AA49: Ultimate | AB49: 3811031 | AC49: Passive | AD49: 0
A50: =INT(TEXT(IF(LEFT(B50,1)="c",1,2)&MID(B50,2,3),"000")&TEXT(C50,"00")) | B50: m258 | C50: 2 | D50: a | E50: =_xlfn.XLOOKUP(A50,'Detail<Monster>'!C:C,'Detail<Monster>'!A:A) | F50: pixie | G50: Base | H50: 픽시-수 | J50: =$B50&"_"&TEXT($C50,"00")&"_F" | K50: =$B50&"_"&TEXT($C50,"00")&"_L" | L50: =LEFT(J50, 7)&"_Desc" | M50: =$B50&"_"&TEXT($C50,"00")&"_CV" | N50: =LEFT(J50, 7)&"_ci_F" | O50: CharacterIcon | P50: =B50&"_"&TEXT(C50,"00")&"_p" | Q50: CharacterPortrait | T50: =B50&"_"&D50&"_SkeletonData.asset" | U50: =B50&"_"&TEXT(C50,"00")&"_"&D50 | V50: =B50&"/"&B50&"_"&TEXT(C50,"00")&".png" | W50: Normal | X50: 1821031 | Y50: Active | Z50: 2821031 | AA50: Ultimate | AB50: 3821031 | AC50: Passive | AD50: 0
A51: =INT(TEXT(IF(LEFT(B51,1)="c",1,2)&MID(B51,2,3),"000")&TEXT(C51,"00")) | B51: m258 | C51: 3 | D51: a | E51: =_xlfn.XLOOKUP(A51,'Detail<Monster>'!C:C,'Detail<Monster>'!A:A) | F51: pixie | G51: Base | H51: 픽시-목 | J51: =$B51&"_"&TEXT($C51,"00")&"_F" | K51: =$B51&"_"&TEXT($C51,"00")&"_L" | L51: =LEFT(J51, 7)&"_Desc" | M51: =$B51&"_"&TEXT($C51,"00")&"_CV" | N51: =LEFT(J51, 7)&"_ci_F" | O51: CharacterIcon | P51: =B51&"_"&TEXT(C51,"00")&"_p" | Q51: CharacterPortrait | T51: =B51&"_"&D51&"_SkeletonData.asset" | U51: =B51&"_"&TEXT(C51,"00")&"_"&D51 | V51: =B51&"/"&B51&"_"&TEXT(C51,"00")&".png" | W51: Normal | X51: 1831031 | Y51: Active | Z51: 2831031 | AA51: Ultimate | AB51: 3831031 | AC51: Passive | AD51: 0
A52: =INT(TEXT(IF(LEFT(B52,1)="c",1,2)&MID(B52,2,3),"000")&TEXT(C52,"00")) | B52: m258 | C52: 4 | D52: a | E52: =_xlfn.XLOOKUP(A52,'Detail<Monster>'!C:C,'Detail<Monster>'!A:A) | F52: pixie | G52: Base | H52: 픽시-광 | J52: =$B52&"_"&TEXT($C52,"00")&"_F" | K52: =$B52&"_"&TEXT($C52,"00")&"_L" | L52: =LEFT(J52, 7)&"_Desc" | M52: =$B52&"_"&TEXT($C52,"00")&"_CV" | N52: =LEFT(J52, 7)&"_ci_F" | O52: CharacterIcon | P52: =B52&"_"&TEXT(C52,"00")&"_p" | Q52: CharacterPortrait | T52: =B52&"_"&D52&"_SkeletonData.asset" | U52: =B52&"_"&TEXT(C52,"00")&"_"&D52 | V52: =B52&"/"&B52&"_"&TEXT(C52,"00")&".png" | W52: Normal | X52: 1841031 | Y52: Active | Z52: 2841031 | AA52: Ultimate | AB52: 3841031 | AC52: Passive | AD52: 0
A53: =INT(TEXT(IF(LEFT(B53,1)="c",1,2)&MID(B53,2,3),"000")&TEXT(C53,"00")) | B53: m258 | C53: 5 | D53: a | E53: =_xlfn.XLOOKUP(A53,'Detail<Monster>'!C:C,'Detail<Monster>'!A:A) | F53: pixie | G53: Base | H53: 픽시-암 | J53: =$B53&"_"&TEXT($C53,"00")&"_F" | K53: =$B53&"_"&TEXT($C53,"00")&"_L" | L53: =LEFT(J53, 7)&"_Desc" | M53: =$B53&"_"&TEXT($C53,"00")&"_CV" | N53: =LEFT(J53, 7)&"_ci_F" | O53: CharacterIcon | P53: =B53&"_"&TEXT(C53,"00")&"_p" | Q53: CharacterPortrait | T53: =B53&"_"&D53&"_SkeletonData.asset" | U53: =B53&"_"&TEXT(C53,"00")&"_"&D53 | V53: =B53&"/"&B53&"_"&TEXT(C53,"00")&".png" | W53: Normal | X53: 1851031 | Y53: Active | Z53: 2851031 | AA53: Ultimate | AB53: 3851031 | AC53: Passive | AD53: 0
A54: =INT(TEXT(IF(LEFT(B54,1)="c",1,2)&MID(B54,2,3),"000")&TEXT(C54,"00")) | B54: m038 | C54: 1 | D54: a | E54: =_xlfn.XLOOKUP(A54,'Detail<Monster>'!C:C,'Detail<Monster>'!A:A) | F54: diablo | G54: Base | H54: 디아블로 | J54: =$B54&"_"&TEXT($C54,"00")&"_F" | K54: =$B54&"_"&TEXT($C54,"00")&"_L" | L54: =LEFT(J54, 7)&"_Desc" | M54: =$B54&"_"&TEXT($C54,"00")&"_CV" | N54: =LEFT(J54, 7)&"_ci_F" | O54: CharacterIcon | P54: =B54&"_"&TEXT(C54,"00")&"_p" | Q54: CharacterPortrait | T54: =B54&"_"&D54&"_SkeletonData.asset" | U54: =B54&"_"&TEXT(C54,"00")&"_"&D54 | V54: =B54&"/"&B54&"_"&TEXT(C54,"00")&".png" | W54: Normal | X54: 1942011 | Y54: Active | Z54: 0 | AA54: Ultimate | AB54: 3942011 | AC54: Passive | AD54: 0
A55: =INT(TEXT(IF(LEFT(B55,1)="c",1,2)&MID(B55,2,3),"000")&TEXT(C55,"00")) | B55: m013 | C55: 1 | D55: a | E55: =_xlfn.XLOOKUP(A55,'Detail<Monster>'!C:C,'Detail<Monster>'!A:A) | F55: Teddy | G55: Base | H55: 봉제인형 | J55: =$B55&"_"&TEXT($C55,"00")&"_F" | K55: =$B55&"_"&TEXT($C55,"00")&"_L" | L55: =LEFT(J55, 7)&"_Desc" | M55: =$B55&"_"&TEXT($C55,"00")&"_CV" | N55: =LEFT(J55, 7)&"_ci_F" | O55: CharacterIcon | P55: =B55&"_"&TEXT(C55,"00")&"_p" | Q55: CharacterPortrait | T55: =B55&"_"&D55&"_SkeletonData.asset" | U55: =B55&"_"&TEXT(C55,"00")&"_"&D55 | V55: =B55&"/"&B55&"_"&TEXT(C55,"00")&".png" | W55: Normal | X55: 1842051 | Y55: Active | Z55: 2842051 | AA55: Ultimate | AB55: 0 | AC55: Passive | AD55: 0
A56: =INT(TEXT(IF(LEFT(B56,1)="c",1,2)&MID(B56,2,3),"000")&TEXT(C56,"00")) | B56: m040 | C56: 1 | D56: a | E56: =_xlfn.XLOOKUP(A56,'Detail<Monster>'!C:C,'Detail<Monster>'!A:A) | F56: ChainKiller | G56: Base | H56: 체인킬러 | J56: =$B56&"_"&TEXT($C56,"00")&"_F" | K56: =$B56&"_"&TEXT($C56,"00")&"_L" | L56: =LEFT(J56, 7)&"_Desc" | M56: =$B56&"_"&TEXT($C56,"00")&"_CV" | N56: =LEFT(J56, 7)&"_ci_F" | O56: CharacterIcon | P56: =B56&"_"&TEXT(C56,"00")&"_p" | Q56: CharacterPortrait | T56: =B56&"_"&D56&"_SkeletonData.asset" | U56: =B56&"_"&TEXT(C56,"00")&"_"&D56 | V56: =B56&"/"&B56&"_"&TEXT(C56,"00")&".png" | W56: Normal | X56: 1942021 | Y56: Active | Z56: 0 | AA56: Ultimate | AB56: 3942021 | AC56: Passive | AD56: 0
A57: =INT(TEXT(IF(LEFT(B57,1)="c",1,2)&MID(B57,2,3),"000")&TEXT(C57,"00")) | B57: m073 | C57: 1 | D57: a | E57: =_xlfn.XLOOKUP(A57,'Detail<Monster>'!C:C,'Detail<Monster>'!A:A) | F57: Cube | G57: Base | H57: 큐브-화 | J57: =$B57&"_"&TEXT($C57,"00")&"_F" | K57: =$B57&"_"&TEXT($C57,"00")&"_L" | L57: =LEFT(J57, 7)&"_Desc" | M57: =$B57&"_"&TEXT($C57,"00")&"_CV" | N57: =LEFT(J57, 7)&"_ci_F" | O57: CharacterIcon | T57: =B57&"_"&D57&"_SkeletonData.asset" | U57: =B57&"_"&TEXT(C57,"00")&"_"&D57 | V57: =B57&"/"&B57&"_"&TEXT(C57,"00")&".png" | W57: Normal | X57: 1811041 | Y57: Active | Z57: 2811041 | AA57: Ultimate | AB57: 3811041 | AC57: Passive | AD57: 0
A58: =INT(TEXT(IF(LEFT(B58,1)="c",1,2)&MID(B58,2,3),"000")&TEXT(C58,"00")) | B58: m073 | C58: 2 | D58: a | E58: =_xlfn.XLOOKUP(A58,'Detail<Monster>'!C:C,'Detail<Monster>'!A:A) | F58: Cube | G58: Base | H58: 큐브-수 | J58: =$B58&"_"&TEXT($C58,"00")&"_F" | K58: =$B58&"_"&TEXT($C58,"00")&"_L" | L58: =LEFT(J58, 7)&"_Desc" | M58: =$B58&"_"&TEXT($C58,"00")&"_CV" | N58: =LEFT(J58, 7)&"_ci_F" | O58: CharacterIcon | T58: =B58&"_"&D58&"_SkeletonData.asset" | U58: =B58&"_"&TEXT(C58,"00")&"_"&D58 | V58: =B58&"/"&B58&"_"&TEXT(C58,"00")&".png" | W58: Normal | X58: 1821041 | Y58: Active | Z58: 2821041 | AA58: Ultimate | AB58: 3821041 | AC58: Passive | AD58: 0
A59: =INT(TEXT(IF(LEFT(B59,1)="c",1,2)&MID(B59,2,3),"000")&TEXT(C59,"00")) | B59: m073 | C59: 3 | D59: a | E59: =_xlfn.XLOOKUP(A59,'Detail<Monster>'!C:C,'Detail<Monster>'!A:A) | F59: Cube | G59: Base | H59: 큐브-목 | J59: =$B59&"_"&TEXT($C59,"00")&"_F" | K59: =$B59&"_"&TEXT($C59,"00")&"_L" | L59: =LEFT(J59, 7)&"_Desc" | M59: =$B59&"_"&TEXT($C59,"00")&"_CV" | N59: =LEFT(J59, 7)&"_ci_F" | O59: CharacterIcon | T59: =B59&"_"&D59&"_SkeletonData.asset" | U59: =B59&"_"&TEXT(C59,"00")&"_"&D59 | V59: =B59&"/"&B59&"_"&TEXT(C59,"00")&".png" | W59: Normal | X59: 1831041 | Y59: Active | Z59: 2831041 | AA59: Ultimate | AB59: 3831041 | AC59: Passive | AD59: 0
A60: =INT(TEXT(IF(LEFT(B60,1)="c",1,2)&MID(B60,2,3),"000")&TEXT(C60,"00")) | B60: m073 | C60: 4 | D60: a | E60: =_xlfn.XLOOKUP(A60,'Detail<Monster>'!C:C,'Detail<Monster>'!A:A) | F60: Cube | G60: Base | H60: 큐브-광 | J60: =$B60&"_"&TEXT($C60,"00")&"_F" | K60: =$B60&"_"&TEXT($C60,"00")&"_L" | L60: =LEFT(J60, 7)&"_Desc" | M60: =$B60&"_"&TEXT($C60,"00")&"_CV" | N60: =LEFT(J60, 7)&"_ci_F" | O60: CharacterIcon | T60: =B60&"_"&D60&"_SkeletonData.asset" | U60: =B60&"_"&TEXT(C60,"00")&"_"&D60 | V60: =B60&"/"&B60&"_"&TEXT(C60,"00")&".png" | W60: Normal | X60: 1841041 | Y60: Active | Z60: 2841041 | AA60: Ultimate | AB60: 3841041 | AC60: Passive | AD60: 0
A61: =INT(TEXT(IF(LEFT(B61,1)="c",1,2)&MID(B61,2,3),"000")&TEXT(C61,"00")) | B61: m073 | C61: 5 | D61: a | E61: =_xlfn.XLOOKUP(A61,'Detail<Monster>'!C:C,'Detail<Monster>'!A:A) | F61: Cube | G61: Base | H61: 큐브-암 | J61: =$B61&"_"&TEXT($C61,"00")&"_F" | K61: =$B61&"_"&TEXT($C61,"00")&"_L" | L61: =LEFT(J61, 7)&"_Desc" | M61: =$B61&"_"&TEXT($C61,"00")&"_CV" | N61: =LEFT(J61, 7)&"_ci_F" | O61: CharacterIcon | T61: =B61&"_"&D61&"_SkeletonData.asset" | U61: =B61&"_"&TEXT(C61,"00")&"_"&D61 | V61: =B61&"/"&B61&"_"&TEXT(C61,"00")&".png" | W61: Normal | X61: 1851041 | Y61: Active | Z61: 2851041 | AA61: Ultimate | AB61: 3851041 | AC61: Passive | AD61: 0
A62: =INT(TEXT(IF(LEFT(B62,1)="c",1,2)&MID(B62,2,3),"000")&TEXT(C62,"00")) | B62: m189 | C62: 1 | D62: a | E62: =_xlfn.XLOOKUP(A62,'Detail<Monster>'!C:C,'Detail<Monster>'!A:A) | F62: Mimic | G62: Base | H62: 보물상자 | J62: =$B62&"_"&TEXT($C62,"00")&"_F" | K62: =$B62&"_"&TEXT($C62,"00")&"_L" | L62: =LEFT(J62, 7)&"_Desc" | M62: =$B62&"_"&TEXT($C62,"00")&"_CV" | N62: =LEFT(J62, 7)&"_ci_F" | O62: CharacterIcon | P62: =B62&"_"&TEXT(C62,"00")&"_p" | Q62: CharacterPortrait | T62: =B62&"_"&D62&"_SkeletonData.asset" | U62: =B62&"_"&TEXT(C62,"00")&"_"&D62 | V62: =B62&"/"&B62&"_"&TEXT(C62,"00")&".png" | W62: Normal | X62: 1842061 | Y62: Active | Z62: 2842061 | AA62: Ultimate | AB62: 0 | AC62: Passive | AD62: 0
A63: =INT(TEXT(IF(LEFT(B63,1)="c",1,2)&MID(B63,2,3),"000")&TEXT(C63,"00")) | B63: m051 | C63: 1 | D63: a | E63: =_xlfn.XLOOKUP(A63,'Detail<Monster>'!C:C,'Detail<Monster>'!A:A) | F63: Hades | G63: Base | H63: 하데스 | J63: =$B63&"_"&TEXT($C63,"00")&"_F" | K63: =$B63&"_"&TEXT($C63,"00")&"_L" | L63: =LEFT(J63, 7)&"_Desc" | M63: =$B63&"_"&TEXT($C63,"00")&"_CV" | N63: =LEFT(J63, 7)&"_ci_F" | O63: CharacterIcon | P63: =B63&"_"&TEXT(C63,"00")&"_p" | Q63: CharacterPortrait | T63: =B63&"_"&D63&"_SkeletonData.asset" | U63: =B63&"_"&TEXT(C63,"00")&"_"&D63 | V63: =B63&"/"&B63&"_"&TEXT(C63,"00")&".png" | W63: Normal | X63: 1942031 | Y63: Active | Z63: 0 | AA63: Ultimate | AB63: 3942031 | AC63: Passive | AD63: 0
A64: =INT(TEXT(IF(LEFT(B64,1)="c",1,2)&MID(B64,2,3),"000")&TEXT(C64,"00")) | B64: c224 | C64: 1 | D64: a | E64: =_xlfn.XLOOKUP(A64,'Detail<Monster>'!C:C,'Detail<Monster>'!A:A) | F64: Loki | G64: Base | H64: 로키 | J64: =$B64&"_"&TEXT($C64,"00")&"_F" | K64: =$B64&"_"&TEXT($C64,"00")&"_L" | L64: =LEFT(J64, 7)&"_Desc" | M64: =$B64&"_"&TEXT($C64,"00")&"_CV" | N64: =LEFT(J64, 7)&"_ci_F" | O64: CharacterIcon | P64: =B64&"_"&TEXT(C64,"00")&"_p" | Q64: CharacterPortrait | T64: =B64&"_"&D64&"_SkeletonData.asset" | U64: =B64&"_"&TEXT(C64,"00")&"_"&D64 | V64: =B64&"/"&B64&"_"&TEXT(C64,"00")&".png" | W64: Normal | X64: 1942041 | Y64: Active | Z64: 0 | AA64: Ultimate | AB64: 3942041 | AC64: Passive | AD64: 0
A65: =INT(TEXT(IF(LEFT(B65,1)="c",1,2)&MID(B65,2,3),"000")&TEXT(C65,"00")) | B65: m013 | C65: 2 | D65: a | E65: =_xlfn.XLOOKUP(A65,'Detail<Monster>'!C:C,'Detail<Monster>'!A:A) | F65: Teddy | G65: Base | H65: 봉제인형 | J65: =$B65&"_"&TEXT($C65,"00")&"_F" | K65: =$B65&"_"&TEXT($C65,"00")&"_L" | L65: =LEFT(J65, 7)&"_Desc" | M65: =$B65&"_"&TEXT($C65,"00")&"_CV" | N65: =LEFT(J65, 7)&"_ci_F" | O65: CharacterIcon | P65: =B65&"_"&TEXT(C65,"00")&"_p" | Q65: CharacterPortrait | T65: =B65&"_"&D65&"_SkeletonData.asset" | U65: =B65&"_"&TEXT(C65,"00")&"_"&D65 | V65: =B65&"/"&B65&"_"&TEXT(C65,"00")&".png" | W65: Normal | X65: 1842051 | Y65: Active | Z65: 2842051 | AA65: Ultimate | AB65: 0 | AC65: Passive | AD65: 0
A66: 218001 | B66: c180 | C66: 2 | D66: a | E66: =_xlfn.XLOOKUP(A66,'Detail<Monster>'!C:C,'Detail<Monster>'!A:A) | F66: Mommon | G66: Base | H66: 야망의 맘몬 | J66: =$B66&"_"&TEXT($C66,"00")&"_F" | K66: =$B66&"_"&TEXT($C66,"00")&"_L" | L66: =LEFT(J66, 7)&"_Desc" | M66: =$B66&"_"&TEXT($C66,"00")&"_CV" | N66: =LEFT(J66, 7)&"_ci_F" | O66: CharacterIcon | P66: =B66&"_"&TEXT(C66,"00")&"_p" | Q66: CharacterPortrait | R66: =D66&"_"&TEXT(E66,"00")&"_p" | S66: CharacterPortrait | T66: =B66&"_"&D66&"_SkeletonData.asset" | U66: =B66&"_"&TEXT(C66,"00")&"_"&D66 | V66: =B66&"/"&B66&"_"&TEXT(C66,"00")&".png" | W66: Normal | X66: 1932071 | Y66: Active | Z66: 2932071 | AA66: Ultimate | AB66: 3932079 | AC66: Passive | AD66: 4932071
A67: =INT(TEXT(IF(LEFT(B67,1)="c",1,2)&MID(B67,2,3),"000")&TEXT(C67,"00")) | B67: m054 | C67: 1 | D67: a | E67: =_xlfn.XLOOKUP(A67,'Detail<Monster>'!C:C,'Detail<Monster>'!A:A) | F67: Gomorrah | G67: Base | H67: 고모라 | J67: =$B67&"_"&TEXT($C67,"00")&"_F" | K67: =$B67&"_"&TEXT($C67,"00")&"_L" | L67: =LEFT(J67, 7)&"_Desc" | M67: =$B67&"_"&TEXT($C67,"00")&"_CV" | N67: =LEFT(J67, 7)&"_ci_F" | O67: CharacterIcon | P67: =B67&"_"&TEXT(C67,"00")&"_p" | Q67: CharacterPortrait | T67: =B67&"_"&D67&"_SkeletonData.asset" | U67: =B67&"_"&TEXT(C67,"00")&"_"&D67 | V67: =B67&"/"&B67&"_"&TEXT(C67,"00")&".png" | W67: Normal | X67: 1942051 | Y67: Active | Z67: 2942051 | AA67: Ultimate | AB67: 3942051 | AC67: Passive | AD67: 4942051
A68: =INT(TEXT(IF(LEFT(B68,1)="c",1,2)&MID(B68,2,3),"000")&TEXT(C68,"00")) | B68: m901 | C68: 1 | D68: a | E68: =_xlfn.XLOOKUP(A68,'Detail<Monster>'!C:C,'Detail<Monster>'!A:A) | F68: Crystal | G68: Base | H68: 크리스탈 | J68: =$B68&"_"&TEXT($C68,"00")&"_F" | K68: =$B68&"_"&TEXT($C68,"00")&"_L" | L68: =LEFT(J68, 7)&"_Desc" | M68: =$B68&"_"&TEXT($C68,"00")&"_CV" | N68: =LEFT(J68, 7)&"_ci_F" | O68: CharacterIcon | T68: =B68&"_"&D68&"_SkeletonData.asset" | U68: =B68&"_"&TEXT(C68,"00")&"_"&D68 | V68: =B68&"/"&B68&"_"&TEXT(C68,"00")&".png" | W68: Normal | X68: 1966011 | Y68: Active | Z68: 2966011 | AA68: Ultimate | AB68: 3966011 | AC68: Passive | AD68: 4966011
A69: =INT(TEXT(IF(LEFT(B69,1)="c",1,2)&MID(B69,2,3),"000")&TEXT(C69,"00")) | B69: c354 | C69: 11 | D69: a | E69: 13540102 | F69: Demeter | G69: Base | H69: 허세의 드미테르 | J69: c010_01_F | K69: c010_01_L | L69: c354_01_Desc | M69: =$B69&"_"&TEXT($C69,"00")&"_CV" | N69: c354_01_ci_F | O69: CharacterIcon | P69: c010_01_p | Q69: CharacterPortrait | R69: Promotion_c010_01_p | S69: CharacterPromotion | T69: =B69&"_"&D69&"_SkeletonData.asset" | U69: c354_01_a | V69: Naninovel/Characters/c354_01 | W69: Normal | X69: 1513011 | Y69: Active | Z69: 2513011 | AA69: Ultimate | AB69: 3513011 | AC69: Passive | AD69: 4513011
A70: =INT(TEXT(IF(LEFT(B70,1)="c",1,2)&MID(B70,2,3),"000")&TEXT(C70,"00")) | B70: c296 | C70: 11 | D70: a | E70: 12960102 | F70: Hildr | G70: Base | H70: 건슬링거 힐드 | J70: c296_01_F | K70: c296_01_L | L70: c296_01_Desc | M70: =$B70&"_"&TEXT($C70,"00")&"_CV" | N70: c296_01_ci_F | O70: CharacterIcon | P70: c296_01_p | Q70: CharacterPortrait | R70: Promotion_c296_01_p | S70: CharacterPromotion | T70: =B70&"_"&D70&"_SkeletonData.asset" | U70: c296_01_a | V70: Naninovel/Characters/c296_01 | W70: Normal | X70: 1541021 | Y70: Active | Z70: 2541021 | AA70: Ultimate | AB70: 3541021 | AC70: Passive | AD70: 4541021
A71: =INT(TEXT(IF(LEFT(B71,1)="c",1,2)&MID(B71,2,3),"000")&TEXT(C71,"00")) | B71: c003 | C71: 11 | D71: a | E71: 10030102 | F71: Davi | G71: Base | H71: 다비 | J71: c003_01_F | K71: c003_01_L | L71: c003_01_Desc | M71: =$B71&"_"&TEXT($C71,"00")&"_CV" | N71: c003_01_ci_F | O71: CharacterIcon | P71: c003_01_p | Q71: CharacterPortrait | R71: Promotion_c003_01_p | S71: CharacterPromotion | T71: =B71&"_"&D71&"_SkeletonData.asset" | U71: c003_01_a | V71: Naninovel/Characters/c003_01 | W71: Normal | X71: 1511031 | Y71: Active | Z71: 2511031 | AA71: Ultimate | AB71: 3511031 | AC71: Passive | AD71: 4511031
A72: =INT(TEXT(IF(LEFT(B72,1)="c",1,2)&MID(B72,2,3),"000")&TEXT(C72,"00")) | B72: c464 | C72: 11 | D72: a | E72: 14640102 | F72: Arhat | G72: Base | H72: 장엄 아라한 | J72: c464_01_F | K72: c464_01_L | L72: c464_01_Desc | M72: =$B72&"_"&TEXT($C72,"00")&"_CV" | N72: c464_01_ci_F | O72: CharacterIcon | P72: c464_02_p | Q72: CharacterPortrait | R72: Promotion_c464_02_p | S72: CharacterPromotion | T72: =B72&"_"&D72&"_SkeletonData.asset" | U72: c464_01_a | V72: Naninovel/Characters/c464_01 | W72: Normal | X72: 1524041 | Y72: Active | Z72: 2524041 | AA72: Ultimate | AB72: 3524041 | AC72: Passive | AD72: 4524041
A73: =INT(TEXT(IF(LEFT(B73,1)="c",1,2)&MID(B73,2,3),"000")&TEXT(C73,"00")) | B73: c353 | C73: 11 | D73: a | E73: 13530102 | F73: Charlotte | G73: Base | H73: 철창의 샤를 | J73: c353_01_F | K73: c353_01_L | L73: c353_01_Desc | M73: =$B73&"_"&TEXT($C73,"00")&"_CV" | N73: c353_01_ci_F | O73: CharacterIcon | P73: c353_01_p | Q73: CharacterPortrait | R73: Promotion_c353_01_p | S73: CharacterPromotion | T73: =B73&"_"&D73&"_SkeletonData.asset" | U73: c353_01_a | V73: Naninovel/Characters/c353_01 | W73: Normal | X73: 1542051 | Y73: Active | Z73: 2542051 | AA73: Ultimate | AB73: 3542051 | AC73: Passive | AD73: 4542051
A74: =INT(TEXT(IF(LEFT(B74,1)="c",1,2)&MID(B74,2,3),"000")&TEXT(C74,"00")) | B74: c229 | C74: 11 | D74: a | E74: 12290102 | F74: Brownie | G74: Base | H74: 소식통 브라우니 | J74: c229_01_F | K74: c229_01_L | L74: c229_01_Desc | M74: =$B74&"_"&TEXT($C74,"00")&"_CV" | N74: c229_01_ci_F | O74: CharacterIcon | P74: c229_01_p | Q74: CharacterPortrait | R74: Promotion_c229_01_p | S74: CharacterPromotion | T74: =B74&"_"&D74&"_SkeletonData.asset" | U74: c229_01_a | V74: Naninovel/Characters/c229_01 | W74: Normal | X74: 1534061 | Y74: Active | Z74: 2534061 | AA74: Ultimate | AB74: 3534061 | AC74: Passive | AD74: 4534061
A75: =INT(TEXT(IF(LEFT(B75,1)="c",1,2)&MID(B75,2,3),"000")&TEXT(C75,"00")) | B75: c180 | C75: 11 | D75: a | E75: 11800102 | F75: Mommon | G75: Base | H75: 야망의 맘몬 | J75: c180_01_F | K75: c180_01_L | L75: c180_01_Desc | M75: =$B75&"_"&TEXT($C75,"00")&"_CV" | N75: c180_01_ci_F | O75: CharacterIcon | P75: c180_01_p | Q75: CharacterPortrait | R75: Promotion_c180_01_p | S75: CharacterPromotion | T75: =B75&"_"&D75&"_SkeletonData.asset" | U75: c180_01_a | V75: Naninovel/Characters/c180_01 | W75: Normal | X75: 1532071 | Y75: Active | Z75: 2532071 | AA75: Ultimate | AB75: 3532071 | AC75: Passive | AD75: 4532071
A76: =INT(TEXT(IF(LEFT(B76,1)="c",1,2)&MID(B76,2,3),"000")&TEXT(C76,"00")) | B76: c183 | C76: 11 | D76: a | E76: 11830102 | F76: Dana | G76: Base | H76: 설교하는 다나 | J76: c183_01_F | K76: c183_01_L | L76: c183_01_Desc | M76: =$B76&"_"&TEXT($C76,"00")&"_CV" | N76: c183_01_ci_F | O76: CharacterIcon | P76: c183_01_p | Q76: CharacterPortrait | R76: Promotion_c183_01_p | S76: CharacterPromotion | T76: =B76&"_"&D76&"_SkeletonData.asset" | U76: c183_01_a | V76: Naninovel/Characters/c183_01 | W76: Normal | X76: 1555081 | Y76: Active | Z76: 2555081 | AA76: Ultimate | AB76: 3555081 | AC76: Passive | AD76: 4555081
A77: =INT(TEXT(IF(LEFT(B77,1)="c",1,2)&MID(B77,2,3),"000")&TEXT(C77,"00")) | B77: c051 | C77: 11 | D77: a | E77: 10510202 | F77: Frej | G77: Base | H77: 프레이 | J77: c051_02_F | K77: c051_02_L | L77: c051_02_Desc | M77: =$B77&"_"&TEXT($C77,"00")&"_CV" | N77: c051_02_ci_F | O77: CharacterIcon | P77: c051_02_p | Q77: CharacterPortrait | R77: Promotion_c051_02_p | S77: CharacterPromotion | T77: =B77&"_"&D77&"_SkeletonData.asset" | U77: c051_02_a | V77: Naninovel/Characters/c051_02 | W77: Normal | X77: 1551091 | Y77: Active | Z77: 2551091 | AA77: Ultimate | AB77: 3551091 | AC77: Passive | AD77: 4551091
A78: =INT(TEXT(IF(LEFT(B78,1)="c",1,2)&MID(B78,2,3),"000")&TEXT(C78,"00")) | B78: c364 | C78: 11 | D78: a | E78: 13640102 | F78: Sytry | G78: Base | H78: 스위트 시트리 | J78: c364_01_F | K78: c364_01_L | L78: c364_01_Desc | M78: =$B78&"_"&TEXT($C78,"00")&"_CV" | N78: c364_01_ci_F | O78: CharacterIcon | P78: c364_01_p | Q78: CharacterPortrait | R78: Promotion_c364_01_p | S78: CharacterPromotion | T78: =B78&"_"&D78&"_SkeletonData.asset" | U78: c364_01_a | V78: Naninovel/Characters/c364_01 | W78: Normal | X78: 1554101 | Y78: Active | Z78: 2554101 | AA78: Ultimate | AB78: 3554101 | AC78: Passive | AD78: 4554101
A79: =INT(TEXT(IF(LEFT(B79,1)="c",1,2)&MID(B79,2,3),"000")&TEXT(C79,"00")) | B79: c002 | C79: 11 | D79: a | E79: 10020102 | F79: Lisa | G79: Base | H79: 리자 | J79: c002_01_F | K79: c002_01_L | L79: c002_01_Desc | M79: =$B79&"_"&TEXT($C79,"00")&"_CV" | N79: c002_01_ci_F | O79: CharacterIcon | P79: c002_01_p | Q79: CharacterPortrait | R79: Promotion_c002_01_p | S79: CharacterPromotion | T79: =B79&"_"&D79&"_SkeletonData.asset" | U79: c002_01_a | V79: Naninovel/Characters/c002_01 | W79: Normal | X79: 1325111 | Y79: Active | Z79: 2325111 | AA79: Ultimate | AB79: 3325111 | AC79: Passive | AD79: 4325111
A80: =INT(TEXT(IF(LEFT(B80,1)="c",1,2)&MID(B80,2,3),"000")&TEXT(C80,"00")) | B80: c417 | C80: 11 | D80: a | E80: 14170102 | F80: Tamamo | G80: Base | H80: 구미호 | J80: c417_01_F | K80: c417_01_L | L80: c417_01_Desc | M80: =$B80&"_"&TEXT($C80,"00")&"_CV" | N80: c417_01_ci_F | O80: CharacterIcon | P80: c417_01_p | Q80: CharacterPortrait | R80: Promotion_c417_01_p | S80: CharacterPromotion | T80: =B80&"_"&D80&"_SkeletonData.asset" | U80: c417_01_a | V80: Naninovel/Characters/c417_01 | W80: Normal | X80: 1313121 | Y80: Active | Z80: 2313121 | AA80: Ultimate | AB80: 3313121 | AC80: Passive | AD80: 4313121
... A93: =INT(TEXT(IF(LEFT(B93,1)="c",1,2)&MID(B93,2,3),"000")&TEXT(C93,"00")) | B93: c124 | C93: 11 | D93: a | E93: 11240102 | F93: Eve | G93: Base | H93: 이브 | J93: c124_01_F | K93: c124_01_L | L93: c124_01_Desc | M93: =$B93&"_"&TEXT($C93,"00")&"_CV" | N93: c124_01_ci_F | O93: CharacterIcon | P93: c124_01_p | Q93: CharacterPortrait | R93: Promotion_c124_01_p | S93: CharacterPromotion | T93: =B93&"_"&D93&"_SkeletonData.asset" | U93: c124_01_a | V93: Naninovel/Characters/c124_01 | W93: Normal | X93: 1321241 | Y93: Active | Z93: 2321241 | AA93: Ultimate | AB93: 3321241 | AC93: Passive | AD93: 4321241
A94: =INT(TEXT(IF(LEFT(B94,1)="c",1,2)&MID(B94,2,3),"000")&TEXT(C94,"00")) | B94: c336 | C94: 11 | D94: a | E94: 13360102 | F94: Pan | G94: Base | H94: 판 | J94: c336_01_F | K94: c336_01_L | L94: c336_01_Desc | M94: c336_11_CV | N94: c336_01_ci_F | O94: CharacterIcon | P94: c336_01_p | Q94: CharacterPortrait | R94: Promotion_c336_01_p | S94: CharacterPromotion | T94: =B94&"_"&D94&"_SkeletonData.asset" | U94: c336_01_a | V94: Naninovel/Characters/c336_01 | W94: Normal | X94: 1535261 | Y94: Active | Z94: 2535261 | AA94: Ultimate | AB94: 3535261 | AC94: Passive | AD94: 4535261
A95: =INT(TEXT(IF(LEFT(B95,1)="c",1,2)&MID(B95,2,3),"000")&TEXT(C95,"00")) | B95: c445 | C95: 11 | D95: a | E95: 14450102 | F95: Kalaratri | G95: Base | H95: 카라라트리 | J95: c445_01_F | K95: c445_01_L | L95: c445_01_Desc | M95: c445_01_CV | N95: c445_01_ci_F | O95: CharacterIcon | P95: c445_01_p | Q95: CharacterPortrait | R95: Promotion_c445_01_p | S95: CharacterPromotion | T95: =B95&"_"&D95&"_SkeletonData.asset" | U95: c445_01_a | V95: Naninovel/Characters/c445_01 | W95: Normal | X95: 1513271 | Y95: Active | Z95: 2513271 | AA95: Ultimate | AB95: 3513271 | AC95: Passive | AD95: 4513271
A96: =INT(TEXT(IF(LEFT(B96,1)="c",1,2)&MID(B96,2,3),"000")&TEXT(C96,"00")) | B96: c461 | C96: 11 | D96: a | E96: 14610102 | F96: Aurora | G96: Base | H96: 아우로라 | J96: c461_01_F | K96: c461_01_L | L96: c461_01_Desc | M96: c461_01_CV | N96: c461_01_ci_F | O96: CharacterIcon | P96: c461_01_p | Q96: CharacterPortrait | R96: Promotion_c461_01_p | S96: CharacterPromotion | T96: =B96&"_"&D96&"_SkeletonData.asset" | U96: c461_01_a | V96: Naninovel/Characters/c461_01 | W96: Normal | X96: 1534281 | Y96: Active | Z96: 2534281 | AA96: Ultimate | AB96: 3534281 | AC96: Passive | AD96: 4534281
A97: =INT(TEXT(IF(LEFT(B97,1)="c",1,2)&MID(B97,2,3),"000")&TEXT(C97,"00")) | B97: c283 | C97: 11 | D97: a | E97: 12830102 | F97: Morgan | G97: Base | H97: 모건 | J97: c283_01_F | K97: c283_01_L | L97: c283_01_Desc | M97: c283_01_CV | N97: c283_01_ci_F | O97: CharacterIcon | P97: c283_01_p | Q97: CharacterPortrait | R97: Promotion_c283_01_p | S97: CharacterPromotion | T97: =B97&"_"&D97&"_SkeletonData.asset" | U97: c283_01_a | V97: Naninovel/Characters/c283_01 | W97: Normal | X97: 1511291 | Y97: Active | Z97: 2511291 | AA97: Ultimate | AB97: 3511291 | AC97: Passive | AD97: 4511291
A98: =INT(TEXT(IF(LEFT(B98,1)="c",1,2)&MID(B98,2,3),"000")&TEXT(C98,"00")) | B98: c400 | C98: 11 | D98: a | E98: 14000102 | F98: Banshee | G98: Base | H98: 반시 | J98: c400_01_F | K98: c400_01_L | L98: c400_01_Desc | M98: c400_01_CV | N98: c400_01_ci_F | O98: CharacterIcon | P98: c400_01_p | Q98: CharacterPortrait | R98: Promotion_c400_01_p | S98: CharacterPromotion | T98: =B98&"_"&D98&"_SkeletonData.asset" | U98: c400_01_a | V98: Naninovel/Characters/c400_01 | W98: Normal | X98: 1551301 | Y98: Active | Z98: 2551301 | AA98: Ultimate | AB98: 3551301 | AC98: Passive | AD98: 4551301
A99: =INT(TEXT(IF(LEFT(B99,1)="c",1,2)&MID(B99,2,3),"000")&TEXT(C99,"00")) | B99: c447 | C99: 11 | D99: a | E99: 14470102 | F99: Miriam | G99: Base | H99: 미리암 | J99: c447_01_F | K99: c447_01_L | L99: c447_01_Desc | M99: c447_01_CV | N99: c447_01_ci_F | O99: CharacterIcon | P99: c447_01_p | Q99: CharacterPortrait | R99: Promotion_c447_01_p | S99: CharacterPromotion | T99: =B99&"_"&D99&"_SkeletonData.asset" | U99: c447_01_a | V99: Naninovel/Characters/c447_01 | W99: Normal | X99: 1531311 | Y99: Active | Z99: 2531311 | AA99: Ultimate | AB99: 3531311 | AC99: Passive | AD99: 4531311
A100: =INT(TEXT(IF(LEFT(B100,1)="c",1,2)&MID(B100,2,3),"000")&TEXT(C100,"00")) | B100: c462 | C100: 11 | D100: a | E100: 14620102 | F100: Theresa | G100: Base | H100: 데레사 | J100: c462_01_F | K100: c462_01_L | L100: c462_01_Desc | M100: c462_01_CV | N100: c462_01_ci_F | O100: CharacterIcon | P100: c462_01_p | Q100: CharacterPortrait | R100: Promotion_c462_01_p | S100: CharacterPromotion | T100: =B100&"_"&D100&"_SkeletonData.asset" | U100: c462_01_a | V100: Naninovel/Characters/c462_01 | W100: Normal | X100: 1512321 | Y100: Active | Z100: 2512321 | AA100: Ultimate | AB100: 3512321 | AC100: Passive | AD100: 4512321
A101: =INT(TEXT(IF(LEFT(B101,1)="c",1,2)&MID(B101,2,3),"000")&TEXT(C101,"00")) | B101: c281 | C101: 11 | D101: a | E101: 14620102 | F101: Thisbe | G101: Base | H101: 티스베 | J101: c281_01_F | K101: c281_01_L | L101: c281_01_Desc | M101: c281_01_CV | N101: c281_01_ci_F | O101: CharacterIcon | P101: c281_01_p | Q101: CharacterPortrait | R101: Promotion_c281_01_p | S101: CharacterPromotion | T101: =B101&"_"&D101&"_SkeletonData.asset" | U101: c281_01_a | V101: Naninovel/Characters/c281_01 | W101: Normal | X101: 1524331 | Y101: Active | Z101: 2524331 | AA101: Ultimate | AB101: 3524331 | AC101: Passive | AD101: 4524331
A102: =INT(TEXT(IF(LEFT(B102,1)="c",1,2)&MID(B102,2,3),"000")&TEXT(C102,"00")) | B102: c514 | C102: 11 | D102: a | E102: 14620102 | F102: Duetsha | G102: Base | H102: 두엣샤 | J102: c514_01_F | K102: c514_01_L | L102: c514_01_Desc | M102: c514_01_CV | N102: c514_01_ci_F | O102: CharacterIcon | P102: c514_01_p | Q102: CharacterPortrait | R102: Promotion_c514_01_p | S102: CharacterPromotion | T102: =B102&"_"&D102&"_SkeletonData.asset" | U102: c514_01_a | V102: Naninovel/Characters/c514_01 | W102: Normal | X102: 1451341 | Y102: Active | Z102: 2451341 | AA102: Ultimate | AB102: 3451341 | AC102: Passive | AD102: 4451341

Sheet Timeline
A1: Id | B1: #캐릭터 | C1: #SkillType | D1: #Name | E1: Front | F1: Back | G1: CutIn
A4: 1511031 | C4: {=_xlfn.IFS(INT(LEFT(A4,1))=1,"Normal", INT(LEFT(A4,1))=2,"Active", INT(LEFT(A4,1))=3,"Ultimate", INT(LEFT(A4,1))=4,"Passive")} | D4: c003_a | E4: =IF(C4="Passive","NULL",$D4&"/"&LOWER($D4&"_"&$C4&"_front.prefab")) | F4: =IF(C4="Passive","NULL",$D4&"/"&LOWER($D4&"_"&$C4&"_Back.prefab")) | G4: NULL
A5: 2511031 | C5: {=_xlfn.IFS(INT(LEFT(A5,1))=1,"Normal", INT(LEFT(A5,1))=2,"Active", INT(LEFT(A5,1))=3,"Ultimate", INT(LEFT(A5,1))=4,"Passive")} | D5: c003_a | E5: =IF(C5="Passive","NULL",$D5&"/"&LOWER($D5&"_"&$C5&"_front.prefab")) | F5: =IF(C5="Passive","NULL",$D5&"/"&LOWER($D5&"_"&$C5&"_Back.prefab")) | G5: NULL
A6: 3511031 | C6: {=_xlfn.IFS(INT(LEFT(A6,1))=1,"Normal", INT(LEFT(A6,1))=2,"Active", INT(LEFT(A6,1))=3,"Ultimate", INT(LEFT(A6,1))=4,"Passive")} | D6: c003_a | E6: =IF(C6="Passive","NULL",$D6&"/"&LOWER($D6&"_"&$C6&"_front.prefab")) | F6: =IF(C6="Passive","NULL",$D6&"/"&LOWER($D6&"_"&$C6&"_Back.prefab")) | G6: NULL
A7: 4511031 | C7: {=_xlfn.IFS(INT(LEFT(A7,1))=1,"Normal", INT(LEFT(A7,1))=2,"Active", INT(LEFT(A7,1))=3,"Ultimate", INT(LEFT(A7,1))=4,"Passive")} | D7: c003_a | E7: =IF(C7="Passive","NULL",$D7&"/"&LOWER($D7&"_"&$C7&"_front.prefab")) | F7: =IF(C7="Passive","NULL",$D7&"/"&LOWER($D7&"_"&$C7&"_Back.prefab")) | G7: NULL
A8: 1532071 | C8: {=_xlfn.IFS(INT(LEFT(A8,1))=1,"Normal", INT(LEFT(A8,1))=2,"Active", INT(LEFT(A8,1))=3,"Ultimate", INT(LEFT(A8,1))=4,"Passive")} | D8: c180_a | E8: =IF(C8="Passive","NULL",$D8&"/"&LOWER($D8&"_"&$C8&"_front.prefab")) | F8: =IF(C8="Passive","NULL",$D8&"/"&LOWER($D8&"_"&$C8&"_Back.prefab")) | G8: NULL
A9: 2532071 | C9: {=_xlfn.IFS(INT(LEFT(A9,1))=1,"Normal", INT(LEFT(A9,1))=2,"Active", INT(LEFT(A9,1))=3,"Ultimate", INT(LEFT(A9,1))=4,"Passive")} | D9: c180_a | E9: =IF(C9="Passive","NULL",$D9&"/"&LOWER($D9&"_"&$C9&"_front.prefab")) | F9: =IF(C9="Passive","NULL",$D9&"/"&LOWER($D9&"_"&$C9&"_Back.prefab")) | G9: NULL
A10: 3532071 | C10: {=_xlfn.IFS(INT(LEFT(A10,1))=1,"Normal", INT(LEFT(A10,1))=2,"Active", INT(LEFT(A10,1))=3,"Ultimate", INT(LEFT(A10,1))=4,"Passive")} | D10: c180_a | E10: =IF(C10="Passive","NULL",$D10&"/"&LOWER($D10&"_"&$C10&"_front.prefab")) | F10: =IF(C10="Passive","NULL",$D10&"/"&LOWER($D10&"_"&$C10&"_Back.prefab")) | G10: NULL
A11: 4532071 | C11: {=_xlfn.IFS(INT(LEFT(A11,1))=1,"Normal", INT(LEFT(A11,1))=2,"Active", INT(LEFT(A11,1))=3,"Ultimate", INT(LEFT(A11,1))=4,"Passive")} | D11: c180_a | E11: =IF(C11="Passive","NULL",$D11&"/"&LOWER($D11&"_"&$C11&"_front.prefab")) | F11: =IF(C11="Passive","NULL",$D11&"/"&LOWER($D11&"_"&$C11&"_Back.prefab")) | G11: NULL
A12: 1534061 | C12: {=_xlfn.IFS(INT(LEFT(A12,1))=1,"Normal", INT(LEFT(A12,1))=2,"Active", INT(LEFT(A12,1))=3,"Ultimate", INT(LEFT(A12,1))=4,"Passive")} | D12: c229_a | E12: =IF(C12="Passive","NULL",$D12&"/"&LOWER($D12&"_"&$C12&"_front.prefab")) | F12: =IF(C12="Passive","NULL",$D12&"/"&LOWER($D12&"_"&$C12&"_Back.prefab")) | G12: NULL
A13: 2534061 | C13: {=_xlfn.IFS(INT(LEFT(A13,1))=1,"Normal", INT(LEFT(A13,1))=2,"Active", INT(LEFT(A13,1))=3,"Ultimate", INT(LEFT(A13,1))=4,"Passive")} | D13: c229_a | E13: =IF(C13="Passive","NULL",$D13&"/"&LOWER($D13&"_"&$C13&"_front.prefab")) | F13: =IF(C13="Passive","NULL",$D13&"/"&LOWER($D13&"_"&$C13&"_Back.prefab")) | G13: NULL
A14: 3534061 | C14: {=_xlfn.IFS(INT(LEFT(A14,1))=1,"Normal", INT(LEFT(A14,1))=2,"Active", INT(LEFT(A14,1))=3,"Ultimate", INT(LEFT(A14,1))=4,"Passive")} | D14: c229_a | E14: =IF(C14="Passive","NULL",$D14&"/"&LOWER($D14&"_"&$C14&"_front.prefab")) | F14: =IF(C14="Passive","NULL",$D14&"/"&LOWER($D14&"_"&$C14&"_Back.prefab")) | G14: NULL
A15: 4534061 | C15: {=_xlfn.IFS(INT(LEFT(A15,1))=1,"Normal", INT(LEFT(A15,1))=2,"Active", INT(LEFT(A15,1))=3,"Ultimate", INT(LEFT(A15,1))=4,"Passive")} | D15: c229_a | E15: =IF(C15="Passive","NULL",$D15&"/"&LOWER($D15&"_"&$C15&"_front.prefab")) | F15: =IF(C15="Passive","NULL",$D15&"/"&LOWER($D15&"_"&$C15&"_Back.prefab")) | G15: NULL
... A38: 1852011 | C38: {=_xlfn.IFS(INT(LEFT(A38,1))=1,"Normal", INT(LEFT(A38,1))=2,"Active", INT(LEFT(A38,1))=3,"Ultimate", INT(LEFT(A38,1))=4,"Passive")} | D38: m155_05_a | E38: =IF(C38="Passive","NULL",$D38&"/"&LOWER($D38&"_"&$C38&"_front.prefab")) | F38: =IF(C38="Passive","NULL",$D38&"/"&LOWER($D38&"_"&$C38&"_Back.prefab")) | G38: NULL
A39: 2812011 | C39: Active | D39: m155_01_a | E39: =IF(C39="Passive","NULL",$D39&"/"&LOWER($D39&"_"&$C39&"_front.prefab")) | F39: =IF(C39="Passive","NULL",$D39&"/"&LOWER($D39&"_"&$C39&"_Back.prefab")) | G39: NULL
A40: 2822011 | C40: Active | D40: m155_02_a | E40: =IF(C40="Passive","NULL",$D40&"/"&LOWER($D40&"_"&$C40&"_front.prefab")) | F40: =IF(C40="Passive","NULL",$D40&"/"&LOWER($D40&"_"&$C40&"_Back.prefab")) | G40: NULL
A41: 2832011 | C41: Active | D41: m155_03_a | E41: =IF(C41="Passive","NULL",$D41&"/"&LOWER($D41&"_"&$C41&"_front.prefab")) | F41: =IF(C41="Passive","NULL",$D41&"/"&LOWER($D41&"_"&$C41&"_Back.prefab")) | G41: NULL
A42: 2842011 | C42: Active | D42: m155_04_a | E42: =IF(C42="Passive","NULL",$D42&"/"&LOWER($D42&"_"&$C42&"_front.prefab")) | F42: =IF(C42="Passive","NULL",$D42&"/"&LOWER($D42&"_"&$C42&"_Back.prefab")) | G42: NULL
A43: 2852011 | C43: Active | D43: m155_05_a | E43: =IF(C43="Passive","NULL",$D43&"/"&LOWER($D43&"_"&$C43&"_front.prefab")) | F43: =IF(C43="Passive","NULL",$D43&"/"&LOWER($D43&"_"&$C43&"_Back.prefab")) | G43: NULL
A44: 1811031 | C44: {=_xlfn.IFS(INT(LEFT(A44,1))=1,"Normal", INT(LEFT(A44,1))=2,"Active", INT(LEFT(A44,1))=3,"Ultimate", INT(LEFT(A44,1))=4,"Passive")} | D44: m258_01_a | E44: =IF(C44="Passive","NULL",$D44&"/"&LOWER($D44&"_"&$C44&"_front.prefab")) | F44: =IF(C44="Passive","NULL",$D44&"/"&LOWER($D44&"_"&$C44&"_Back.prefab")) | G44: NULL
A45: 1821031 | C45: {=_xlfn.IFS(INT(LEFT(A45,1))=1,"Normal", INT(LEFT(A45,1))=2,"Active", INT(LEFT(A45,1))=3,"Ultimate", INT(LEFT(A45,1))=4,"Passive")} | D45: m258_02_a | E45: =IF(C45="Passive","NULL",$D45&"/"&LOWER($D45&"_"&$C45&"_front.prefab")) | F45: =IF(C45="Passive","NULL",$D45&"/"&LOWER($D45&"_"&$C45&"_Back.prefab")) | G45: NULL
A46: 1831031 | C46: {=_xlfn.IFS(INT(LEFT(A46,1))=1,"Normal", INT(LEFT(A46,1))=2,"Active", INT(LEFT(A46,1))=3,"Ultimate", INT(LEFT(A46,1))=4,"Passive")} | D46: m258_03_a | E46: =IF(C46="Passive","NULL",$D46&"/"&LOWER($D46&"_"&$C46&"_front.prefab")) | F46: =IF(C46="Passive","NULL",$D46&"/"&LOWER($D46&"_"&$C46&"_Back.prefab")) | G46: NULL
A47: 1841031 | C47: {=_xlfn.IFS(INT(LEFT(A47,1))=1,"Normal", INT(LEFT(A47,1))=2,"Active", INT(LEFT(A47,1))=3,"Ultimate", INT(LEFT(A47,1))=4,"Passive")} | D47: m258_04_a | E47: =IF(C47="Passive","NULL",$D47&"/"&LOWER($D47&"_"&$C47&"_front.prefab")) | F47: =IF(C47="Passive","NULL",$D47&"/"&LOWER($D47&"_"&$C47&"_Back.prefab")) | G47: NULL
A48: 1851031 | C48: {=_xlfn.IFS(INT(LEFT(A48,1))=1,"Normal", INT(LEFT(A48,1))=2,"Active", INT(LEFT(A48,1))=3,"Ultimate", INT(LEFT(A48,1))=4,"Passive")} | D48: m258_05_a | E48: =IF(C48="Passive","NULL",$D48&"/"&LOWER($D48&"_"&$C48&"_front.prefab")) | F48: =IF(C48="Passive","NULL",$D48&"/"&LOWER($D48&"_"&$C48&"_Back.prefab")) | G48: NULL
A49: 2811031 | C49: {=_xlfn.IFS(INT(LEFT(A49,1))=1,"Normal", INT(LEFT(A49,1))=2,"Active", INT(LEFT(A49,1))=3,"Ultimate", INT(LEFT(A49,1))=4,"Passive")} | D49: m258_01_a | E49: =IF(C49="Passive","NULL",$D49&"/"&LOWER($D49&"_"&$C49&"_front.prefab")) | F49: =IF(C49="Passive","NULL",$D49&"/"&LOWER($D49&"_"&$C49&"_Back.prefab")) | G49: NULL
A50: 2821031 | C50: {=_xlfn.IFS(INT(LEFT(A50,1))=1,"Normal", INT(LEFT(A50,1))=2,"Active", INT(LEFT(A50,1))=3,"Ultimate", INT(LEFT(A50,1))=4,"Passive")} | D50: m258_02_a | E50: =IF(C50="Passive","NULL",$D50&"/"&LOWER($D50&"_"&$C50&"_front.prefab")) | F50: =IF(C50="Passive","NULL",$D50&"/"&LOWER($D50&"_"&$C50&"_Back.prefab")) | G50: NULL
A51: 2831031 | C51: {=_xlfn.IFS(INT(LEFT(A51,1))=1,"Normal", INT(LEFT(A51,1))=2,"Active", INT(LEFT(A51,1))=3,"Ultimate", INT(LEFT(A51,1))=4,"Passive")} | D51: m258_03_a | E51: =IF(C51="Passive","NULL",$D51&"/"&LOWER($D51&"_"&$C51&"_front.prefab")) | F51: =IF(C51="Passive","NULL",$D51&"/"&LOWER($D51&"_"&$C51&"_Back.prefab")) | G51: NULL
A52: 2841031 | C52: {=_xlfn.IFS(INT(LEFT(A52,1))=1,"Normal", INT(LEFT(A52,1))=2,"Active", INT(LEFT(A52,1))=3,"Ultimate", INT(LEFT(A52,1))=4,"Passive")} | D52: m258_04_a | E52: =IF(C52="Passive","NULL",$D52&"/"&LOWER($D52&"_"&$C52&"_front.prefab")) | F52: =IF(C52="Passive","NULL",$D52&"/"&LOWER($D52&"_"&$C52&"_Back.prefab")) | G52: NULL
A53: 2851031 | C53: {=_xlfn.IFS(INT(LEFT(A53,1))=1,"Normal", INT(LEFT(A53,1))=2,"Active", INT(LEFT(A53,1))=3,"Ultimate", INT(LEFT(A53,1))=4,"Passive")} | D53: m258_05_a | E53: =IF(C53="Passive","NULL",$D53&"/"&LOWER($D53&"_"&$C53&"_front.prefab")) | F53: =IF(C53="Passive","NULL",$D53&"/"&LOWER($D53&"_"&$C53&"_Back.prefab")) | G53: NULL
A54: 3811031 | C54: {=_xlfn.IFS(INT(LEFT(A54,1))=1,"Normal", INT(LEFT(A54,1))=2,"Active", INT(LEFT(A54,1))=3,"Ultimate", INT(LEFT(A54,1))=4,"Passive")} | D54: m258_01_a | E54: =IF(C54="Passive","NULL",$D54&"/"&LOWER($D54&"_"&$C54&"_front.prefab")) | F54: =IF(C54="Passive","NULL",$D54&"/"&LOWER($D54&"_"&$C54&"_Back.prefab")) | G54: NULL
A55: 3821031 | C55: {=_xlfn.IFS(INT(LEFT(A55,1))=1,"Normal", INT(LEFT(A55,1))=2,"Active", INT(LEFT(A55,1))=3,"Ultimate", INT(LEFT(A55,1))=4,"Passive")} | D55: m258_02_a | E55: =IF(C55="Passive","NULL",$D55&"/"&LOWER($D55&"_"&$C55&"_front.prefab")) | F55: =IF(C55="Passive","NULL",$D55&"/"&LOWER($D55&"_"&$C55&"_Back.prefab")) | G55: NULL
... A77: 1842061 | C77: {=_xlfn.IFS(INT(LEFT(A77,1))=1,"Normal", INT(LEFT(A77,1))=2,"Active", INT(LEFT(A77,1))=3,"Ultimate", INT(LEFT(A77,1))=4,"Passive")} | D77: m189_a | E77: =IF(C77="Passive","NULL",$D77&"/"&LOWER($D77&"_"&$C77&"_front.prefab")) | F77: =IF(C77="Passive","NULL",$D77&"/"&LOWER($D77&"_"&$C77&"_Back.prefab")) | G77: NULL
A78: 2842061 | C78: Active | D78: m189_a | E78: =IF(C78="Passive","NULL",$D78&"/"&LOWER($D78&"_"&$C78&"_front.prefab")) | F78: =IF(C78="Passive","NULL",$D78&"/"&LOWER($D78&"_"&$C78&"_Back.prefab")) | G78: NULL
A79: 3842061 | C79: {=_xlfn.IFS(INT(LEFT(A79,1))=1,"Normal", INT(LEFT(A79,1))=2,"Active", INT(LEFT(A79,1))=3,"Ultimate", INT(LEFT(A79,1))=4,"Passive")} | D79: m189_a | E79: =IF(C79="Passive","NULL",$D79&"/"&LOWER($D79&"_"&$C79&"_front.prefab")) | F79: =IF(C79="Passive","NULL",$D79&"/"&LOWER($D79&"_"&$C79&"_Back.prefab")) | G79: NULL
A80: 1811041 | C80: {=_xlfn.IFS(INT(LEFT(A80,1))=1,"Normal", INT(LEFT(A80,1))=2,"Active", INT(LEFT(A80,1))=3,"Ultimate", INT(LEFT(A80,1))=4,"Passive")} | D80: m073_01_a | E80: =IF(C80="Passive","NULL",$D80&"/"&LOWER($D80&"_"&$C80&"_front.prefab")) | F80: =IF(C80="Passive","NULL",$D80&"/"&LOWER($D80&"_"&$C80&"_Back.prefab")) | G80: NULL
A81: 3811041 | C81: {=_xlfn.IFS(INT(LEFT(A81,1))=1,"Normal", INT(LEFT(A81,1))=2,"Active", INT(LEFT(A81,1))=3,"Ultimate", INT(LEFT(A81,1))=4,"Passive")} | D81: m073_01_a | E81: =IF(C81="Passive","NULL",$D81&"/"&LOWER($D81&"_"&$C81&"_front.prefab")) | F81: =IF(C81="Passive","NULL",$D81&"/"&LOWER($D81&"_"&$C81&"_Back.prefab")) | G81: NULL
A82: 1821041 | C82: {=_xlfn.IFS(INT(LEFT(A82,1))=1,"Normal", INT(LEFT(A82,1))=2,"Active", INT(LEFT(A82,1))=3,"Ultimate", INT(LEFT(A82,1))=4,"Passive")} | D82: m073_02_a | E82: =IF(C82="Passive","NULL",$D82&"/"&LOWER($D82&"_"&$C82&"_front.prefab")) | F82: =IF(C82="Passive","NULL",$D82&"/"&LOWER($D82&"_"&$C82&"_Back.prefab")) | G82: NULL
A83: 3821041 | C83: {=_xlfn.IFS(INT(LEFT(A83,1))=1,"Normal", INT(LEFT(A83,1))=2,"Active", INT(LEFT(A83,1))=3,"Ultimate", INT(LEFT(A83,1))=4,"Passive")} | D83: m073_02_a | E83: =IF(C83="Passive","NULL",$D83&"/"&LOWER($D83&"_"&$C83&"_front.prefab")) | F83: =IF(C83="Passive","NULL",$D83&"/"&LOWER($D83&"_"&$C83&"_Back.prefab")) | G83: NULL
A84: 1831041 | C84: {=_xlfn.IFS(INT(LEFT(A84,1))=1,"Normal", INT(LEFT(A84,1))=2,"Active", INT(LEFT(A84,1))=3,"Ultimate", INT(LEFT(A84,1))=4,"Passive")} | D84: m073_03_a | E84: =IF(C84="Passive","NULL",$D84&"/"&LOWER($D84&"_"&$C84&"_front.prefab")) | F84: =IF(C84="Passive","NULL",$D84&"/"&LOWER($D84&"_"&$C84&"_Back.prefab")) | G84: NULL
A85: 3831041 | C85: {=_xlfn.IFS(INT(LEFT(A85,1))=1,"Normal", INT(LEFT(A85,1))=2,"Active", INT(LEFT(A85,1))=3,"Ultimate", INT(LEFT(A85,1))=4,"Passive")} | D85: m073_03_a | E85: =IF(C85="Passive","NULL",$D85&"/"&LOWER($D85&"_"&$C85&"_front.prefab")) | F85: =IF(C85="Passive","NULL",$D85&"/"&LOWER($D85&"_"&$C85&"_Back.prefab")) | G85: NULL
A86: 1841041 | C86: {=_xlfn.IFS(INT(LEFT(A86,1))=1,"Normal", INT(LEFT(A86,1))=2,"Active", INT(LEFT(A86,1))=3,"Ultimate", INT(LEFT(A86,1))=4,"Passive")} | D86: m073_04_a | E86: =IF(C86="Passive","NULL",$D86&"/"&LOWER($D86&"_"&$C86&"_front.prefab")) | F86: =IF(C86="Passive","NULL",$D86&"/"&LOWER($D86&"_"&$C86&"_Back.prefab")) | G86: NULL
A87: 3841041 | C87: {=_xlfn.IFS(INT(LEFT(A87,1))=1,"Normal", INT(LEFT(A87,1))=2,"Active", INT(LEFT(A87,1))=3,"Ultimate", INT(LEFT(A87,1))=4,"Passive")} | D87: m073_04_a | E87: =IF(C87="Passive","NULL",$D87&"/"&LOWER($D87&"_"&$C87&"_front.prefab")) | F87: =IF(C87="Passive","NULL",$D87&"/"&LOWER($D87&"_"&$C87&"_Back.prefab")) | G87: NULL
A88: 1851041 | C88: {=_xlfn.IFS(INT(LEFT(A88,1))=1,"Normal", INT(LEFT(A88,1))=2,"Active", INT(LEFT(A88,1))=3,"Ultimate", INT(LEFT(A88,1))=4,"Passive")} | D88: m073_05_a | E88: =IF(C88="Passive","NULL",$D88&"/"&LOWER($D88&"_"&$C88&"_front.prefab")) | F88: =IF(C88="Passive","NULL",$D88&"/"&LOWER($D88&"_"&$C88&"_Back.prefab")) | G88: NULL
A89: 3851041 | C89: {=_xlfn.IFS(INT(LEFT(A89,1))=1,"Normal", INT(LEFT(A89,1))=2,"Active", INT(LEFT(A89,1))=3,"Ultimate", INT(LEFT(A89,1))=4,"Passive")} | D89: m073_05_a | E89: =IF(C89="Passive","NULL",$D89&"/"&LOWER($D89&"_"&$C89&"_front.prefab")) | F89: =IF(C89="Passive","NULL",$D89&"/"&LOWER($D89&"_"&$C89&"_Back.prefab")) | G89: NULL
A90: 1942031 | C90: {=_xlfn.IFS(INT(LEFT(A90,1))=1,"Normal", INT(LEFT(A90,1))=2,"Active", INT(LEFT(A90,1))=3,"Ultimate", INT(LEFT(A90,1))=4,"Passive")} | D90: m051_a | E90: =IF(C90="Passive","NULL",$D90&"/"&LOWER($D90&"_"&$C90&"_front.prefab")) | F90: =IF(C90="Passive","NULL",$D90&"/"&LOWER($D90&"_"&$C90&"_Back.prefab")) | G90: NULL
... A112: 4325111 | C112: {=_xlfn.IFS(INT(LEFT(A112,1))=1,"Normal", INT(LEFT(A112,1))=2,"Active", INT(LEFT(A112,1))=3,"Ultimate", INT(LEFT(A112,1))=4,"Passive")} | D112: c002_a | E112: =IF(C112="Passive","NULL",$D112&"/"&LOWER($D112&"_"&$C112&"_front.prefab")) | F112: =IF(C112="Passive","NULL",$D112&"/"&LOWER($D112&"_"&$C112&"_Back.prefab")) | G112: NULL
A113: 1313121 | C113: Normal | D113: c417_a | E113: =IF(C113="Passive","NULL",$D113&"/"&LOWER($D113&"_"&$C113&"_front.prefab")) | F113: =IF(C113="Passive","NULL",$D113&"/"&LOWER($D113&"_"&$C113&"_Back.prefab")) | G113: NULL
A114: 2313121 | C114: Active | D114: c417_a | E114: =IF(C114="Passive","NULL",$D114&"/"&LOWER($D114&"_"&$C114&"_front.prefab")) | F114: =IF(C114="Passive","NULL",$D114&"/"&LOWER($D114&"_"&$C114&"_Back.prefab")) | G114: NULL
A115: 3313121 | C115: Ultimate | D115: c417_a | E115: =IF(C115="Passive","NULL",$D115&"/"&LOWER($D115&"_"&$C115&"_front.prefab")) | F115: =IF(C115="Passive","NULL",$D115&"/"&LOWER($D115&"_"&$C115&"_Back.prefab")) | G115: NULL
A116: 4313121 | C116: Passive | D116: c417_a | E116: =IF(C116="Passive","NULL",$D116&"/"&LOWER($D116&"_"&$C116&"_front.prefab")) | F116: =IF(C116="Passive","NULL",$D116&"/"&LOWER($D116&"_"&$C116&"_Back.prefab")) | G116: NULL
A117: 2811041 | C117: Active | D117: m073_01_a | E117: =IF(C117="Passive","NULL",$D117&"/"&LOWER($D117&"_"&$C117&"_front.prefab")) | F117: =IF(C117="Passive","NULL",$D117&"/"&LOWER($D117&"_"&$C117&"_Back.prefab")) | G117: NULL
A118: 2821041 | C118: Active | D118: m073_02_a | E118: =IF(C118="Passive","NULL",$D118&"/"&LOWER($D118&"_"&$C118&"_front.prefab")) | F118: =IF(C118="Passive","NULL",$D118&"/"&LOWER($D118&"_"&$C118&"_Back.prefab")) | G118: NULL
A119: 2831041 | C119: Active | D119: m073_03_a | E119: =IF(C119="Passive","NULL",$D119&"/"&LOWER($D119&"_"&$C119&"_front.prefab")) | F119: =IF(C119="Passive","NULL",$D119&"/"&LOWER($D119&"_"&$C119&"_Back.prefab")) | G119: NULL
A120: 2841041 | C120: Active | D120: m073_04_a | E120: =IF(C120="Passive","NULL",$D120&"/"&LOWER($D120&"_"&$C120&"_front.prefab")) | F120: =IF(C120="Passive","NULL",$D120&"/"&LOWER($D120&"_"&$C120&"_Back.prefab")) | G120: NULL
A121: 2851041 | C121: Active | D121: m073_05_a | E121: =IF(C121="Passive","NULL",$D121&"/"&LOWER($D121&"_"&$C121&"_front.prefab")) | F121: =IF(C121="Passive","NULL",$D121&"/"&LOWER($D121&"_"&$C121&"_Back.prefab")) | G121: NULL
A122: 1351161 | C122: Normal | D122: c432_a | E122: =IF(C122="Passive","NULL",$D122&"/"&LOWER($D122&"_"&$C122&"_front.prefab")) | F122: =IF(C122="Passive","NULL",$D122&"/"&LOWER($D122&"_"&$C122&"_Back.prefab")) | G122: NULL
A123: 2351161 | C123: Active | D123: c432_a | E123: =IF(C123="Passive","NULL",$D123&"/"&LOWER($D123&"_"&$C123&"_front.prefab")) | F123: =IF(C123="Passive","NULL",$D123&"/"&LOWER($D123&"_"&$C123&"_Back.prefab")) | G123: NULL
A124: 3351161 | C124: Ultimate | D124: c432_a | E124: =IF(C124="Passive","NULL",$D124&"/"&LOWER($D124&"_"&$C124&"_front.prefab")) | F124: =IF(C124="Passive","NULL",$D124&"/"&LOWER($D124&"_"&$C124&"_Back.prefab")) | G124: NULL
... A205: 4531311 | C205: Passive | D205: c447_a | E205: =IF(C205="Passive","NULL",$D205&"/"&LOWER($D205&"_"&$C205&"_front.prefab")) | F205: =IF(C205="Passive","NULL",$D205&"/"&LOWER($D205&"_"&$C205&"_Back.prefab")) | G205: NULL
A206: 1512321 | B206: 데레사 | C206: Normal | D206: c462_a | E206: =IF(C206="Passive","NULL",$D206&"/"&LOWER($D206&"_"&$C206&"_front.prefab")) | F206: =IF(C206="Passive","NULL",$D206&"/"&LOWER($D206&"_"&$C206&"_Back.prefab")) | G206: NULL
A207: 2512321 | B207: 데레사 | C207: Active | D207: c462_a | E207: =IF(C207="Passive","NULL",$D207&"/"&LOWER($D207&"_"&$C207&"_front.prefab")) | F207: =IF(C207="Passive","NULL",$D207&"/"&LOWER($D207&"_"&$C207&"_Back.prefab")) | G207: NULL
A208: 3512321 | B208: 데레사 | C208: Ultimate | D208: c462_a | E208: =IF(C208="Passive","NULL",$D208&"/"&LOWER($D208&"_"&$C208&"_front.prefab")) | F208: =IF(C208="Passive","NULL",$D208&"/"&LOWER($D208&"_"&$C208&"_Back.prefab")) | G208: NULL
A209: 4512321 | B209: 데레사 | C209: Passive | D209: c462_a | E209: =IF(C209="Passive","NULL",$D209&"/"&LOWER($D209&"_"&$C209&"_front.prefab")) | F209: =IF(C209="Passive","NULL",$D209&"/"&LOWER($D209&"_"&$C209&"_Back.prefab")) | G209: NULL
A210: 1524331 | B210: 티스베 | C210: Normal | D210: c281_a | E210: =IF(C210="Passive","NULL",$D210&"/"&LOWER($D210&"_"&$C210&"_front.prefab")) | F210: =IF(C210="Passive","NULL",$D210&"/"&LOWER($D210&"_"&$C210&"_Back.prefab")) | G210: NULL
A211: 2524331 | B211: 티스베 | C211: Active | D211: c281_a | E211: =IF(C211="Passive","NULL",$D211&"/"&LOWER($D211&"_"&$C211&"_front.prefab")) | F211: =IF(C211="Passive","NULL",$D211&"/"&LOWER($D211&"_"&$C211&"_Back.prefab")) | G211: NULL
A212: 3524331 | B212: 티스베 | C212: Ultimate | D212: c281_a | E212: =IF(C212="Passive","NULL",$D212&"/"&LOWER($D212&"_"&$C212&"_front.prefab")) | F212: =IF(C212="Passive","NULL",$D212&"/"&LOWER($D212&"_"&$C212&"_Back.prefab")) | G212: NULL
A213: 4524331 | B213: 티스베 | C213: Passive | D213: c281_a | E213: =IF(C213="Passive","NULL",$D213&"/"&LOWER($D213&"_"&$C213&"_front.prefab")) | F213: =IF(C213="Passive","NULL",$D213&"/"&LOWER($D213&"_"&$C213&"_Back.prefab")) | G213: NULL
A214: 1451341 | B214: 두엣샤 | C214: Normal | D214: c514_a | E214: =IF(C214="Passive","NULL",$D214&"/"&LOWER($D214&"_"&$C214&"_front.prefab")) | F214: =IF(C214="Passive","NULL",$D214&"/"&LOWER($D214&"_"&$C214&"_Back.prefab")) | G214: NULL
A215: 2451341 | B215: 두엣샤 | C215: Active | D215: c514_a | E215: =IF(C215="Passive","NULL",$D215&"/"&LOWER($D215&"_"&$C215&"_front.prefab")) | F215: =IF(C215="Passive","NULL",$D215&"/"&LOWER($D215&"_"&$C215&"_Back.prefab")) | G215: NULL
A216: 3451341 | B216: 두엣샤 | C216: Ultimate | D216: c514_a | E216: =IF(C216="Passive","NULL",$D216&"/"&LOWER($D216&"_"&$C216&"_front.prefab")) | F216: =IF(C216="Passive","NULL",$D216&"/"&LOWER($D216&"_"&$C216&"_Back.prefab")) | G216: NULL
A217: 4451341 | B217: 두엣샤 | C217: Passive | D217: c514_a | E217: =IF(C217="Passive","NULL",$D217&"/"&LOWER($D217&"_"&$C217&"_front.prefab")) | F217: =IF(C217="Passive","NULL",$D217&"/"&LOWER($D217&"_"&$C217&"_Back.prefab")) | G217: NULL

Sheet Level
A1: Id | B1: Group | C1: Level | D1: StatParam | E1: StatValue | F1: StatParam | G1: StatValue | H1: StatParam | I1: StatValue
E2: 1.45 | G2: 1.45 | I2: 1.45
E3: 1 | G3: 8 | I3: 1
A4: =B4&TEXT(C4,"0000") | B4: 101 | C4: 1 | D4: HpRatio | E4: 0 | F4: AtkRatio | G4: 0 | H4: DefRatio | I4: 0
A5: =B5&TEXT(C5,"0000") | B5: 101 | C5: 2 | D5: HpRatio | E5: 3500 | F5: AtkRatio | G5: 3500 | H5: DefRatio | I5: 3500
A6: =B6&TEXT(C6,"0000") | B6: 101 | C6: 3 | D6: HpRatio | E6: =ROUND(E$5*($C5^E$2*E$3), 0) | F6: AtkRatio | G6: =ROUND(G$5*($C5^$E$2*$E$3), 0) | H6: DefRatio | I6: =ROUND(I$5*($C5^$I$2*$I$3), 0)
A7: =B7&TEXT(C7,"0000") | B7: 101 | C7: 4 | D7: HpRatio | E7: =ROUND(E$5*($C6^E$2*E$3), 0) | F7: AtkRatio | G7: =ROUND(G$5*($C6^$E$2*$E$3), 0) | H7: DefRatio | I7: =ROUND(I$5*($C6^$E$2*$E$3), 0)
A8: =B8&TEXT(C8,"0000") | B8: 101 | C8: 5 | D8: HpRatio | E8: =ROUND(E$5*($C7^E$2*E$3), 0) | F8: AtkRatio | G8: =ROUND(G$5*($C7^$E$2*$E$3), 0) | H8: DefRatio | I8: =ROUND(I$5*($C7^$E$2*$E$3), 0)
A9: =B9&TEXT(C9,"0000") | B9: 101 | C9: 6 | D9: HpRatio | E9: =ROUND(E$5*($C8^E$2*E$3), 0) | F9: AtkRatio | G9: =ROUND(G$5*($C8^$E$2*$E$3), 0) | H9: DefRatio | I9: =ROUND(I$5*($C8^$E$2*$E$3), 0)
A10: =B10&TEXT(C10,"0000") | B10: 101 | C10: 7 | D10: HpRatio | E10: =ROUND(E$5*($C9^E$2*E$3), 0) | F10: AtkRatio | G10: =ROUND(G$5*($C9^$E$2*$E$3), 0) | H10: DefRatio | I10: =ROUND(I$5*($C9^$E$2*$E$3), 0)
A11: =B11&TEXT(C11,"0000") | B11: 101 | C11: 8 | D11: HpRatio | E11: =ROUND(E$5*($C10^E$2*E$3), 0) | F11: AtkRatio | G11: =ROUND(G$5*($C10^$E$2*$E$3), 0) | H11: DefRatio | I11: =ROUND(I$5*($C10^$E$2*$E$3), 0)
A12: =B12&TEXT(C12,"0000") | B12: 101 | C12: 9 | D12: HpRatio | E12: =ROUND(E$5*($C11^E$2*E$3), 0) | F12: AtkRatio | G12: =ROUND(G$5*($C11^$E$2*$E$3), 0) | H12: DefRatio | I12: =ROUND(I$5*($C11^$E$2*$E$3), 0)
A13: =B13&TEXT(C13,"0000") | B13: 101 | C13: 10 | D13: HpRatio | E13: =ROUND(E$5*($C12^E$2*E$3), 0) | F13: AtkRatio | G13: =ROUND(G$5*($C12^$E$2*$E$3), 0) | H13: DefRatio | I13: =ROUND(I$5*($C12^$E$2*$E$3), 0)
A14: =B14&TEXT(C14,"0000") | B14: 101 | C14: 11 | D14: HpRatio | E14: =ROUND(E$5*($C13^E$2*E$3), 0) | F14: AtkRatio | G14: =ROUND(G$5*($C13^$E$2*$E$3), 0) | H14: DefRatio | I14: =ROUND(I$5*($C13^$E$2*$E$3), 0)
A15: =B15&TEXT(C15,"0000") | B15: 101 | C15: 12 | D15: HpRatio | E15: =ROUND(E$5*($C14^E$2*E$3), 0) | F15: AtkRatio | G15: =ROUND(G$5*($C14^$E$2*$E$3), 0) | H15: DefRatio | I15: =ROUND(I$5*($C14^$E$2*$E$3), 0)
A16: =B16&TEXT(C16,"0000") | B16: 101 | C16: 13 | D16: HpRatio | E16: =ROUND(E$5*($C15^E$2*E$3), 0) | F16: AtkRatio | G16: =ROUND(G$5*($C15^$E$2*$E$3), 0) | H16: DefRatio | I16: =ROUND(I$5*($C15^$E$2*$E$3), 0)
A17: =B17&TEXT(C17,"0000") | B17: 101 | C17: 14 | D17: HpRatio | E17: =ROUND(E$5*($C16^E$2*E$3), 0) | F17: AtkRatio | G17: =ROUND(G$5*($C16^$E$2*$E$3), 0) | H17: DefRatio | I17: =ROUND(I$5*($C16^$E$2*$E$3), 0)
A18: =B18&TEXT(C18,"0000") | B18: 101 | C18: 15 | D18: HpRatio | E18: =ROUND(E$5*($C17^E$2*E$3), 0) | F18: AtkRatio | G18: =ROUND(G$5*($C17^$E$2*$E$3), 0) | H18: DefRatio | I18: =ROUND(I$5*($C17^$E$2*$E$3), 0)
... A303: =B303&TEXT(C303,"0000") | B303: 101 | C303: 300 | D303: HpRatio | E303: =ROUND(E$5*($C302^E$2*E$3), 0) | F303: AtkRatio | G303: =ROUND(G$5*($C302^$E$2*$E$3), 0) | H303: DefRatio | I303: =ROUND(I$5*($C302^$E$2*$E$3), 0)
A304: =B304&TEXT(C304,"0000") | B304: 102 | C304: 1 | D304: HpRatio | E304: 0 | F304: AtkRatio | G304: 0 | H304: DefRatio | I304: 0
A305: =B305&TEXT(C305,"0000") | B305: 102 | C305: 2 | D305: HpRatio | E305: 4000 | F305: AtkRatio | G305: 4000 | H305: DefRatio | I305: 4000
A306: =B306&TEXT(C306,"0000") | B306: 102 | C306: 3 | D306: HpRatio | E306: 11551 | F306: AtkRatio | G306: 11551 | H306: DefRatio | I306: 11551
A307: =B307&TEXT(C307,"0000") | B307: 102 | C307: 4 | D307: HpRatio | E307: 21481 | F307: AtkRatio | G307: 21481 | H307: DefRatio | I307: 21481
A308: =B308&TEXT(C308,"0000") | B308: 102 | C308: 5 | D308: HpRatio | E308: 33359 | F308: AtkRatio | G308: 33359 | H308: DefRatio | I308: 33359
A309: =B309&TEXT(C309,"0000") | B309: 102 | C309: 6 | D309: HpRatio | E309: 46934 | F309: AtkRatio | G309: 46934 | H309: DefRatio | I309: 46934
A310: =B310&TEXT(C310,"0000") | B310: 102 | C310: 7 | D310: HpRatio | E310: 62034 | F310: AtkRatio | G310: 62034 | H310: DefRatio | I310: 62034
A311: =B311&TEXT(C311,"0000") | B311: 102 | C311: 8 | D311: HpRatio | E311: 78534 | F311: AtkRatio | G311: 78534 | H311: DefRatio | I311: 78534
A312: =B312&TEXT(C312,"0000") | B312: 102 | C312: 9 | D312: HpRatio | E312: 96336 | F312: AtkRatio | G312: 96336 | H312: DefRatio | I312: 96336
A313: =B313&TEXT(C313,"0000") | B313: 102 | C313: 10 | D313: HpRatio | E313: 115359 | F313: AtkRatio | G313: 115359 | H313: DefRatio | I313: 115359
A314: =B314&TEXT(C314,"0000") | B314: 102 | C314: 11 | D314: HpRatio | E314: 135538 | F314: AtkRatio | G314: 135538 | H314: DefRatio | I314: 135538
A315: =B315&TEXT(C315,"0000") | B315: 102 | C315: 12 | D315: HpRatio | E315: 156816 | F315: AtkRatio | G315: 156816 | H315: DefRatio | I315: 156816
... A904: =B904&TEXT(C904,"0000") | B904: 200 | C904: 1 | D904: HpRatio | E904: 0 | F904: AtkRatio | G904: 0 | H904: DefRatio | I904: 0
A905: =B905&TEXT(C905,"0000") | B905: 200 | C905: 2 | D905: HpRatio | E905: 66700 | F905: AtkRatio | G905: 25000 | H905: DefRatio | I905: =G905
A906: =B906&TEXT(C906,"0000") | B906: 200 | C906: 3 | D906: HpRatio | E906: 133300 | F906: AtkRatio | G906: 50000 | H906: DefRatio | I906: =G906
A907: =B907&TEXT(C907,"0000") | B907: 200 | C907: 4 | D907: HpRatio | E907: 150000 | F907: AtkRatio | G907: 100000 | H907: DefRatio | I907: =G907
A908: =B908&TEXT(C908,"0000") | B908: 200 | C908: 5 | D908: HpRatio | E908: 300000 | F908: AtkRatio | G908: 275000 | H908: DefRatio | I908: =G908
A909: =B909&TEXT(C909,"0000") | B909: 200 | C909: 6 | D909: HpRatio | E909: 332000 | F909: AtkRatio | G909: 301000 | H909: DefRatio | I909: =G909
A910: =B910&TEXT(C910,"0000") | B910: 200 | C910: 7 | D910: HpRatio | E910: 366300 | F910: AtkRatio | G910: 329000 | H910: DefRatio | I910: =G910
A911: =B911&TEXT(C911,"0000") | B911: 200 | C911: 8 | D911: HpRatio | E911: 403700 | F911: AtkRatio | G911: 359000 | H911: DefRatio | I911: =G911
A912: =B912&TEXT(C912,"0000") | B912: 200 | C912: 9 | D912: HpRatio | E912: 444000 | F912: AtkRatio | G912: 391500 | H912: DefRatio | I912: =G912
A913: =B913&TEXT(C913,"0000") | B913: 200 | C913: 10 | D913: HpRatio | E913: 487700 | F913: AtkRatio | G913: 425500 | H913: DefRatio | I913: =G913
A914: =B914&TEXT(C914,"0000") | B914: 200 | C914: 11 | D914: HpRatio | E914: 534700 | F914: AtkRatio | G914: 462500 | H914: DefRatio | I914: =G914
A915: =B915&TEXT(C915,"0000") | B915: 200 | C915: 12 | D915: HpRatio | E915: 585300 | F915: AtkRatio | G915: 502000 | H915: DefRatio | I915: =G915
A916: =B916&TEXT(C916,"0000") | B916: 200 | C916: 13 | D916: HpRatio | E916: 640300 | F916: AtkRatio | G916: 544000 | H916: DefRatio | I916: =G916
... A1203: =B1203&TEXT(C1203,"0000") | B1203: 200 | C1203: 300 | D1203: HpRatio | E1203: 1131671295300 | F1203: AtkRatio | G1203: 5405810000 | H1203: DefRatio | I1203: =G1203
A1204: =B1204&TEXT(C1204,"0000") | B1204: 200 | C1204: 301 | D1204: HpRatio | E1204: =INT(E1203*1.01) | F1204: AtkRatio | G1204: =INT(G1203*1.01) | H1204: DefRatio | I1204: =G1204
A1205: =B1205&TEXT(C1205,"0000") | B1205: 200 | C1205: 302 | D1205: HpRatio | E1205: =INT(E1204*1.01) | F1205: AtkRatio | G1205: =INT(G1204*1.01) | H1205: DefRatio | I1205: =G1205
A1206: =B1206&TEXT(C1206,"0000") | B1206: 200 | C1206: 303 | D1206: HpRatio | E1206: =INT(E1205*1.01) | F1206: AtkRatio | G1206: =INT(G1205*1.01) | H1206: DefRatio | I1206: =G1206
A1207: =B1207&TEXT(C1207,"0000") | B1207: 200 | C1207: 304 | D1207: HpRatio | E1207: =INT(E1206*1.01) | F1207: AtkRatio | G1207: =INT(G1206*1.01) | H1207: DefRatio | I1207: =G1207
A1208: =B1208&TEXT(C1208,"0000") | B1208: 200 | C1208: 305 | D1208: HpRatio | E1208: =INT(E1207*1.01) | F1208: AtkRatio | G1208: =INT(G1207*1.01) | H1208: DefRatio | I1208: =G1208
A1209: =B1209&TEXT(C1209,"0000") | B1209: 200 | C1209: 306 | D1209: HpRatio | E1209: =INT(E1208*1.01) | F1209: AtkRatio | G1209: =INT(G1208*1.01) | H1209: DefRatio | I1209: =G1209
A1210: =B1210&TEXT(C1210,"0000") | B1210: 200 | C1210: 307 | D1210: HpRatio | E1210: =INT(E1209*1.01) | F1210: AtkRatio | G1210: =INT(G1209*1.01) | H1210: DefRatio | I1210: =G1210
A1211: =B1211&TEXT(C1211,"0000") | B1211: 200 | C1211: 308 | D1211: HpRatio | E1211: =INT(E1210*1.01) | F1211: AtkRatio | G1211: =INT(G1210*1.01) | H1211: DefRatio | I1211: =G1211
A1212: =B1212&TEXT(C1212,"0000") | B1212: 200 | C1212: 309 | D1212: HpRatio | E1212: =INT(E1211*1.01) | F1212: AtkRatio | G1212: =INT(G1211*1.01) | H1212: DefRatio | I1212: =G1212
A1213: =B1213&TEXT(C1213,"0000") | B1213: 200 | C1213: 310 | D1213: HpRatio | E1213: =INT(E1212*1.01) | F1213: AtkRatio | G1213: =INT(G1212*1.01) | H1213: DefRatio | I1213: =G1213
A1214: =B1214&TEXT(C1214,"0000") | B1214: 200 | C1214: 311 | D1214: HpRatio | E1214: =INT(E1213*1.01) | F1214: AtkRatio | G1214: =INT(G1213*1.01) | H1214: DefRatio | I1214: =G1214
A1215: =B1215&TEXT(C1215,"0000") | B1215: 200 | C1215: 312 | D1215: HpRatio | E1215: =INT(E1214*1.01) | F1215: AtkRatio | G1215: =INT(G1214*1.01) | H1215: DefRatio | I1215: =G1215
... A1903: =B1903&TEXT(C1903,"0000") | B1903: 200 | C1903: 1000 | D1903: HpRatio | E1903: =INT(E1902*1.01) | F1903: AtkRatio | G1903: =INT(G1902*1.01) | H1903: DefRatio | I1903: =G1903
A1904: =B1904&TEXT(C1904,"0000") | B1904: 201 | C1904: 1 | D1904: HpRatio | E1904: 0 | F1904: AtkRatio | G1904: 0 | H1904: DefRatio | I1904: 0
A1905: =B1905&TEXT(C1905,"0000") | B1905: 201 | C1905: 2 | D1905: HpRatio | E1905: 0 | F1905: AtkRatio | G1905: 25000 | H1905: DefRatio | I1905: =G1905
A1906: =B1906&TEXT(C1906,"0000") | B1906: 201 | C1906: 3 | D1906: HpRatio | E1906: 0 | F1906: AtkRatio | G1906: 50000 | H1906: DefRatio | I1906: =G1906
A1907: =B1907&TEXT(C1907,"0000") | B1907: 201 | C1907: 4 | D1907: HpRatio | E1907: 0 | F1907: AtkRatio | G1907: 100000 | H1907: DefRatio | I1907: =G1907
A1908: =B1908&TEXT(C1908,"0000") | B1908: 201 | C1908: 5 | D1908: HpRatio | E1908: 0 | F1908: AtkRatio | G1908: 275000 | H1908: DefRatio | I1908: =G1908
A1909: =B1909&TEXT(C1909,"0000") | B1909: 201 | C1909: 6 | D1909: HpRatio | E1909: 0 | F1909: AtkRatio | G1909: 301000 | H1909: DefRatio | I1909: =G1909
A1910: =B1910&TEXT(C1910,"0000") | B1910: 201 | C1910: 7 | D1910: HpRatio | E1910: 0 | F1910: AtkRatio | G1910: 329000 | H1910: DefRatio | I1910: =G1910
A1911: =B1911&TEXT(C1911,"0000") | B1911: 201 | C1911: 8 | D1911: HpRatio | E1911: 0 | F1911: AtkRatio | G1911: 359000 | H1911: DefRatio | I1911: =G1911
A1912: =B1912&TEXT(C1912,"0000") | B1912: 201 | C1912: 9 | D1912: HpRatio | E1912: 0 | F1912: AtkRatio | G1912: 391500 | H1912: DefRatio | I1912: =G1912
A1913: =B1913&TEXT(C1913,"0000") | B1913: 201 | C1913: 10 | D1913: HpRatio | E1913: 0 | F1913: AtkRatio | G1913: 425500 | H1913: DefRatio | I1913: =G1913
A1914: =B1914&TEXT(C1914,"0000") | B1914: 201 | C1914: 11 | D1914: HpRatio | E1914: 0 | F1914: AtkRatio | G1914: 462500 | H1914: DefRatio | I1914: =G1914
A1915: =B1915&TEXT(C1915,"0000") | B1915: 201 | C1915: 12 | D1915: HpRatio | E1915: 0 | F1915: AtkRatio | G1915: 502000 | H1915: DefRatio | I1915: =G1915
A1916: =B1916&TEXT(C1916,"0000") | B1916: 201 | C1916: 13 | D1916: HpRatio | E1916: 0 | F1916: AtkRatio | G1916: 544000 | H1916: DefRatio | I1916: =G1916
... A2203: =B2203&TEXT(C2203,"0000") | B2203: 201 | C2203: 300 | D2203: HpRatio | E2203: 0 | F2203: AtkRatio | G2203: 5405810000 | H2203: DefRatio | I2203: =G2203
A2204: =B2204&TEXT(C2204,"0000") | B2204: 201 | C2204: 301 | D2204: HpRatio | E2204: 0 | F2204: AtkRatio | G2204: =INT(G2203*1.01) | H2204: DefRatio | I2204: =G2204
A2205: =B2205&TEXT(C2205,"0000") | B2205: 201 | C2205: 302 | D2205: HpRatio | E2205: 0 | F2205: AtkRatio | G2205: =INT(G2204*1.01) | H2205: DefRatio | I2205: =G2205
A2206: =B2206&TEXT(C2206,"0000") | B2206: 201 | C2206: 303 | D2206: HpRatio | E2206: 0 | F2206: AtkRatio | G2206: =INT(G2205*1.01) | H2206: DefRatio | I2206: =G2206
A2207: =B2207&TEXT(C2207,"0000") | B2207: 201 | C2207: 304 | D2207: HpRatio | E2207: 0 | F2207: AtkRatio | G2207: =INT(G2206*1.01) | H2207: DefRatio | I2207: =G2207
A2208: =B2208&TEXT(C2208,"0000") | B2208: 201 | C2208: 305 | D2208: HpRatio | E2208: 0 | F2208: AtkRatio | G2208: =INT(G2207*1.01) | H2208: DefRatio | I2208: =G2208
A2209: =B2209&TEXT(C2209,"0000") | B2209: 201 | C2209: 306 | D2209: HpRatio | E2209: 0 | F2209: AtkRatio | G2209: =INT(G2208*1.01) | H2209: DefRatio | I2209: =G2209
A2210: =B2210&TEXT(C2210,"0000") | B2210: 201 | C2210: 307 | D2210: HpRatio | E2210: 0 | F2210: AtkRatio | G2210: =INT(G2209*1.01) | H2210: DefRatio | I2210: =G2210
A2211: =B2211&TEXT(C2211,"0000") | B2211: 201 | C2211: 308 | D2211: HpRatio | E2211: 0 | F2211: AtkRatio | G2211: =INT(G2210*1.01) | H2211: DefRatio | I2211: =G2211
A2212: =B2212&TEXT(C2212,"0000") | B2212: 201 | C2212: 309 | D2212: HpRatio | E2212: 0 | F2212: AtkRatio | G2212: =INT(G2211*1.01) | H2212: DefRatio | I2212: =G2212
A2213: =B2213&TEXT(C2213,"0000") | B2213: 201 | C2213: 310 | D2213: HpRatio | E2213: 0 | F2213: AtkRatio | G2213: =INT(G2212*1.01) | H2213: DefRatio | I2213: =G2213
A2214: =B2214&TEXT(C2214,"0000") | B2214: 201 | C2214: 311 | D2214: HpRatio | E2214: 0 | F2214: AtkRatio | G2214: =INT(G2213*1.01) | H2214: DefRatio | I2214: =G2214
A2215: =B2215&TEXT(C2215,"0000") | B2215: 201 | C2215: 312 | D2215: HpRatio | E2215: 0 | F2215: AtkRatio | G2215: =INT(G2214*1.01) | H2215: DefRatio | I2215: =G2215
... A2903: =B2903&TEXT(C2903,"0000") | B2903: 201 | C2903: 1000 | D2903: HpRatio | E2903: 0 | F2903: AtkRatio | G2903: =INT(G2902*1.01) | H2903: DefRatio | I2903: =G2903

Sheet LevelUp
A1: Id | B1: Level | C1: RequireCategoryType | D1: RequireId | E1: RequireValue
A4: 1 | B4: 1 | C4: Item | D4: 3 | E4: 919
A5: 2 | B5: 2 | C5: Item | D5: 3 | E5: 995
A6: 3 | B6: 3 | C6: Item | D6: 3 | E6: 1080
A7: 4 | B7: 4 | C7: Item | D7: 3 | E7: 1172
A8: 5 | B8: 5 | C8: Item | D8: 3 | E8: 1274
A9: 6 | B9: 6 | C9: Item | D9: 3 | E9: 1385
A10: 7 | B10: 7 | C10: Item | D10: 3 | E10: 1506
A11: 8 | B11: 8 | C11: Item | D11: 3 | E11: 1637
A12: 9 | B12: 9 | C12: Item | D12: 3 | E12: 1780
A13: 10 | B13: 10 | C13: Item | D13: 3 | E13: 1935
A14: 11 | B14: 11 | C14: Item | D14: 3 | E14: 2103
A15: 12 | B15: 12 | C15: Item | D15: 3 | E15: 2284
... A303: 300 | B303: 300 | C303: Item | D303: 3 | E303: 9047853835514

Sheet GradeUp
A1: Id | B1: Cid | C1: #이름 | D1: Name | E1: RequireCategoryType | F1: RequireId | G1: RequireValue | H1: StarGradeUp | I1: MaxSkillLevel | J1: SkillEnhanceType | K1: SkillEnhanceId | L1: ChildStat | M1: Value | N1: ChildStat | O1: Value | P1: ChildStat | Q1: Value | R1: #등급
J2: Enum.SkillType
A4: =B4*100+H4 | B4: 10000354 | C4: =_xlfn.XLOOKUP(B4,'Detail<Child>'!A:A,'Detail<Child>'!B:B) | D4: ="character_gradeup_"&$B4&"_"&$H4 | E4: Item | F4: =INT(3003&RIGHT(B4,4)) | G4: =VLOOKUP($R4, '#등급업 재료 개수'!$A$2:$K$5, MATCH(GradeUp!H4, '#등급업 재료 개수'!$A$2:$K$2, 0), FALSE) | H4: 1 | I4: 10 | J4: 0 | K4: 0 | L4: HpRatio | M4: 0 | N4: AtkRatio | O4: 0 | P4: DefRatio | Q4: 0 | R4: =_xlfn.XLOOKUP($B4, 'Detail<Child>'!$A:$A, 'Detail<Child>'!$L:$L)
A5: =B5*100+H5 | B5: 10000354 | C5: =_xlfn.XLOOKUP(B5,'Detail<Child>'!A:A,'Detail<Child>'!B:B) | D5: ="character_gradeup_"&$B5&"_"&$H5 | E5: Item | F5: =INT(3003&RIGHT(B5,4)) | G5: =VLOOKUP($R5, '#등급업 재료 개수'!$A$2:$K$5, MATCH(GradeUp!H5, '#등급업 재료 개수'!$A$2:$K$2, 0), FALSE) | H5: 2 | I5: 20 | J5: Active | K5: =_xlfn.IFNA(VLOOKUP($B5, 'Detail<Child>'!$A:$AW, MATCH(J5, 'Detail<Child>'!$3:$3,0 ), FALSE)+INT($H5/12), 0) | L5: HpRatio | M5: 10000 | N5: AtkRatio | O5: 10000 | P5: DefRatio | Q5: 10000 | R5: =_xlfn.XLOOKUP($B5, 'Detail<Child>'!$A:$A, 'Detail<Child>'!$L:$L)
A6: =B6*100+H6 | B6: 10000354 | C6: =_xlfn.XLOOKUP(B6,'Detail<Child>'!A:A,'Detail<Child>'!B:B) | D6: ="character_gradeup_"&$B6&"_"&$H6 | E6: Item | F6: =INT(3003&RIGHT(B6,4)) | G6: =VLOOKUP($R6, '#등급업 재료 개수'!$A$2:$K$5, MATCH(GradeUp!H6, '#등급업 재료 개수'!$A$2:$K$2, 0), FALSE) | H6: 3 | I6: 30 | J6: 0 | K6: 0 | L6: HpRatio | M6: =M5+10000 | N6: AtkRatio | O6: =O5+10000 | P6: DefRatio | Q6: =Q5+10000 | R6: =_xlfn.XLOOKUP($B6, 'Detail<Child>'!$A:$A, 'Detail<Child>'!$L:$L)
A7: =B7*100+H7 | B7: 10000354 | C7: =_xlfn.XLOOKUP(B7,'Detail<Child>'!A:A,'Detail<Child>'!B:B) | D7: ="character_gradeup_"&$B7&"_"&$H7 | E7: Item | F7: =INT(3003&RIGHT(B7,4)) | G7: =VLOOKUP($R7, '#등급업 재료 개수'!$A$2:$K$5, MATCH(GradeUp!H7, '#등급업 재료 개수'!$A$2:$K$2, 0), FALSE) | H7: 4 | I7: 40 | J7: Passive | K7: =_xlfn.IFNA(VLOOKUP($B7, 'Detail<Child>'!$A:$AW, MATCH(J7, 'Detail<Child>'!$3:$3,0 ), FALSE)+INT($H7/12), 0) | L7: HpRatio | M7: =M6+10000 | N7: AtkRatio | O7: =O6+10000 | P7: DefRatio | Q7: =Q6+10000 | R7: =_xlfn.XLOOKUP($B7, 'Detail<Child>'!$A:$A, 'Detail<Child>'!$L:$L)
A8: =B8*100+H8 | B8: 10000354 | C8: =_xlfn.XLOOKUP(B8,'Detail<Child>'!A:A,'Detail<Child>'!B:B) | D8: ="character_gradeup_"&$B8&"_"&$H8 | E8: Item | F8: =INT(3003&RIGHT(B8,4)) | G8: =VLOOKUP($R8, '#등급업 재료 개수'!$A$2:$K$5, MATCH(GradeUp!H8, '#등급업 재료 개수'!$A$2:$K$2, 0), FALSE) | H8: 5 | I8: 50 | J8: Active | K8: =_xlfn.IFNA(VLOOKUP($B8, 'Detail<Child>'!$A:$AW, MATCH(J8, 'Detail<Child>'!$3:$3,0 ), FALSE)+INT($H8/12), 0)+1 | L8: HpRatio | M8: =M7+10000 | N8: AtkRatio | O8: =O7+10000 | P8: DefRatio | Q8: =Q7+10000 | R8: =_xlfn.XLOOKUP($B8, 'Detail<Child>'!$A:$A, 'Detail<Child>'!$L:$L)
A9: =B9*100+H9 | B9: 10000354 | C9: =_xlfn.XLOOKUP(B9,'Detail<Child>'!A:A,'Detail<Child>'!B:B) | D9: ="character_gradeup_"&$B9&"_"&$H9 | E9: Item | F9: =INT(3003&RIGHT(B9,4)) | G9: =VLOOKUP($R9, '#등급업 재료 개수'!$A$2:$K$5, MATCH(GradeUp!H9, '#등급업 재료 개수'!$A$2:$K$2, 0), FALSE) | H9: 6 | I9: 60 | J9: 0 | K9: 0 | L9: HpRatio | M9: =M8+10000 | N9: AtkRatio | O9: =O8+10000 | P9: DefRatio | Q9: =Q8+10000 | R9: =_xlfn.XLOOKUP($B9, 'Detail<Child>'!$A:$A, 'Detail<Child>'!$L:$L)
A10: =B10*100+H10 | B10: 10000354 | C10: =_xlfn.XLOOKUP(B10,'Detail<Child>'!A:A,'Detail<Child>'!B:B) | D10: ="character_gradeup_"&$B10&"_"&$H10 | E10: Item | F10: =INT(3003&RIGHT(B10,4)) | G10: =VLOOKUP($R10, '#등급업 재료 개수'!$A$2:$K$5, MATCH(GradeUp!H10, '#등급업 재료 개수'!$A$2:$K$2, 0), FALSE) | H10: 7 | I10: 70 | J10: Passive | K10: =_xlfn.IFNA(VLOOKUP($B10, 'Detail<Child>'!$A:$AW, MATCH(J10, 'Detail<Child>'!$3:$3,0 ), FALSE)+INT($H10/12), 0)+1 | L10: HpRatio | M10: =M9+10000 | N10: AtkRatio | O10: =O9+10000 | P10: DefRatio | Q10: =Q9+10000 | R10: =_xlfn.XLOOKUP($B10, 'Detail<Child>'!$A:$A, 'Detail<Child>'!$L:$L)
A11: =B11*100+H11 | B11: 10000354 | C11: =_xlfn.XLOOKUP(B11,'Detail<Child>'!A:A,'Detail<Child>'!B:B) | D11: ="character_gradeup_"&$B11&"_"&$H11 | E11: Item | F11: =INT(3003&RIGHT(B11,4)) | G11: =VLOOKUP($R11, '#등급업 재료 개수'!$A$2:$K$5, MATCH(GradeUp!H11, '#등급업 재료 개수'!$A$2:$K$2, 0), FALSE) | H11: 8 | I11: 80 | J11: 0 | K11: 0 | L11: HpRatio | M11: =M10+10000 | N11: AtkRatio | O11: =O10+10000 | P11: DefRatio | Q11: =Q10+10000 | R11: =_xlfn.XLOOKUP($B11, 'Detail<Child>'!$A:$A, 'Detail<Child>'!$L:$L)
A12: =B12*100+H12 | B12: 10000354 | C12: =_xlfn.XLOOKUP(B12,'Detail<Child>'!A:A,'Detail<Child>'!B:B) | D12: ="character_gradeup_"&$B12&"_"&$H12 | E12: Item | F12: =INT(3003&RIGHT(B12,4)) | G12: =VLOOKUP($R12, '#등급업 재료 개수'!$A$2:$K$5, MATCH(GradeUp!H12, '#등급업 재료 개수'!$A$2:$K$2, 0), FALSE) | H12: 9 | I12: 90 | J12: Ultimate | K12: =_xlfn.IFNA(VLOOKUP($B12, 'Detail<Child>'!$A:$AW, MATCH(J12, 'Detail<Child>'!$3:$3,0 ), FALSE)+INT($H12/12), 0)+1 | L12: HpRatio | M12: =M11+10000 | N12: AtkRatio | O12: =O11+10000 | P12: DefRatio | Q12: =Q11+10000 | R12: =_xlfn.XLOOKUP($B12, 'Detail<Child>'!$A:$A, 'Detail<Child>'!$L:$L)
A13: =B13*100+H13 | B13: 10000354 | C13: =_xlfn.XLOOKUP(B13,'Detail<Child>'!A:A,'Detail<Child>'!B:B) | D13: ="character_gradeup_"&$B13&"_"&$H13 | E13: Item | F13: =INT(3003&RIGHT(B13,4)) | G13: =VLOOKUP($R13, '#등급업 재료 개수'!$A$2:$K$5, MATCH(GradeUp!H13, '#등급업 재료 개수'!$A$2:$K$2, 0), FALSE) | H13: 10 | I13: 100 | J13: 0 | K13: 0 | L13: HpRatio | M13: =M12+10000 | N13: AtkRatio | O13: =O12+10000 | P13: DefRatio | Q13: =Q12+10000 | R13: =_xlfn.XLOOKUP($B13, 'Detail<Child>'!$A:$A, 'Detail<Child>'!$L:$L)
A14: =B14*100+H14 | B14: 10000296 | C14: =_xlfn.XLOOKUP(B14,'Detail<Child>'!A:A,'Detail<Child>'!B:B) | D14: ="character_gradeup_"&$B14&"_"&$H14 | E14: Item | F14: =INT(3003&RIGHT(B14,4)) | G14: =VLOOKUP($R14, '#등급업 재료 개수'!$A$2:$K$5, MATCH(GradeUp!H14, '#등급업 재료 개수'!$A$2:$K$2, 0), FALSE) | H14: 1 | I14: 10 | J14: 0 | K14: 0 | L14: HpRatio | M14: 0 | N14: AtkRatio | O14: 0 | P14: DefRatio | Q14: 0 | R14: =_xlfn.XLOOKUP($B14, 'Detail<Child>'!$A:$A, 'Detail<Child>'!$L:$L)
A15: =B15*100+H15 | B15: 10000296 | C15: =_xlfn.XLOOKUP(B15,'Detail<Child>'!A:A,'Detail<Child>'!B:B) | D15: ="character_gradeup_"&$B15&"_"&$H15 | E15: Item | F15: =INT(3003&RIGHT(B15,4)) | G15: =VLOOKUP($R15, '#등급업 재료 개수'!$A$2:$K$5, MATCH(GradeUp!H15, '#등급업 재료 개수'!$A$2:$K$2, 0), FALSE) | H15: 2 | I15: 20 | J15: Active | K15: =_xlfn.IFNA(VLOOKUP($B15, 'Detail<Child>'!$A:$AW, MATCH(J15, 'Detail<Child>'!$3:$3,0 ), FALSE)+INT($H15/12), 0) | L15: HpRatio | M15: 0 | N15: AtkRatio | O15: 0 | P15: DefRatio | Q15: 0 | R15: =_xlfn.XLOOKUP($B15, 'Detail<Child>'!$A:$A, 'Detail<Child>'!$L:$L)
A16: =B16*100+H16 | B16: 10000296 | C16: =_xlfn.XLOOKUP(B16,'Detail<Child>'!A:A,'Detail<Child>'!B:B) | D16: ="character_gradeup_"&$B16&"_"&$H16 | E16: Item | F16: =INT(3003&RIGHT(B16,4)) | G16: =VLOOKUP($R16, '#등급업 재료 개수'!$A$2:$K$5, MATCH(GradeUp!H16, '#등급업 재료 개수'!$A$2:$K$2, 0), FALSE) | H16: 3 | I16: 30 | J16: 0 | K16: 0 | L16: HpRatio | M16: 0 | N16: AtkRatio | O16: 0 | P16: DefRatio | Q16: 0 | R16: =_xlfn.XLOOKUP($B16, 'Detail<Child>'!$A:$A, 'Detail<Child>'!$L:$L)
A17: =B17*100+H17 | B17: 10000296 | C17: =_xlfn.XLOOKUP(B17,'Detail<Child>'!A:A,'Detail<Child>'!B:B) | D17: ="character_gradeup_"&$B17&"_"&$H17 | E17: Item | F17: =INT(3003&RIGHT(B17,4)) | G17: =VLOOKUP($R17, '#등급업 재료 개수'!$A$2:$K$5, MATCH(GradeUp!H17, '#등급업 재료 개수'!$A$2:$K$2, 0), FALSE) | H17: 4 | I17: 40 | J17: Passive | K17: =_xlfn.IFNA(VLOOKUP($B17, 'Detail<Child>'!$A:$AW, MATCH(J17, 'Detail<Child>'!$3:$3,0 ), FALSE)+INT($H17/12), 0) | L17: HpRatio | M17: 10000 | N17: AtkRatio | O17: 10000 | P17: DefRatio | Q17: 10000 | R17: =_xlfn.XLOOKUP($B17, 'Detail<Child>'!$A:$A, 'Detail<Child>'!$L:$L)
A18: =B18*100+H18 | B18: 10000296 | C18: =_xlfn.XLOOKUP(B18,'Detail<Child>'!A:A,'Detail<Child>'!B:B) | D18: ="character_gradeup_"&$B18&"_"&$H18 | E18: Item | F18: =INT(3003&RIGHT(B18,4)) | G18: =VLOOKUP($R18, '#등급업 재료 개수'!$A$2:$K$5, MATCH(GradeUp!H18, '#등급업 재료 개수'!$A$2:$K$2, 0), FALSE) | H18: 5 | I18: 50 | J18: Active | K18: =_xlfn.IFNA(VLOOKUP($B18, 'Detail<Child>'!$A:$AW, MATCH(J18, 'Detail<Child>'!$3:$3,0 ), FALSE)+INT($H18/12), 0)+1 | L18: HpRatio | M18: =M17+10000 | N18: AtkRatio | O18: =O17+10000 | P18: DefRatio | Q18: =Q17+10000 | R18: =_xlfn.XLOOKUP($B18, 'Detail<Child>'!$A:$A, 'Detail<Child>'!$L:$L)
A19: =B19*100+H19 | B19: 10000296 | C19: =_xlfn.XLOOKUP(B19,'Detail<Child>'!A:A,'Detail<Child>'!B:B) | D19: ="character_gradeup_"&$B19&"_"&$H19 | E19: Item | F19: =INT(3003&RIGHT(B19,4)) | G19: =VLOOKUP($R19, '#등급업 재료 개수'!$A$2:$K$5, MATCH(GradeUp!H19, '#등급업 재료 개수'!$A$2:$K$2, 0), FALSE) | H19: 6 | I19: 60 | J19: 0 | K19: 0 | L19: HpRatio | M19: =M18+10000 | N19: AtkRatio | O19: =O18+10000 | P19: DefRatio | Q19: =Q18+10000 | R19: =_xlfn.XLOOKUP($B19, 'Detail<Child>'!$A:$A, 'Detail<Child>'!$L:$L)
A20: =B20*100+H20 | B20: 10000296 | C20: =_xlfn.XLOOKUP(B20,'Detail<Child>'!A:A,'Detail<Child>'!B:B) | D20: ="character_gradeup_"&$B20&"_"&$H20 | E20: Item | F20: =INT(3003&RIGHT(B20,4)) | G20: =VLOOKUP($R20, '#등급업 재료 개수'!$A$2:$K$5, MATCH(GradeUp!H20, '#등급업 재료 개수'!$A$2:$K$2, 0), FALSE) | H20: 7 | I20: 70 | J20: Passive | K20: =_xlfn.IFNA(VLOOKUP($B20, 'Detail<Child>'!$A:$AW, MATCH(J20, 'Detail<Child>'!$3:$3,0 ), FALSE)+INT($H20/12), 0)+1 | L20: HpRatio | M20: =M19+10000 | N20: AtkRatio | O20: =O19+10000 | P20: DefRatio | Q20: =Q19+10000 | R20: =_xlfn.XLOOKUP($B20, 'Detail<Child>'!$A:$A, 'Detail<Child>'!$L:$L)
A21: =B21*100+H21 | B21: 10000296 | C21: =_xlfn.XLOOKUP(B21,'Detail<Child>'!A:A,'Detail<Child>'!B:B) | D21: ="character_gradeup_"&$B21&"_"&$H21 | E21: Item | F21: =INT(3003&RIGHT(B21,4)) | G21: =VLOOKUP($R21, '#등급업 재료 개수'!$A$2:$K$5, MATCH(GradeUp!H21, '#등급업 재료 개수'!$A$2:$K$2, 0), FALSE) | H21: 8 | I21: 80 | J21: 0 | K21: 0 | L21: HpRatio | M21: =M20+10000 | N21: AtkRatio | O21: =O20+10000 | P21: DefRatio | Q21: =Q20+10000 | R21: =_xlfn.XLOOKUP($B21, 'Detail<Child>'!$A:$A, 'Detail<Child>'!$L:$L)
A22: =B22*100+H22 | B22: 10000296 | C22: =_xlfn.XLOOKUP(B22,'Detail<Child>'!A:A,'Detail<Child>'!B:B) | D22: ="character_gradeup_"&$B22&"_"&$H22 | E22: Item | F22: =INT(3003&RIGHT(B22,4)) | G22: =VLOOKUP($R22, '#등급업 재료 개수'!$A$2:$K$5, MATCH(GradeUp!H22, '#등급업 재료 개수'!$A$2:$K$2, 0), FALSE) | H22: 9 | I22: 90 | J22: Ultimate | K22: =_xlfn.IFNA(VLOOKUP($B22, 'Detail<Child>'!$A:$AW, MATCH(J22, 'Detail<Child>'!$3:$3,0 ), FALSE)+INT($H22/12), 0)+1 | L22: HpRatio | M22: =M21+10000 | N22: AtkRatio | O22: =O21+10000 | P22: DefRatio | Q22: =Q21+10000 | R22: =_xlfn.XLOOKUP($B22, 'Detail<Child>'!$A:$A, 'Detail<Child>'!$L:$L)
