Workbook

Sheet Base
A1: Id | B1: ChildId | C1: Name | D1: Atlas | E1: Icon | F1: #이름 | G1: #Element | H1: #Role | I1: #TalentGrade | J1: #ChildGrade | K1: CommonGrade | L1: #TierId | M1: PersonaGrade | N1: DevilStat | O1: Value | P1: ChildStat | Q1: RandomRange | R1: #min | S1: #max | T1: ChildStat | U1: RandomRange | V1: #min | W1: #max | X1: ChildStat | Y1: RandomRange | Z1: #min | AA1: #max | AB1: ContractProb | AC1: #차일드 | AD1: #등급차일드 | AE1: TalentGroup
A4: =INT(1&TEXT(RIGHT(B4,4),"0000")&TEXT(L4,"000")) -> 10354000 | B4: 10000354 | C4: ui_persona | D4: PersonaPortrait | E4: ="Persona_"&_xlfn.XLOOKUP($B4, '#캐릭터'!$A:$A, '#캐릭터'!$C:$C) -> Persona_c354 | G4: =_xlfn.XLOOKUP(_xlfn.XLOOKUP(B4,'[1]Detail<Child>'!$A:$A,'[1]Detail<Child>'!$N:$N),'#참조'!P:P,'#참조'!Q:Q) -> 1 | H4: =_xlfn.XLOOKUP(_xlfn.XLOOKUP(B4,'[1]Detail<Child>'!$A:$A,'[1]Detail<Child>'!$O:$O),'#참조'!R:R,'#참조'!S:S) -> 1 | I4: 0 | J4: 3 | K4: 0 | L4: 0 | M4: Default | N4: DevilSkillDmgRatio | O4: 0 | P4: SoulHp | Q4: =R4&","&S4 -> 1000,1000 | R4: 1000 | S4: =R4 -> 1000 | T4: SoulAtk | U4: =V4&","&W4 -> 100,100 | V4: 100 | W4: =V4 -> 100 | X4: SoulDef | Y4: =Z4&","&AA4 -> 80,80 | Z4: 80 | AA4: =Z4 -> 80 | AB4: 100000 | AE4: =IF(I4=0,0,INT(G4&H4&TEXT(I4,"00"))) -> 0
A5: =INT(1&TEXT(RIGHT(B5,4),"0000")&TEXT(L5,"000")) -> 10354001 | B5: 10000354 | C5: ui_persona | D5: PersonaPortrait | E5: ="Persona_"&_xlfn.XLOOKUP($B5, '#캐릭터'!$A:$A, '#캐릭터'!$C:$C) -> Persona_c354 | G5: =_xlfn.XLOOKUP(_xlfn.XLOOKUP(B5,'[1]Detail<Child>'!$A:$A,'[1]Detail<Child>'!$N:$N),'#참조'!P:P,'#참조'!Q:Q) -> 1 | H5: =_xlfn.XLOOKUP(_xlfn.XLOOKUP(B5,'[1]Detail<Child>'!$A:$A,'[1]Detail<Child>'!$O:$O),'#참조'!R:R,'#참조'!S:S) -> 1 | I5: 0 | J5: 3 | K5: 1 | L5: 1 | M5: Common1 | N5: DevilSkillDmgRatio | O5: 2000 | P5: SoulHp | Q5: =R5&","&S5 -> 1000,1200 | R5: 1000 | S5: =ROUND(R5*1.2, -2) -> 1200 | T5: SoulAtk | U5: =V5&","&W5 -> 100,100 | V5: 100 | W5: =ROUND(V5*1.2, -2) -> 100 | X5: SoulDef | Y5: =Z5&","&AA5 -> 80,100 | Z5: 80 | AA5: =ROUND(Z5*1.2, -2) -> 100 | AB5: 100000 | AC5: =_xlfn.XLOOKUP($B5, '#참조'!$M:$M, '#참조'!$N:$N) -> #N/A | AD5: =M5&"_"&AC5 -> #N/A | AE5: =IF(I5=0,0,INT(G5&H5&TEXT(I5,"00"))) -> 0
A6: =INT(1&TEXT(RIGHT(B6,4),"0000")&TEXT(L6,"000")) -> 10354002 | B6: 10000354 | C6: ui_persona | D6: PersonaPortrait | E6: ="Persona_"&_xlfn.XLOOKUP($B6, '#캐릭터'!$A:$A, '#캐릭터'!$C:$C) -> Persona_c354 | G6: =_xlfn.XLOOKUP(_xlfn.XLOOKUP(B6,'[1]Detail<Child>'!$A:$A,'[1]Detail<Child>'!$N:$N),'#참조'!P:P,'#참조'!Q:Q) -> 1 | H6: =_xlfn.XLOOKUP(_xlfn.XLOOKUP(B6,'[1]Detail<Child>'!$A:$A,'[1]Detail<Child>'!$O:$O),'#참조'!R:R,'#참조'!S:S) -> 1 | I6: 0 | J6: 3 | K6: 1 | L6: 2 | M6: Common2 | N6: DevilSkillDmgRatio | O6: =ROUND(O5*1.1, 0) -> 2200 | P6: SoulHp | Q6: =R6&","&S6 -> 1300,1600 | R6: =ROUND(R5*1.3, 0) -> 1300 | S6: =ROUND(R6*1.2, -2) -> 1600 | T6: SoulAtk | U6: =V6&","&W6 -> 120,100 | V6: =ROUND(V5*1.2, 0) -> 120 | W6: =ROUND(V6*1.2, -2) -> 100 | X6: SoulDef | Y6: =Z6&","&AA6 -> 104,100 | Z6: =ROUND(Z5*1.3, 0) -> 104 | AA6: =ROUND(Z6*1.2, -2) -> 100 | AB6: 100000 | AC6: =_xlfn.XLOOKUP($B6, '#참조'!$M:$M, '#참조'!$N:$N) -> #N/A | AD6: =M6&"_"&AC6 -> #N/A | AE6: =IF(I6=0,0,INT(G6&H6&TEXT(I6,"00"))) -> 0
A7: =INT(1&TEXT(RIGHT(B7,4),"0000")&TEXT(L7,"000")) -> 10354003 | B7: 10000354 | C7: ui_persona | D7: PersonaPortrait | E7: ="Persona_"&_xlfn.XLOOKUP($B7, '#캐릭터'!$A:$A, '#캐릭터'!$C:$C) -> Persona_c354 | G7: =_xlfn.XLOOKUP(_xlfn.XLOOKUP(B7,'[1]Detail<Child>'!$A:$A,'[1]Detail<Child>'!$N:$N),'#참조'!P:P,'#참조'!Q:Q) -> 1 | H7: =_xlfn.XLOOKUP(_xlfn.XLOOKUP(B7,'[1]Detail<Child>'!$A:$A,'[1]Detail<Child>'!$O:$O),'#참조'!R:R,'#참조'!S:S) -> 1 | I7: 0 | J7: 3 | K7: 1 | L7: 3 | M7: Common3 | N7: DevilSkillDmgRatio | O7: =ROUND(O6*1.1, 0) -> 2420 | P7: SoulHp | Q7: =R7&","&S7 -> 1690,2000 | R7: =ROUND(R6*1.3, 0) -> 1690 | S7: =ROUND(R7*1.2, -2) -> 2000 | T7: SoulAtk | U7: =V7&","&W7 -> 144,200 | V7: =ROUND(V6*1.2, 0) -> 144 | W7: =ROUND(V7*1.2, -2) -> 200 | X7: SoulDef | Y7: =Z7&","&AA7 -> 135,200 | Z7: =ROUND(Z6*1.3, 0) -> 135 | AA7: =ROUND(Z7*1.2, -2) -> 200 | AB7: 100000 | AC7: =_xlfn.XLOOKUP($B7, '#참조'!$M:$M, '#참조'!$N:$N) -> #N/A | AD7: =M7&"_"&AC7 -> #N/A | AE7: =IF(I7=0,0,INT(G7&H7&TEXT(I7,"00"))) -> 0
A8: =INT(1&TEXT(RIGHT(B8,4),"0000")&TEXT(L8,"000")) -> 10354004 | B8: 10000354 | C8: ui_persona | D8: PersonaPortrait | E8: ="Persona_"&_xlfn.XLOOKUP($B8, '#캐릭터'!$A:$A, '#캐릭터'!$C:$C) -> Persona_c354 | G8: =_xlfn.XLOOKUP(_xlfn.XLOOKUP(B8,'[1]Detail<Child>'!$A:$A,'[1]Detail<Child>'!$N:$N),'#참조'!P:P,'#참조'!Q:Q) -> 1 | H8: =_xlfn.XLOOKUP(_xlfn.XLOOKUP(B8,'[1]Detail<Child>'!$A:$A,'[1]Detail<Child>'!$O:$O),'#참조'!R:R,'#참조'!S:S) -> 1 | I8: 0 | J8: 3 | K8: 2 | L8: 4 | M8: Uncommon1 | N8: DevilSkillDmgRatio | O8: =ROUND(O7*1.1, 0) -> 2662 | P8: SoulHp | Q8: =R8&","&S8 -> 2197,2600 | R8: =ROUND(R7*1.3, 0) -> 2197 | S8: =ROUND(R8*1.2, -2) -> 2600 | T8: SoulAtk | U8: =V8&","&W8 -> 173,200 | V8: =ROUND(V7*1.2, 0) -> 173 | W8: =ROUND(V8*1.2, -2) -> 200 | X8: SoulDef | Y8: =Z8&","&AA8 -> 176,200 | Z8: =ROUND(Z7*1.3, 0) -> 176 | AA8: =ROUND(Z8*1.2, -2) -> 200 | AB8: 95000 | AC8: =_xlfn.XLOOKUP($B8, '#참조'!$M:$M, '#참조'!$N:$N) -> #N/A | AD8: =M8&"_"&AC8 -> #N/A | AE8: =IF(I8=0,0,INT(G8&H8&TEXT(I8,"00"))) -> 0
A9: =INT(1&TEXT(RIGHT(B9,4),"0000")&TEXT(L9,"000")) -> 10354005 | B9: 10000354 | C9: ui_persona | D9: PersonaPortrait | E9: ="Persona_"&_xlfn.XLOOKUP($B9, '#캐릭터'!$A:$A, '#캐릭터'!$C:$C) -> Persona_c354 | G9: =_xlfn.XLOOKUP(_xlfn.XLOOKUP(B9,'[1]Detail<Child>'!$A:$A,'[1]Detail<Child>'!$N:$N),'#참조'!P:P,'#참조'!Q:Q) -> 1 | H9: =_xlfn.XLOOKUP(_xlfn.XLOOKUP(B9,'[1]Detail<Child>'!$A:$A,'[1]Detail<Child>'!$O:$O),'#참조'!R:R,'#참조'!S:S) -> 1 | I9: 0 | J9: 3 | K9: 2 | L9: 5 | M9: Uncommon2 | N9: DevilSkillDmgRatio | O9: =ROUND(O8*1.1, 0) -> 2928 | P9: SoulHp | Q9: =R9&","&S9 -> 2856,3400 | R9: =ROUND(R8*1.3, 0) -> 2856 | S9: =ROUND(R9*1.2, -2) -> 3400 | T9: SoulAtk | U9: =V9&","&W9 -> 208,200 | V9: =ROUND(V8*1.2, 0) -> 208 | W9: =ROUND(V9*1.2, -2) -> 200 | X9: SoulDef | Y9: =Z9&","&AA9 -> 229,300 | Z9: =ROUND(Z8*1.3, 0) -> 229 | AA9: =ROUND(Z9*1.2, -2) -> 300 | AB9: 95000 | AC9: =_xlfn.XLOOKUP($B9, '#참조'!$M:$M, '#참조'!$N:$N) -> #N/A | AD9: =M9&"_"&AC9 -> #N/A | AE9: =IF(I9=0,0,INT(G9&H9&TEXT(I9,"00"))) -> 0
A10: =INT(1&TEXT(RIGHT(B10,4),"0000")&TEXT(L10,"000")) -> 10354006 | B10: 10000354 | C10: ui_persona | D10: PersonaPortrait | E10: ="Persona_"&_xlfn.XLOOKUP($B10, '#캐릭터'!$A:$A, '#캐릭터'!$C:$C) -> Persona_c354 | G10: =_xlfn.XLOOKUP(_xlfn.XLOOKUP(B10,'[1]Detail<Child>'!$A:$A,'[1]Detail<Child>'!$N:$N),'#참조'!P:P,'#참조'!Q:Q) -> 1 | H10: =_xlfn.XLOOKUP(_xlfn.XLOOKUP(B10,'[1]Detail<Child>'!$A:$A,'[1]Detail<Child>'!$O:$O),'#참조'!R:R,'#참조'!S:S) -> 1 | I10: 0 | J10: 3 | K10: 2 | L10: 6 | M10: Uncommon3 | N10: DevilSkillDmgRatio | O10: =ROUND(O9*1.1, 0) -> 3221 | P10: SoulHp | Q10: =R10&","&S10 -> 3713,4500 | R10: =ROUND(R9*1.3, 0) -> 3713 | S10: =ROUND(R10*1.2, -2) -> 4500 | T10: SoulAtk | U10: =V10&","&W10 -> 250,300 | V10: =ROUND(V9*1.2, 0) -> 250 | W10: =ROUND(V10*1.2, -2) -> 300 | X10: SoulDef | Y10: =Z10&","&AA10 -> 298,400 | Z10: =ROUND(Z9*1.3, 0) -> 298 | AA10: =ROUND(Z10*1.2, -2) -> 400 | AB10: 95000 | AC10: =_xlfn.XLOOKUP($B10, '#참조'!$M:$M, '#참조'!$N:$N) -> #N/A | AD10: =M10&"_"&AC10 -> #N/A | AE10: =IF(I10=0,0,INT(G10&H10&TEXT(I10,"00"))) -> 0
A11: =INT(1&TEXT(RIGHT(B11,4),"0000")&TEXT(L11,"000")) -> 10354007 | B11: 10000354 | C11: ui_persona | D11: PersonaPortrait | E11: ="Persona_"&_xlfn.XLOOKUP($B11, '#캐릭터'!$A:$A, '#캐릭터'!$C:$C) -> Persona_c354 | G11: =_xlfn.XLOOKUP(_xlfn.XLOOKUP(B11,'[1]Detail<Child>'!$A:$A,'[1]Detail<Child>'!$N:$N),'#참조'!P:P,'#참조'!Q:Q) -> 1 | H11: =_xlfn.XLOOKUP(_xlfn.XLOOKUP(B11,'[1]Detail<Child>'!$A:$A,'[1]Detail<Child>'!$O:$O),'#참조'!R:R,'#참조'!S:S) -> 1 | I11: 1 | J11: 3 | K11: 3 | L11: 7 | M11: Rare1 | N11: DevilSkillDmgRatio | O11: =ROUND(O10*1.1, 0) -> 3543 | P11: SoulHp | Q11: =R11&","&S11 -> 4827,5800 | R11: =ROUND(R10*1.3, 0) -> 4827 | S11: =ROUND(R11*1.2, -2) -> 5800 | T11: SoulAtk | U11: =V11&","&W11 -> 300,400 | V11: =ROUND(V10*1.2, 0) -> 300 | W11: =ROUND(V11*1.2, -2) -> 400 | X11: SoulDef | Y11: =Z11&","&AA11 -> 387,500 | Z11: =ROUND(Z10*1.3, 0) -> 387 | AA11: =ROUND(Z11*1.2, -2) -> 500 | AB11: 90000 | AC11: =_xlfn.XLOOKUP($B11, '#참조'!$M:$M, '#참조'!$N:$N) -> #N/A | AD11: =M11&"_"&AC11 -> #N/A | AE11: =IF(I11=0,0,INT(G11&H11&TEXT(I11,"00"))) -> 1101
A12: =INT(1&TEXT(RIGHT(B12,4),"0000")&TEXT(L12,"000")) -> 10354008 | B12: 10000354 | C12: ui_persona | D12: PersonaPortrait | E12: ="Persona_"&_xlfn.XLOOKUP($B12, '#캐릭터'!$A:$A, '#캐릭터'!$C:$C) -> Persona_c354 | G12: =_xlfn.XLOOKUP(_xlfn.XLOOKUP(B12,'[1]Detail<Child>'!$A:$A,'[1]Detail<Child>'!$N:$N),'#참조'!P:P,'#참조'!Q:Q) -> 1 | H12: =_xlfn.XLOOKUP(_xlfn.XLOOKUP(B12,'[1]Detail<Child>'!$A:$A,'[1]Detail<Child>'!$O:$O),'#참조'!R:R,'#참조'!S:S) -> 1 | I12: 1 | J12: 3 | K12: 3 | L12: 8 | M12: Rare2 | N12: DevilSkillDmgRatio | O12: =ROUND(O11*1.1, 0) -> 3897 | P12: SoulHp | Q12: =R12&","&S12 -> 6275,7500 | R12: =ROUND(R11*1.3, 0) -> 6275 | S12: =ROUND(R12*1.2, -2) -> 7500 | T12: SoulAtk | U12: =V12&","&W12 -> 360,400 | V12: =ROUND(V11*1.2, 0) -> 360 | W12: =ROUND(V12*1.2, -2) -> 400 | X12: SoulDef | Y12: =Z12&","&AA12 -> 503,600 | Z12: =ROUND(Z11*1.3, 0) -> 503 | AA12: =ROUND(Z12*1.2, -2) -> 600 | AB12: 90000 | AC12: =_xlfn.XLOOKUP($B12, '#참조'!$M:$M, '#참조'!$N:$N) -> #N/A | AD12: =M12&"_"&AC12 -> #N/A | AE12: =IF(I12=0,0,INT(G12&H12&TEXT(I12,"00"))) -> 1101
A13: =INT(1&TEXT(RIGHT(B13,4),"0000")&TEXT(L13,"000")) -> 10354009 | B13: 10000354 | C13: ui_persona | D13: PersonaPortrait | E13: ="Persona_"&_xlfn.XLOOKUP($B13, '#캐릭터'!$A:$A, '#캐릭터'!$C:$C) -> Persona_c354 | G13: =_xlfn.XLOOKUP(_xlfn.XLOOKUP(B13,'[1]Detail<Child>'!$A:$A,'[1]Detail<Child>'!$N:$N),'#참조'!P:P,'#참조'!Q:Q) -> 1 | H13: =_xlfn.XLOOKUP(_xlfn.XLOOKUP(B13,'[1]Detail<Child>'!$A:$A,'[1]Detail<Child>'!$O:$O),'#참조'!R:R,'#참조'!S:S) -> 1 | I13: 2 | J13: 3 | K13: 3 | L13: 9 | M13: Rare3 | N13: DevilSkillDmgRatio | O13: =ROUND(O12*1.1, 0) -> 4287 | P13: SoulHp | Q13: =R13&","&S13 -> 8158,9800 | R13: =ROUND(R12*1.3, 0) -> 8158 | S13: =ROUND(R13*1.2, -2) -> 9800 | T13: SoulAtk | U13: =V13&","&W13 -> 432,500 | V13: =ROUND(V12*1.2, 0) -> 432 | W13: =ROUND(V13*1.2, -2) -> 500 | X13: SoulDef | Y13: =Z13&","&AA13 -> 654,800 | Z13: =ROUND(Z12*1.3, 0) -> 654 | AA13: =ROUND(Z13*1.2, -2) -> 800 | AB13: 90000 | AC13: =_xlfn.XLOOKUP($B13, '#참조'!$M:$M, '#참조'!$N:$N) -> #N/A | AD13: =M13&"_"&AC13 -> #N/A | AE13: =IF(I13=0,0,INT(G13&H13&TEXT(I13,"00"))) -> 1102
A14: =INT(1&TEXT(RIGHT(B14,4),"0000")&TEXT(L14,"000")) -> 10354010 | B14: 10000354 | C14: ui_persona | D14: PersonaPortrait | E14: ="Persona_"&_xlfn.XLOOKUP($B14, '#캐릭터'!$A:$A, '#캐릭터'!$C:$C) -> Persona_c354 | G14: =_xlfn.XLOOKUP(_xlfn.XLOOKUP(B14,'[1]Detail<Child>'!$A:$A,'[1]Detail<Child>'!$N:$N),'#참조'!P:P,'#참조'!Q:Q) -> 1 | H14: =_xlfn.XLOOKUP(_xlfn.XLOOKUP(B14,'[1]Detail<Child>'!$A:$A,'[1]Detail<Child>'!$O:$O),'#참조'!R:R,'#참조'!S:S) -> 1 | I14: 2 | J14: 3 | K14: 4 | L14: 10 | M14: Unique1 | N14: DevilSkillDmgRatio | O14: =ROUND(O13*1.1, 0) -> 4716 | P14: SoulHp | Q14: =R14&","&S14 -> 10605,12700 | R14: =ROUND(R13*1.3, 0) -> 10605 | S14: =ROUND(R14*1.2, -2) -> 12700 | T14: SoulAtk | U14: =V14&","&W14 -> 518,600 | V14: =ROUND(V13*1.2, 0) -> 518 | W14: =ROUND(V14*1.2, -2) -> 600 | X14: SoulDef | Y14: =Z14&","&AA14 -> 850,1000 | Z14: =ROUND(Z13*1.3, 0) -> 850 | AA14: =ROUND(Z14*1.2, -2) -> 1000 | AB14: 85000 | AC14: =_xlfn.XLOOKUP($B14, '#참조'!$M:$M, '#참조'!$N:$N) -> #N/A | AD14: =M14&"_"&AC14 -> #N/A | AE14: =IF(I14=0,0,INT(G14&H14&TEXT(I14,"00"))) -> 1102
A15: =INT(1&TEXT(RIGHT(B15,4),"0000")&TEXT(L15,"000")) -> 10354011 | B15: 10000354 | C15: ui_persona | D15: PersonaPortrait | E15: ="Persona_"&_xlfn.XLOOKUP($B15, '#캐릭터'!$A:$A, '#캐릭터'!$C:$C) -> Persona_c354 | G15: =_xlfn.XLOOKUP(_xlfn.XLOOKUP(B15,'[1]Detail<Child>'!$A:$A,'[1]Detail<Child>'!$N:$N),'#참조'!P:P,'#참조'!Q:Q) -> 1 | H15: =_xlfn.XLOOKUP(_xlfn.XLOOKUP(B15,'[1]Detail<Child>'!$A:$A,'[1]Detail<Child>'!$O:$O),'#참조'!R:R,'#참조'!S:S) -> 1 | I15: 3 | J15: 3 | K15: 4 | L15: 11 | M15: Unique2 | N15: DevilSkillDmgRatio | O15: =ROUND(O14*1.1, 0) -> 5188 | P15: SoulHp | Q15: =R15&","&S15 -> 13787,16500 | R15: =ROUND(R14*1.3, 0) -> 13787 | S15: =ROUND(R15*1.2, -2) -> 16500 | T15: SoulAtk | U15: =V15&","&W15 -> 622,700 | V15: =ROUND(V14*1.2, 0) -> 622 | W15: =ROUND(V15*1.2, -2) -> 700 | X15: SoulDef | Y15: =Z15&","&AA15 -> 1105,1300 | Z15: =ROUND(Z14*1.3, 0) -> 1105 | AA15: =ROUND(Z15*1.2, -2) -> 1300 | AB15: 85000 | AC15: =_xlfn.XLOOKUP($B15, '#참조'!$M:$M, '#참조'!$N:$N) -> #N/A | AD15: =M15&"_"&AC15 -> #N/A | AE15: =IF(I15=0,0,INT(G15&H15&TEXT(I15,"00"))) -> 1103
A16: =INT(1&TEXT(RIGHT(B16,4),"0000")&TEXT(L16,"000")) -> 10354012 | B16: 10000354 | C16: ui_persona | D16: PersonaPortrait | E16: ="Persona_"&_xlfn.XLOOKUP($B16, '#캐릭터'!$A:$A, '#캐릭터'!$C:$C) -> Persona_c354 | G16: =_xlfn.XLOOKUP(_xlfn.XLOOKUP(B16,'[1]Detail<Child>'!$A:$A,'[1]Detail<Child>'!$N:$N),'#참조'!P:P,'#참조'!Q:Q) -> 1 | H16: =_xlfn.XLOOKUP(_xlfn.XLOOKUP(B16,'[1]Detail<Child>'!$A:$A,'[1]Detail<Child>'!$O:$O),'#참조'!R:R,'#참조'!S:S) -> 1 | I16: 3 | J16: 3 | K16: 4 | L16: 12 | M16: Unique3 | N16: DevilSkillDmgRatio | O16: =ROUND(O15*1.1, 0) -> 5707 | P16: SoulHp | Q16: =R16&","&S16 -> 17923,21500 | R16: =ROUND(R15*1.3, 0) -> 17923 | S16: =ROUND(R16*1.2, -2) -> 21500 | T16: SoulAtk | U16: =V16&","&W16 -> 746,900 | V16: =ROUND(V15*1.2, 0) -> 746 | W16: =ROUND(V16*1.2, -2) -> 900 | X16: SoulDef | Y16: =Z16&","&AA16 -> 1437,1700 | Z16: =ROUND(Z15*1.3, 0) -> 1437 | AA16: =ROUND(Z16*1.2, -2) -> 1700 | AB16: 85000 | AC16: =_xlfn.XLOOKUP($B16, '#참조'!$M:$M, '#참조'!$N:$N) -> #N/A | AD16: =M16&"_"&AC16 -> #N/A | AE16: =IF(I16=0,0,INT(G16&H16&TEXT(I16,"00"))) -> 1103
A17: =INT(1&TEXT(RIGHT(B17,4),"0000")&TEXT(L17,"000")) -> 10354013 | B17: 10000354 | C17: ui_persona | D17: PersonaPortrait | E17: ="Persona_"&_xlfn.XLOOKUP($B17, '#캐릭터'!$A:$A, '#캐릭터'!$C:$C) -> Persona_c354 | G17: =_xlfn.XLOOKUP(_xlfn.XLOOKUP(B17,'[1]Detail<Child>'!$A:$A,'[1]Detail<Child>'!$N:$N),'#참조'!P:P,'#참조'!Q:Q) -> 1 | H17: =_xlfn.XLOOKUP(_xlfn.XLOOKUP(B17,'[1]Detail<Child>'!$A:$A,'[1]Detail<Child>'!$O:$O),'#참조'!R:R,'#참조'!S:S) -> 1 | I17: 4 | J17: 3 | K17: 5 | L17: 13 | M17: Epic1 | N17: DevilSkillDmgRatio | O17: =ROUND(O16*1.1, 0) -> 6278 | P17: SoulHp | Q17: =R17&","&S17 -> 23300,28000 | R17: =ROUND(R16*1.3, 0) -> 23300 | S17: =ROUND(R17*1.2, -2) -> 28000 | T17: SoulAtk | U17: =V17&","&W17 -> 895,1100 | V17: =ROUND(V16*1.2, 0) -> 895 | W17: =ROUND(V17*1.2, -2) -> 1100 | X17: SoulDef | Y17: =Z17&","&AA17 -> 1868,2200 | Z17: =ROUND(Z16*1.3, 0) -> 1868 | AA17: =ROUND(Z17*1.2, -2) -> 2200 | AB17: 80000 | AC17: =_xlfn.XLOOKUP($B17, '#참조'!$M:$M, '#참조'!$N:$N) -> #N/A | AD17: =M17&"_"&AC17 -> #N/A | AE17: =IF(I17=0,0,INT(G17&H17&TEXT(I17,"00"))) -> 1104
... A22: =INT(1&TEXT(RIGHT(B22,4),"0000")&TEXT(L22,"000")) -> 10354018 | B22: 10000354 | C22: ui_persona | D22: PersonaPortrait | E22: ="Persona_"&_xlfn.XLOOKUP($B22, '#캐릭터'!$A:$A, '#캐릭터'!$C:$C) -> Persona_c354 | G22: =_xlfn.XLOOKUP(_xlfn.XLOOKUP(B22,'[1]Detail<Child>'!$A:$A,'[1]Detail<Child>'!$N:$N),'#참조'!P:P,'#참조'!Q:Q) -> 1 | H22: =_xlfn.XLOOKUP(_xlfn.XLOOKUP(B22,'[1]Detail<Child>'!$A:$A,'[1]Detail<Child>'!$O:$O),'#참조'!R:R,'#참조'!S:S) -> 1 | I22: 6 | J22: 3 | K22: 6 | L22: 18 | M22: Legendary3 | N22: DevilSkillDmgRatio | O22: =ROUND(O21*1.1, 0) -> 10112 | P22: SoulHp | Q22: =R22&","&S22 -> 86511,103800 | R22: =ROUND(R21*1.3, 0) -> 86511 | S22: =ROUND(R22*1.2, -2) -> 103800 | T22: SoulAtk | U22: =V22&","&W22 -> 2227,2700 | V22: =ROUND(V21*1.2, 0) -> 2227 | W22: =ROUND(V22*1.2, -2) -> 2700 | X22: SoulDef | Y22: =Z22&","&AA22 -> 6934,8300 | Z22: =ROUND(Z21*1.3, 0) -> 6934 | AA22: =ROUND(Z22*1.2, -2) -> 8300 | AB22: 75000 | AC22: =_xlfn.XLOOKUP($B22, '#참조'!$M:$M, '#참조'!$N:$N) -> #N/A | AD22: =M22&"_"&AC22 -> #N/A | AE22: =IF(I22=0,0,INT(G22&H22&TEXT(I22,"00"))) -> 1106
A23: =INT(1&TEXT(RIGHT(B23,4),"0000")&TEXT(L23,"000")) -> 10296000 | B23: 10000296 | C23: ui_persona | D23: PersonaPortrait | E23: ="Persona_"&_xlfn.XLOOKUP($B23, '#캐릭터'!$A:$A, '#캐릭터'!$C:$C) -> Persona_c296 | G23: =_xlfn.XLOOKUP(_xlfn.XLOOKUP(B23,'[1]Detail<Child>'!$A:$A,'[1]Detail<Child>'!$N:$N),'#참조'!P:P,'#참조'!Q:Q) -> 4 | H23: =_xlfn.XLOOKUP(_xlfn.XLOOKUP(B23,'[1]Detail<Child>'!$A:$A,'[1]Detail<Child>'!$O:$O),'#참조'!R:R,'#참조'!S:S) -> 1 | I23: 0 | J23: 3 | K23: 0 | L23: 0 | M23: Default | N23: DevilSkillDmgRatio | O23: 0 | P23: SoulHp | Q23: =R23&","&S23 -> 1000,1000 | R23: 1000 | S23: =R23 -> 1000 | T23: SoulAtk | U23: =V23&","&W23 -> 100,100 | V23: 100 | W23: =V23 -> 100 | X23: SoulDef | Y23: =Z23&","&AA23 -> 80,80 | Z23: 80 | AA23: =Z23 -> 80 | AB23: 100000 | AE23: =IF(I23=0,0,INT(G23&H23&TEXT(I23,"00"))) -> 0
A24: =INT(1&TEXT(RIGHT(B24,4),"0000")&TEXT(L24,"000")) -> 10296001 | B24: 10000296 | C24: ui_persona | D24: PersonaPortrait | E24: ="Persona_"&_xlfn.XLOOKUP($B24, '#캐릭터'!$A:$A, '#캐릭터'!$C:$C) -> Persona_c296 | G24: =_xlfn.XLOOKUP(_xlfn.XLOOKUP(B24,'[1]Detail<Child>'!$A:$A,'[1]Detail<Child>'!$N:$N),'#참조'!P:P,'#참조'!Q:Q) -> 4 | H24: =_xlfn.XLOOKUP(_xlfn.XLOOKUP(B24,'[1]Detail<Child>'!$A:$A,'[1]Detail<Child>'!$O:$O),'#참조'!R:R,'#참조'!S:S) -> 1 | I24: 0 | J24: 3 | K24: 1 | L24: 1 | M24: Common1 | N24: DevilSkillDmgRatio | O24: 2000 | P24: SoulHp | Q24: =R24&","&S24 -> 1000,1200 | R24: 1000 | S24: =ROUND(R24*1.2, -2) -> 1200 | T24: SoulAtk | U24: =V24&","&W24 -> 100,100 | V24: 100 | W24: =ROUND(V24*1.2, -2) -> 100 | X24: SoulDef | Y24: =Z24&","&AA24 -> 80,100 | Z24: 80 | AA24: =ROUND(Z24*1.2, -2) -> 100 | AB24: 100000 | AC24: =_xlfn.XLOOKUP($B24, '#참조'!$M:$M, '#참조'!$N:$N) -> #N/A | AD24: =M24&"_"&AC24 -> #N/A | AE24: =IF(I24=0,0,INT(G24&H24&TEXT(I24,"00"))) -> 0
A25: =INT(1&TEXT(RIGHT(B25,4),"0000")&TEXT(L25,"000")) -> 10296002 | B25: 10000296 | C25: ui_persona | D25: PersonaPortrait | E25: ="Persona_"&_xlfn.XLOOKUP($B25, '#캐릭터'!$A:$A, '#캐릭터'!$C:$C) -> Persona_c296 | G25: =_xlfn.XLOOKUP(_xlfn.XLOOKUP(B25,'[1]Detail<Child>'!$A:$A,'[1]Detail<Child>'!$N:$N),'#참조'!P:P,'#참조'!Q:Q) -> 4 | H25: =_xlfn.XLOOKUP(_xlfn.XLOOKUP(B25,'[1]Detail<Child>'!$A:$A,'[1]Detail<Child>'!$O:$O),'#참조'!R:R,'#참조'!S:S) -> 1 | I25: 0 | J25: 3 | K25: 1 | L25: 2 | M25: Common2 | N25: DevilSkillDmgRatio | O25: =ROUND(O24*1.1, 0) -> 2200 | P25: SoulHp | Q25: =R25&","&S25 -> 1300,1600 | R25: =ROUND(R24*1.3, 0) -> 1300 | S25: =ROUND(R25*1.2, -2) -> 1600 | T25: SoulAtk | U25: =V25&","&W25 -> 120,100 | V25: =ROUND(V24*1.2, 0) -> 120 | W25: =ROUND(V25*1.2, -2) -> 100 | X25: SoulDef | Y25: =Z25&","&AA25 -> 104,100 | Z25: =ROUND(Z24*1.3, 0) -> 104 | AA25: =ROUND(Z25*1.2, -2) -> 100 | AB25: 100000 | AC25: =_xlfn.XLOOKUP($B25, '#참조'!$M:$M, '#참조'!$N:$N) -> #N/A | AD25: =M25&"_"&AC25 -> #N/A | AE25: =IF(I25=0,0,INT(G25&H25&TEXT(I25,"00"))) -> 0
A26: =INT(1&TEXT(RIGHT(B26,4),"0000")&TEXT(L26,"000")) -> 10296003 | B26: 10000296 | C26: ui_persona | D26: PersonaPortrait | E26: ="Persona_"&_xlfn.XLOOKUP($B26, '#캐릭터'!$A:$A, '#캐릭터'!$C:$C) -> Persona_c296 | G26: =_xlfn.XLOOKUP(_xlfn.XLOOKUP(B26,'[1]Detail<Child>'!$A:$A,'[1]Detail<Child>'!$N:$N),'#참조'!P:P,'#참조'!Q:Q) -> 4 | H26: =_xlfn.XLOOKUP(_xlfn.XLOOKUP(B26,'[1]Detail<Child>'!$A:$A,'[1]Detail<Child>'!$O:$O),'#참조'!R:R,'#참조'!S:S) -> 1 | I26: 0 | J26: 3 | K26: 1 | L26: 3 | M26: Common3 | N26: DevilSkillDmgRatio | O26: =ROUND(O25*1.1, 0) -> 2420 | P26: SoulHp | Q26: =R26&","&S26 -> 1690,2000 | R26: =ROUND(R25*1.3, 0) -> 1690 | S26: =ROUND(R26*1.2, -2) -> 2000 | T26: SoulAtk | U26: =V26&","&W26 -> 144,200 | V26: =ROUND(V25*1.2, 0) -> 144 | W26: =ROUND(V26*1.2, -2) -> 200 | X26: SoulDef | Y26: =Z26&","&AA26 -> 135,200 | Z26: =ROUND(Z25*1.3, 0) -> 135 | AA26: =ROUND(Z26*1.2, -2) -> 200 | AB26: 100000 | AC26: =_xlfn.XLOOKUP($B26, '#참조'!$M:$M, '#참조'!$N:$N) -> #N/A | AD26: =M26&"_"&AC26 -> #N/A | AE26: =IF(I26=0,0,INT(G26&H26&TEXT(I26,"00"))) -> 0
A27: =INT(1&TEXT(RIGHT(B27,4),"0000")&TEXT(L27,"000")) -> 10296004 | B27: 10000296 | C27: ui_persona | D27: PersonaPortrait | E27: ="Persona_"&_xlfn.XLOOKUP($B27, '#캐릭터'!$A:$A, '#캐릭터'!$C:$C) -> Persona_c296 | G27: =_xlfn.XLOOKUP(_xlfn.XLOOKUP(B27,'[1]Detail<Child>'!$A:$A,'[1]Detail<Child>'!$N:$N),'#참조'!P:P,'#참조'!Q:Q) -> 4 | H27: =_xlfn.XLOOKUP(_xlfn.XLOOKUP(B27,'[1]Detail<Child>'!$A:$A,'[1]Detail<Child>'!$O:$O),'#참조'!R:R,'#참조'!S:S) -> 1 | I27: 0 | J27: 3 | K27: 2 | L27: 4 | M27: Uncommon1 | N27: DevilSkillDmgRatio | O27: =ROUND(O26*1.1, 0) -> 2662 | P27: SoulHp | Q27: =R27&","&S27 -> 2197,2600 | R27: =ROUND(R26*1.3, 0) -> 2197 | S27: =ROUND(R27*1.2, -2) -> 2600 | T27: SoulAtk | U27: =V27&","&W27 -> 173,200 | V27: =ROUND(V26*1.2, 0) -> 173 | W27: =ROUND(V27*1.2, -2) -> 200 | X27: SoulDef | Y27: =Z27&","&AA27 -> 176,200 | Z27: =ROUND(Z26*1.3, 0) -> 176 | AA27: =ROUND(Z27*1.2, -2) -> 200 | AB27: 95000 | AC27: =_xlfn.XLOOKUP($B27, '#참조'!$M:$M, '#참조'!$N:$N) -> #N/A | AD27: =M27&"_"&AC27 -> #N/A | AE27: =IF(I27=0,0,INT(G27&H27&TEXT(I27,"00"))) -> 0
A28: =INT(1&TEXT(RIGHT(B28,4),"0000")&TEXT(L28,"000")) -> 10296005 | B28: 10000296 | C28: ui_persona | D28: PersonaPortrait | E28: ="Persona_"&_xlfn.XLOOKUP($B28, '#캐릭터'!$A:$A, '#캐릭터'!$C:$C) -> Persona_c296 | G28: =_xlfn.XLOOKUP(_xlfn.XLOOKUP(B28,'[1]Detail<Child>'!$A:$A,'[1]Detail<Child>'!$N:$N),'#참조'!P:P,'#참조'!Q:Q) -> 4 | H28: =_xlfn.XLOOKUP(_xlfn.XLOOKUP(B28,'[1]Detail<Child>'!$A:$A,'[1]Detail<Child>'!$O:$O),'#참조'!R:R,'#참조'!S:S) -> 1 | I28: 0 | J28: 3 | K28: 2 | L28: 5 | M28: Uncommon2 | N28: DevilSkillDmgRatio | O28: =ROUND(O27*1.1, 0) -> 2928 | P28: SoulHp | Q28: =R28&","&S28 -> 2856,3400 | R28: =ROUND(R27*1.3, 0) -> 2856 | S28: =ROUND(R28*1.2, -2) -> 3400 | T28: SoulAtk | U28: =V28&","&W28 -> 208,200 | V28: =ROUND(V27*1.2, 0) -> 208 | W28: =ROUND(V28*1.2, -2) -> 200 | X28: SoulDef | Y28: =Z28&","&AA28 -> 229,300 | Z28: =ROUND(Z27*1.3, 0) -> 229 | AA28: =ROUND(Z28*1.2, -2) -> 300 | AB28: 95000 | AC28: =_xlfn.XLOOKUP($B28, '#참조'!$M:$M, '#참조'!$N:$N) -> #N/A | AD28: =M28&"_"&AC28 -> #N/A | AE28: =IF(I28=0,0,INT(G28&H28&TEXT(I28,"00"))) -> 0
A29: =INT(1&TEXT(RIGHT(B29,4),"0000")&TEXT(L29,"000")) -> 10296006 | B29: 10000296 | C29: ui_persona | D29: PersonaPortrait | E29: ="Persona_"&_xlfn.XLOOKUP($B29, '#캐릭터'!$A:$A, '#캐릭터'!$C:$C) -> Persona_c296 | G29: =_xlfn.XLOOKUP(_xlfn.XLOOKUP(B29,'[1]Detail<Child>'!$A:$A,'[1]Detail<Child>'!$N:$N),'#참조'!P:P,'#참조'!Q:Q) -> 4 | H29: =_xlfn.XLOOKUP(_xlfn.XLOOKUP(B29,'[1]Detail<Child>'!$A:$A,'[1]Detail<Child>'!$O:$O),'#참조'!R:R,'#참조'!S:S) -> 1 | I29: 0 | J29: 3 | K29: 2 | L29: 6 | M29: Uncommon3 | N29: DevilSkillDmgRatio | O29: =ROUND(O28*1.1, 0) -> 3221 | P29: SoulHp | Q29: =R29&","&S29 -> 3713,4500 | R29: =ROUND(R28*1.3, 0) -> 3713 | S29: =ROUND(R29*1.2, -2) -> 4500 | T29: SoulAtk | U29: =V29&","&W29 -> 250,300 | V29: =ROUND(V28*1.2, 0) -> 250 | W29: =ROUND(V29*1.2, -2) -> 300 | X29: SoulDef | Y29: =Z29&","&AA29 -> 298,400 | Z29: =ROUND(Z28*1.3, 0) -> 298 | AA29: =ROUND(Z29*1.2, -2) -> 400 | AB29: 95000 | AC29: =_xlfn.XLOOKUP($B29, '#참조'!$M:$M, '#참조'!$N:$N) -> #N/A | AD29: =M29&"_"&AC29 -> #N/A | AE29: =IF(I29=0,0,INT(G29&H29&TEXT(I29,"00"))) -> 0
A30: =INT(1&TEXT(RIGHT(B30,4),"0000")&TEXT(L30,"000")) -> 10296007 | B30: 10000296 | C30: ui_persona | D30: PersonaPortrait | E30: ="Persona_"&_xlfn.XLOOKUP($B30, '#캐릭터'!$A:$A, '#캐릭터'!$C:$C) -> Persona_c296 | G30: =_xlfn.XLOOKUP(_xlfn.XLOOKUP(B30,'[1]Detail<Child>'!$A:$A,'[1]Detail<Child>'!$N:$N),'#참조'!P:P,'#참조'!Q:Q) -> 4 | H30: =_xlfn.XLOOKUP(_xlfn.XLOOKUP(B30,'[1]Detail<Child>'!$A:$A,'[1]Detail<Child>'!$O:$O),'#참조'!R:R,'#참조'!S:S) -> 1 | I30: 1 | J30: 3 | K30: 3 | L30: 7 | M30: Rare1 | N30: DevilSkillDmgRatio | O30: =ROUND(O29*1.1, 0) -> 3543 | P30: SoulHp | Q30: =R30&","&S30 -> 4827,5800 | R30: =ROUND(R29*1.3, 0) -> 4827 | S30: =ROUND(R30*1.2, -2) -> 5800 | T30: SoulAtk | U30: =V30&","&W30 -> 300,400 | V30: =ROUND(V29*1.2, 0) -> 300 | W30: =ROUND(V30*1.2, -2) -> 400 | X30: SoulDef | Y30: =Z30&","&AA30 -> 387,500 | Z30: =ROUND(Z29*1.3, 0) -> 387 | AA30: =ROUND(Z30*1.2, -2) -> 500 | AB30: 90000 | AC30: =_xlfn.XLOOKUP($B30, '#참조'!$M:$M, '#참조'!$N:$N) -> #N/A | AD30: =M30&"_"&AC30 -> #N/A | AE30: =IF(I30=0,0,INT(G30&H30&TEXT(I30,"00"))) -> 4101
A31: =INT(1&TEXT(RIGHT(B31,4),"0000")&TEXT(L31,"000")) -> 10296008 | B31: 10000296 | C31: ui_persona | D31: PersonaPortrait | E31: ="Persona_"&_xlfn.XLOOKUP($B31, '#캐릭터'!$A:$A, '#캐릭터'!$C:$C) -> Persona_c296 | G31: =_xlfn.XLOOKUP(_xlfn.XLOOKUP(B31,'[1]Detail<Child>'!$A:$A,'[1]Detail<Child>'!$N:$N),'#참조'!P:P,'#참조'!Q:Q) -> 4 | H31: =_xlfn.XLOOKUP(_xlfn.XLOOKUP(B31,'[1]Detail<Child>'!$A:$A,'[1]Detail<Child>'!$O:$O),'#참조'!R:R,'#참조'!S:S) -> 1 | I31: 1 | J31: 3 | K31: 3 | L31: 8 | M31: Rare2 | N31: DevilSkillDmgRatio | O31: =ROUND(O30*1.1, 0) -> 3897 | P31: SoulHp | Q31: =R31&","&S31 -> 6275,7500 | R31: =ROUND(R30*1.3, 0) -> 6275 | S31: =ROUND(R31*1.2, -2) -> 7500 | T31: SoulAtk | U31: =V31&","&W31 -> 360,400 | V31: =ROUND(V30*1.2, 0) -> 360 | W31: =ROUND(V31*1.2, -2) -> 400 | X31: SoulDef | Y31: =Z31&","&AA31 -> 503,600 | Z31: =ROUND(Z30*1.3, 0) -> 503 | AA31: =ROUND(Z31*1.2, -2) -> 600 | AB31: 90000 | AC31: =_xlfn.XLOOKUP($B31, '#참조'!$M:$M, '#참조'!$N:$N) -> #N/A | AD31: =M31&"_"&AC31 -> #N/A | AE31: =IF(I31=0,0,INT(G31&H31&TEXT(I31,"00"))) -> 4101
A32: =INT(1&TEXT(RIGHT(B32,4),"0000")&TEXT(L32,"000")) -> 10296009 | B32: 10000296 | C32: ui_persona | D32: PersonaPortrait | E32: ="Persona_"&_xlfn.XLOOKUP($B32, '#캐릭터'!$A:$A, '#캐릭터'!$C:$C) -> Persona_c296 | G32: =_xlfn.XLOOKUP(_xlfn.XLOOKUP(B32,'[1]Detail<Child>'!$A:$A,'[1]Detail<Child>'!$N:$N),'#참조'!P:P,'#참조'!Q:Q) -> 4 | H32: =_xlfn.XLOOKUP(_xlfn.XLOOKUP(B32,'[1]Detail<Child>'!$A:$A,'[1]Detail<Child>'!$O:$O),'#참조'!R:R,'#참조'!S:S) -> 1 | I32: 2 | J32: 3 | K32: 3 | L32: 9 | M32: Rare3 | N32: DevilSkillDmgRatio | O32: =ROUND(O31*1.1, 0) -> 4287 | P32: SoulHp | Q32: =R32&","&S32 -> 8158,9800 | R32: =ROUND(R31*1.3, 0) -> 8158 | S32: =ROUND(R32*1.2, -2) -> 9800 | T32: SoulAtk | U32: =V32&","&W32 -> 432,500 | V32: =ROUND(V31*1.2, 0) -> 432 | W32: =ROUND(V32*1.2, -2) -> 500 | X32: SoulDef | Y32: =Z32&","&AA32 -> 654,800 | Z32: =ROUND(Z31*1.3, 0) -> 654 | AA32: =ROUND(Z32*1.2, -2) -> 800 | AB32: 90000 | AC32: =_xlfn.XLOOKUP($B32, '#참조'!$M:$M, '#참조'!$N:$N) -> #N/A | AD32: =M32&"_"&AC32 -> #N/A | AE32: =IF(I32=0,0,INT(G32&H32&TEXT(I32,"00"))) -> 4102
A33: =INT(1&TEXT(RIGHT(B33,4),"0000")&TEXT(L33,"000")) -> 10296010 | B33: 10000296 | C33: ui_persona | D33: PersonaPortrait | E33: ="Persona_"&_xlfn.XLOOKUP($B33, '#캐릭터'!$A:$A, '#캐릭터'!$C:$C) -> Persona_c296 | G33: =_xlfn.XLOOKUP(_xlfn.XLOOKUP(B33,'[1]Detail<Child>'!$A:$A,'[1]Detail<Child>'!$N:$N),'#참조'!P:P,'#참조'!Q:Q) -> 4 | H33: =_xlfn.XLOOKUP(_xlfn.XLOOKUP(B33,'[1]Detail<Child>'!$A:$A,'[1]Detail<Child>'!$O:$O),'#참조'!R:R,'#참조'!S:S) -> 1 | I33: 2 | J33: 3 | K33: 4 | L33: 10 | M33: Unique1 | N33: DevilSkillDmgRatio | O33: =ROUND(O32*1.1, 0) -> 4716 | P33: SoulHp | Q33: =R33&","&S33 -> 10605,12700 | R33: =ROUND(R32*1.3, 0) -> 10605 | S33: =ROUND(R33*1.2, -2) -> 12700 | T33: SoulAtk | U33: =V33&","&W33 -> 518,600 | V33: =ROUND(V32*1.2, 0) -> 518 | W33: =ROUND(V33*1.2, -2) -> 600 | X33: SoulDef | Y33: =Z33&","&AA33 -> 850,1000 | Z33: =ROUND(Z32*1.3, 0) -> 850 | AA33: =ROUND(Z33*1.2, -2) -> 1000 | AB33: 85000 | AC33: =_xlfn.XLOOKUP($B33, '#참조'!$M:$M, '#참조'!$N:$N) -> #N/A | AD33: =M33&"_"&AC33 -> #N/A | AE33: =IF(I33=0,0,INT(G33&H33&TEXT(I33,"00"))) -> 4102
A34: =INT(1&TEXT(RIGHT(B34,4),"0000")&TEXT(L34,"000")) -> 10296011 | B34: 10000296 | C34: ui_persona | D34: PersonaPortrait | E34: ="Persona_"&_xlfn.XLOOKUP($B34, '#캐릭터'!$A:$A, '#캐릭터'!$C:$C) -> Persona_c296 | G34: =_xlfn.XLOOKUP(_xlfn.XLOOKUP(B34,'[1]Detail<Child>'!$A:$A,'[1]Detail<Child>'!$N:$N),'#참조'!P:P,'#참조'!Q:Q) -> 4 | H34: =_xlfn.XLOOKUP(_xlfn.XLOOKUP(B34,'[1]Detail<Child>'!$A:$A,'[1]Detail<Child>'!$O:$O),'#참조'!R:R,'#참조'!S:S) -> 1 | I34: 3 | J34: 3 | K34: 4 | L34: 11 | M34: Unique2 | N34: DevilSkillDmgRatio | O34: =ROUND(O33*1.1, 0) -> 5188 | P34: SoulHp | Q34: =R34&","&S34 -> 13787,16500 | R34: =ROUND(R33*1.3, 0) -> 13787 | S34: =ROUND(R34*1.2, -2) -> 16500 | T34: SoulAtk | U34: =V34&","&W34 -> 622,700 | V34: =ROUND(V33*1.2, 0) -> 622 | W34: =ROUND(V34*1.2, -2) -> 700 | X34: SoulDef | Y34: =Z34&","&AA34 -> 1105,1300 | Z34: =ROUND(Z33*1.3, 0) -> 1105 | AA34: =ROUND(Z34*1.2, -2) -> 1300 | AB34: 85000 | AC34: =_xlfn.XLOOKUP($B34, '#참조'!$M:$M, '#참조'!$N:$N) -> #N/A | AD34: =M34&"_"&AC34 -> #N/A | AE34: =IF(I34=0,0,INT(G34&H34&TEXT(I34,"00"))) -> 4103
A35: =INT(1&TEXT(RIGHT(B35,4),"0000")&TEXT(L35,"000")) -> 10296012 | B35: 10000296 | C35: ui_persona | D35: PersonaPortrait | E35: ="Persona_"&_xlfn.XLOOKUP($B35, '#캐릭터'!$A:$A, '#캐릭터'!$C:$C) -> Persona_c296 | G35: =_xlfn.XLOOKUP(_xlfn.XLOOKUP(B35,'[1]Detail<Child>'!$A:$A,'[1]Detail<Child>'!$N:$N),'#참조'!P:P,'#참조'!Q:Q) -> 4 | H35: =_xlfn.XLOOKUP(_xlfn.XLOOKUP(B35,'[1]Detail<Child>'!$A:$A,'[1]Detail<Child>'!$O:$O),'#참조'!R:R,'#참조'!S:S) -> 1 | I35: 3 | J35: 3 | K35: 4 | L35: 12 | M35: Unique3 | N35: DevilSkillDmgRatio | O35: =ROUND(O34*1.1, 0) -> 5707 | P35: SoulHp | Q35: =R35&","&S35 -> 17923,21500 | R35: =ROUND(R34*1.3, 0) -> 17923 | S35: =ROUND(R35*1.2, -2) -> 21500 | T35: SoulAtk | U35: =V35&","&W35 -> 746,900 | V35: =ROUND(V34*1.2, 0) -> 746 | W35: =ROUND(V35*1.2, -2) -> 900 | X35: SoulDef | Y35: =Z35&","&AA35 -> 1437,1700 | Z35: =ROUND(Z34*1.3, 0) -> 1437 | AA35: =ROUND(Z35*1.2, -2) -> 1700 | AB35: 85000 | AC35: =_xlfn.XLOOKUP($B35, '#참조'!$M:$M, '#참조'!$N:$N) -> #N/A | AD35: =M35&"_"&AC35 -> #N/A | AE35: =IF(I35=0,0,INT(G35&H35&TEXT(I35,"00"))) -> 4103
A36: =INT(1&TEXT(RIGHT(B36,4),"0000")&TEXT(L36,"000")) -> 10296013 | B36: 10000296 | C36: ui_persona | D36: PersonaPortrait | E36: ="Persona_"&_xlfn.XLOOKUP($B36, '#캐릭터'!$A:$A, '#캐릭터'!$C:$C) -> Persona_c296 | G36: =_xlfn.XLOOKUP(_xlfn.XLOOKUP(B36,'[1]Detail<Child>'!$A:$A,'[1]Detail<Child>'!$N:$N),'#참조'!P:P,'#참조'!Q:Q) -> 4 | H36: =_xlfn.XLOOKUP(_xlfn.XLOOKUP(B36,'[1]Detail<Child>'!$A:$A,'[1]Detail<Child>'!$O:$O),'#참조'!R:R,'#참조'!S:S) -> 1 | I36: 4 | J36: 3 | K36: 5 | L36: 13 | M36: Epic1 | N36: DevilSkillDmgRatio | O36: =ROUND(O35*1.1, 0) -> 6278 | P36: SoulHp | Q36: =R36&","&S36 -> 23300,28000 | R36: =ROUND(R35*1.3, 0) -> 23300 | S36: =ROUND(R36*1.2, -2) -> 28000 | T36: SoulAtk | U36: =V36&","&W36 -> 895,1100 | V36: =ROUND(V35*1.2, 0) -> 895 | W36: =ROUND(V36*1.2, -2) -> 1100 | X36: SoulDef | Y36: =Z36&","&AA36 -> 1868,2200 | Z36: =ROUND(Z35*1.3, 0) -> 1868 | AA36: =ROUND(Z36*1.2, -2) -> 2200 | AB36: 80000 | AC36: =_xlfn.XLOOKUP($B36, '#참조'!$M:$M, '#참조'!$N:$N) -> #N/A | AD36: =M36&"_"&AC36 -> #N/A | AE36: =IF(I36=0,0,INT(G36&H36&TEXT(I36,"00"))) -> 4104
... A41: =INT(1&TEXT(RIGHT(B41,4),"0000")&TEXT(L41,"000")) -> 10296018 | B41: 10000296 | C41: ui_persona | D41: PersonaPortrait | E41: ="Persona_"&_xlfn.XLOOKUP($B41, '#캐릭터'!$A:$A, '#캐릭터'!$C:$C) -> Persona_c296 | G41: =_xlfn.XLOOKUP(_xlfn.XLOOKUP(B41,'[1]Detail<Child>'!$A:$A,'[1]Detail<Child>'!$N:$N),'#참조'!P:P,'#참조'!Q:Q) -> 4 | H41: =_xlfn.XLOOKUP(_xlfn.XLOOKUP(B41,'[1]Detail<Child>'!$A:$A,'[1]Detail<Child>'!$O:$O),'#참조'!R:R,'#참조'!S:S) -> 1 | I41: 6 | J41: 3 | K41: 6 | L41: 18 | M41: Legendary3 | N41: DevilSkillDmgRatio | O41: =ROUND(O40*1.1, 0) -> 10112 | P41: SoulHp | Q41: =R41&","&S41 -> 86511,103800 | R41: =ROUND(R40*1.3, 0) -> 86511 | S41: =ROUND(R41*1.2, -2) -> 103800 | T41: SoulAtk | U41: =V41&","&W41 -> 2227,2700 | V41: =ROUND(V40*1.2, 0) -> 2227 | W41: =ROUND(V41*1.2, -2) -> 2700 | X41: SoulDef | Y41: =Z41&","&AA41 -> 6934,8300 | Z41: =ROUND(Z40*1.3, 0) -> 6934 | AA41: =ROUND(Z41*1.2, -2) -> 8300 | AB41: 75000 | AC41: =_xlfn.XLOOKUP($B41, '#참조'!$M:$M, '#참조'!$N:$N) -> #N/A | AD41: =M41&"_"&AC41 -> #N/A | AE41: =IF(I41=0,0,INT(G41&H41&TEXT(I41,"00"))) -> 4106
A42: =INT(1&TEXT(RIGHT(B42,4),"0000")&TEXT(L42,"000")) -> 10003000 | B42: 10000003 | C42: ui_persona | D42: PersonaPortrait | E42: ="Persona_"&_xlfn.XLOOKUP($B42, '#캐릭터'!$A:$A, '#캐릭터'!$C:$C) -> Persona_c003 | G42: =_xlfn.XLOOKUP(_xlfn.XLOOKUP(B42,'[1]Detail<Child>'!$A:$A,'[1]Detail<Child>'!$N:$N),'#참조'!P:P,'#참조'!Q:Q) -> 1 | H42: =_xlfn.XLOOKUP(_xlfn.XLOOKUP(B42,'[1]Detail<Child>'!$A:$A,'[1]Detail<Child>'!$O:$O),'#참조'!R:R,'#참조'!S:S) -> 4 | I42: 0 | J42: 3 | K42: 0 | L42: 0 | M42: Default | N42: DevilSkillDmgRatio | O42: 0 | P42: SoulHp | Q42: =R42&","&S42 -> 1000,1000 | R42: 1000 | S42: =R42 -> 1000 | T42: SoulAtk | U42: =V42&","&W42 -> 100,100 | V42: 100 | W42: =V42 -> 100 | X42: SoulDef | Y42: =Z42&","&AA42 -> 80,80 | Z42: 80 | AA42: =Z42 -> 80 | AB42: 100000 | AE42: =IF(I42=0,0,INT(G42&H42&TEXT(I42,"00"))) -> 0
A43: =INT(1&TEXT(RIGHT(B43,4),"0000")&TEXT(L43,"000")) -> 10003001 | B43: 10000003 | C43: ui_persona | D43: PersonaPortrait | E43: ="Persona_"&_xlfn.XLOOKUP($B43, '#캐릭터'!$A:$A, '#캐릭터'!$C:$C) -> Persona_c003 | G43: =_xlfn.XLOOKUP(_xlfn.XLOOKUP(B43,'[1]Detail<Child>'!$A:$A,'[1]Detail<Child>'!$N:$N),'#참조'!P:P,'#참조'!Q:Q) -> 1 | H43: =_xlfn.XLOOKUP(_xlfn.XLOOKUP(B43,'[1]Detail<Child>'!$A:$A,'[1]Detail<Child>'!$O:$O),'#참조'!R:R,'#참조'!S:S) -> 4 | I43: 0 | J43: 1 | K43: 1 | L43: 1 | M43: Common1 | N43: DevilSkillDmgRatio | O43: 2000 | P43: SoulHp | Q43: =R43&","&S43 -> 1000,1200 | R43: 1000 | S43: =ROUND(R43*1.2, -2) -> 1200 | T43: SoulAtk | U43: =V43&","&W43 -> 100,100 | V43: 100 | W43: =ROUND(V43*1.2, -2) -> 100 | X43: SoulDef | Y43: =Z43&","&AA43 -> 80,100 | Z43: 80 | AA43: =ROUND(Z43*1.2, -2) -> 100 | AB43: 100000 | AC43: =_xlfn.XLOOKUP($B43, '#참조'!$M:$M, '#참조'!$N:$N) -> 다비 | AD43: =M43&"_"&AC43 -> Common1_다비 | AE43: =IF(I43=0,0,INT(G43&H43&TEXT(I43,"00"))) -> 0
A44: =INT(1&TEXT(RIGHT(B44,4),"0000")&TEXT(L44,"000")) -> 10003002 | B44: 10000003 | C44: ui_persona | D44: PersonaPortrait | E44: ="Persona_"&_xlfn.XLOOKUP($B44, '#캐릭터'!$A:$A, '#캐릭터'!$C:$C) -> Persona_c003 | G44: =_xlfn.XLOOKUP(_xlfn.XLOOKUP(B44,'[1]Detail<Child>'!$A:$A,'[1]Detail<Child>'!$N:$N),'#참조'!P:P,'#참조'!Q:Q) -> 1 | H44: =_xlfn.XLOOKUP(_xlfn.XLOOKUP(B44,'[1]Detail<Child>'!$A:$A,'[1]Detail<Child>'!$O:$O),'#참조'!R:R,'#참조'!S:S) -> 4 | I44: 0 | J44: 1 | K44: 1 | L44: 2 | M44: Common2 | N44: DevilSkillDmgRatio | O44: =ROUND(O43*1.1, 0) -> 2200 | P44: SoulHp | Q44: =R44&","&S44 -> 1300,1600 | R44: =ROUND(R43*1.3, 0) -> 1300 | S44: =ROUND(R44*1.2, -2) -> 1600 | T44: SoulAtk | U44: =V44&","&W44 -> 120,100 | V44: =ROUND(V43*1.2, 0) -> 120 | W44: =ROUND(V44*1.2, -2) -> 100 | X44: SoulDef | Y44: =Z44&","&AA44 -> 104,100 | Z44: =ROUND(Z43*1.3, 0) -> 104 | AA44: =ROUND(Z44*1.2, -2) -> 100 | AB44: 100000 | AC44: =_xlfn.XLOOKUP($B44, '#참조'!$M:$M, '#참조'!$N:$N) -> 다비 | AD44: =M44&"_"&AC44 -> Common2_다비 | AE44: =IF(I44=0,0,INT(G44&H44&TEXT(I44,"00"))) -> 0
A45: =INT(1&TEXT(RIGHT(B45,4),"0000")&TEXT(L45,"000")) -> 10003003 | B45: 10000003 | C45: ui_persona | D45: PersonaPortrait | E45: ="Persona_"&_xlfn.XLOOKUP($B45, '#캐릭터'!$A:$A, '#캐릭터'!$C:$C) -> Persona_c003 | G45: =_xlfn.XLOOKUP(_xlfn.XLOOKUP(B45,'[1]Detail<Child>'!$A:$A,'[1]Detail<Child>'!$N:$N),'#참조'!P:P,'#참조'!Q:Q) -> 1 | H45: =_xlfn.XLOOKUP(_xlfn.XLOOKUP(B45,'[1]Detail<Child>'!$A:$A,'[1]Detail<Child>'!$O:$O),'#참조'!R:R,'#참조'!S:S) -> 4 | I45: 0 | J45: 1 | K45: 1 | L45: 3 | M45: Common3 | N45: DevilSkillDmgRatio | O45: =ROUND(O44*1.1, 0) -> 2420 | P45: SoulHp | Q45: =R45&","&S45 -> 1690,2000 | R45: =ROUND(R44*1.3, 0) -> 1690 | S45: =ROUND(R45*1.2, -2) -> 2000 | T45: SoulAtk | U45: =V45&","&W45 -> 144,200 | V45: =ROUND(V44*1.2, 0) -> 144 | W45: =ROUND(V45*1.2, -2) -> 200 | X45: SoulDef | Y45: =Z45&","&AA45 -> 135,200 | Z45: =ROUND(Z44*1.3, 0) -> 135 | AA45: =ROUND(Z45*1.2, -2) -> 200 | AB45: 100000 | AC45: =_xlfn.XLOOKUP($B45, '#참조'!$M:$M, '#참조'!$N:$N) -> 다비 | AD45: =M45&"_"&AC45 -> Common3_다비 | AE45: =IF(I45=0,0,INT(G45&H45&TEXT(I45,"00"))) -> 0
A46: =INT(1&TEXT(RIGHT(B46,4),"0000")&TEXT(L46,"000")) -> 10003004 | B46: 10000003 | C46: ui_persona | D46: PersonaPortrait | E46: ="Persona_"&_xlfn.XLOOKUP($B46, '#캐릭터'!$A:$A, '#캐릭터'!$C:$C) -> Persona_c003 | G46: =_xlfn.XLOOKUP(_xlfn.XLOOKUP(B46,'[1]Detail<Child>'!$A:$A,'[1]Detail<Child>'!$N:$N),'#참조'!P:P,'#참조'!Q:Q) -> 1 | H46: =_xlfn.XLOOKUP(_xlfn.XLOOKUP(B46,'[1]Detail<Child>'!$A:$A,'[1]Detail<Child>'!$O:$O),'#참조'!R:R,'#참조'!S:S) -> 4 | I46: 0 | J46: 1 | K46: 2 | L46: 4 | M46: Uncommon1 | N46: DevilSkillDmgRatio | O46: =ROUND(O45*1.1, 0) -> 2662 | P46: SoulHp | Q46: =R46&","&S46 -> 2197,2600 | R46: =ROUND(R45*1.3, 0) -> 2197 | S46: =ROUND(R46*1.2, -2) -> 2600 | T46: SoulAtk | U46: =V46&","&W46 -> 173,200 | V46: =ROUND(V45*1.2, 0) -> 173 | W46: =ROUND(V46*1.2, -2) -> 200 | X46: SoulDef | Y46: =Z46&","&AA46 -> 176,200 | Z46: =ROUND(Z45*1.3, 0) -> 176 | AA46: =ROUND(Z46*1.2, -2) -> 200 | AB46: 95000 | AC46: =_xlfn.XLOOKUP($B46, '#참조'!$M:$M, '#참조'!$N:$N) -> 다비 | AD46: =M46&"_"&AC46 -> Uncommon1_다비 | AE46: =IF(I46=0,0,INT(G46&H46&TEXT(I46,"00"))) -> 0
A47: =INT(1&TEXT(RIGHT(B47,4),"0000")&TEXT(L47,"000")) -> 10003005 | B47: 10000003 | C47: ui_persona | D47: PersonaPortrait | E47: ="Persona_"&_xlfn.XLOOKUP($B47, '#캐릭터'!$A:$A, '#캐릭터'!$C:$C) -> Persona_c003 | G47: =_xlfn.XLOOKUP(_xlfn.XLOOKUP(B47,'[1]Detail<Child>'!$A:$A,'[1]Detail<Child>'!$N:$N),'#참조'!P:P,'#참조'!Q:Q) -> 1 | H47: =_xlfn.XLOOKUP(_xlfn.XLOOKUP(B47,'[1]Detail<Child>'!$A:$A,'[1]Detail<Child>'!$O:$O),'#참조'!R:R,'#참조'!S:S) -> 4 | I47: 0 | J47: 1 | K47: 2 | L47: 5 | M47: Uncommon2 | N47: DevilSkillDmgRatio | O47: =ROUND(O46*1.1, 0) -> 2928 | P47: SoulHp | Q47: =R47&","&S47 -> 2856,3400 | R47: =ROUND(R46*1.3, 0) -> 2856 | S47: =ROUND(R47*1.2, -2) -> 3400 | T47: SoulAtk | U47: =V47&","&W47 -> 208,200 | V47: =ROUND(V46*1.2, 0) -> 208 | W47: =ROUND(V47*1.2, -2) -> 200 | X47: SoulDef | Y47: =Z47&","&AA47 -> 229,300 | Z47: =ROUND(Z46*1.3, 0) -> 229 | AA47: =ROUND(Z47*1.2, -2) -> 300 | AB47: 95000 | AC47: =_xlfn.XLOOKUP($B47, '#참조'!$M:$M, '#참조'!$N:$N) -> 다비 | AD47: =M47&"_"&AC47 -> Uncommon2_다비 | AE47: =IF(I47=0,0,INT(G47&H47&TEXT(I47,"00"))) -> 0
A48: =INT(1&TEXT(RIGHT(B48,4),"0000")&TEXT(L48,"000")) -> 10003006 | B48: 10000003 | C48: ui_persona | D48: PersonaPortrait | E48: ="Persona_"&_xlfn.XLOOKUP($B48, '#캐릭터'!$A:$A, '#캐릭터'!$C:$C) -> Persona_c003 | G48: =_xlfn.XLOOKUP(_xlfn.XLOOKUP(B48,'[1]Detail<Child>'!$A:$A,'[1]Detail<Child>'!$N:$N),'#참조'!P:P,'#참조'!Q:Q) -> 1 | H48: =_xlfn.XLOOKUP(_xlfn.XLOOKUP(B48,'[1]Detail<Child>'!$A:$A,'[1]Detail<Child>'!$O:$O),'#참조'!R:R,'#참조'!S:S) -> 4 | I48: 0 | J48: 1 | K48: 2 | L48: 6 | M48: Uncommon3 | N48: DevilSkillDmgRatio | O48: =ROUND(O47*1.1, 0) -> 3221 | P48: SoulHp | Q48: =R48&","&S48 -> 3713,4500 | R48: =ROUND(R47*1.3, 0) -> 3713 | S48: =ROUND(R48*1.2, -2) -> 4500 | T48: SoulAtk | U48: =V48&","&W48 -> 250,300 | V48: =ROUND(V47*1.2, 0) -> 250 | W48: =ROUND(V48*1.2, -2) -> 300 | X48: SoulDef | Y48: =Z48&","&AA48 -> 298,400 | Z48: =ROUND(Z47*1.3, 0) -> 298 | AA48: =ROUND(Z48*1.2, -2) -> 400 | AB48: 95000 | AC48: =_xlfn.XLOOKUP($B48, '#참조'!$M:$M, '#참조'!$N:$N) -> 다비 | AD48: =M48&"_"&AC48 -> Uncommon3_다비 | AE48: =IF(I48=0,0,INT(G48&H48&TEXT(I48,"00"))) -> 0
A49: =INT(1&TEXT(RIGHT(B49,4),"0000")&TEXT(L49,"000")) -> 10003007 | B49: 10000003 | C49: ui_persona | D49: PersonaPortrait | E49: ="Persona_"&_xlfn.XLOOKUP($B49, '#캐릭터'!$A:$A, '#캐릭터'!$C:$C) -> Persona_c003 | G49: =_xlfn.XLOOKUP(_xlfn.XLOOKUP(B49,'[1]Detail<Child>'!$A:$A,'[1]Detail<Child>'!$N:$N),'#참조'!P:P,'#참조'!Q:Q) -> 1 | H49: =_xlfn.XLOOKUP(_xlfn.XLOOKUP(B49,'[1]Detail<Child>'!$A:$A,'[1]Detail<Child>'!$O:$O),'#참조'!R:R,'#참조'!S:S) -> 4 | I49: 1 | J49: 1 | K49: 3 | L49: 7 | M49: Rare1 | N49: DevilSkillDmgRatio | O49: =ROUND(O48*1.1, 0) -> 3543 | P49: SoulHp | Q49: =R49&","&S49 -> 4827,5800 | R49: =ROUND(R48*1.3, 0) -> 4827 | S49: =ROUND(R49*1.2, -2) -> 5800 | T49: SoulAtk | U49: =V49&","&W49 -> 300,400 | V49: =ROUND(V48*1.2, 0) -> 300 | W49: =ROUND(V49*1.2, -2) -> 400 | X49: SoulDef | Y49: =Z49&","&AA49 -> 387,500 | Z49: =ROUND(Z48*1.3, 0) -> 387 | AA49: =ROUND(Z49*1.2, -2) -> 500 | AB49: 90000 | AC49: =_xlfn.XLOOKUP($B49, '#참조'!$M:$M, '#참조'!$N:$N) -> 다비 | AD49: =M49&"_"&AC49 -> Rare1_다비 | AE49: =IF(I49=0,0,INT(G49&H49&TEXT(I49,"00"))) -> 1401
A50: =INT(1&TEXT(RIGHT(B50,4),"0000")&TEXT(L50,"000")) -> 10003008 | B50: 10000003 | C50: ui_persona | D50: PersonaPortrait | E50: ="Persona_"&_xlfn.XLOOKUP($B50, '#캐릭터'!$A:$A, '#캐릭터'!$C:$C) -> Persona_c003 | G50: =_xlfn.XLOOKUP(_xlfn.XLOOKUP(B50,'[1]Detail<Child>'!$A:$A,'[1]Detail<Child>'!$N:$N),'#참조'!P:P,'#참조'!Q:Q) -> 1 | H50: =_xlfn.XLOOKUP(_xlfn.XLOOKUP(B50,'[1]Detail<Child>'!$A:$A,'[1]Detail<Child>'!$O:$O),'#참조'!R:R,'#참조'!S:S) -> 4 | I50: 1 | J50: 1 | K50: 3 | L50: 8 | M50: Rare2 | N50: DevilSkillDmgRatio | O50: =ROUND(O49*1.1, 0) -> 3897 | P50: SoulHp | Q50: =R50&","&S50 -> 6275,7500 | R50: =ROUND(R49*1.3, 0) -> 6275 | S50: =ROUND(R50*1.2, -2) -> 7500 | T50: SoulAtk | U50: =V50&","&W50 -> 360,400 | V50: =ROUND(V49*1.2, 0) -> 360 | W50: =ROUND(V50*1.2, -2) -> 400 | X50: SoulDef | Y50: =Z50&","&AA50 -> 503,600 | Z50: =ROUND(Z49*1.3, 0) -> 503 | AA50: =ROUND(Z50*1.2, -2) -> 600 | AB50: 90000 | AC50: =_xlfn.XLOOKUP($B50, '#참조'!$M:$M, '#참조'!$N:$N) -> 다비 | AD50: =M50&"_"&AC50 -> Rare2_다비 | AE50: =IF(I50=0,0,INT(G50&H50&TEXT(I50,"00"))) -> 1401
A51: =INT(1&TEXT(RIGHT(B51,4),"0000")&TEXT(L51,"000")) -> 10003009 | B51: 10000003 | C51: ui_persona | D51: PersonaPortrait | E51: ="Persona_"&_xlfn.XLOOKUP($B51, '#캐릭터'!$A:$A, '#캐릭터'!$C:$C) -> Persona_c003 | G51: =_xlfn.XLOOKUP(_xlfn.XLOOKUP(B51,'[1]Detail<Child>'!$A:$A,'[1]Detail<Child>'!$N:$N),'#참조'!P:P,'#참조'!Q:Q) -> 1 | H51: =_xlfn.XLOOKUP(_xlfn.XLOOKUP(B51,'[1]Detail<Child>'!$A:$A,'[1]Detail<Child>'!$O:$O),'#참조'!R:R,'#참조'!S:S) -> 4 | I51: 2 | J51: 1 | K51: 3 | L51: 9 | M51: Rare3 | N51: DevilSkillDmgRatio | O51: =ROUND(O50*1.1, 0) -> 4287 | P51: SoulHp | Q51: =R51&","&S51 -> 8158,9800 | R51: =ROUND(R50*1.3, 0) -> 8158 | S51: =ROUND(R51*1.2, -2) -> 9800 | T51: SoulAtk | U51: =V51&","&W51 -> 432,500 | V51: =ROUND(V50*1.2, 0) -> 432 | W51: =ROUND(V51*1.2, -2) -> 500 | X51: SoulDef | Y51: =Z51&","&AA51 -> 654,800 | Z51: =ROUND(Z50*1.3, 0) -> 654 | AA51: =ROUND(Z51*1.2, -2) -> 800 | AB51: 90000 | AC51: =_xlfn.XLOOKUP($B51, '#참조'!$M:$M, '#참조'!$N:$N) -> 다비 | AD51: =M51&"_"&AC51 -> Rare3_다비 | AE51: =IF(I51=0,0,INT(G51&H51&TEXT(I51,"00"))) -> 1402
A52: =INT(1&TEXT(RIGHT(B52,4),"0000")&TEXT(L52,"000")) -> 10003010 | B52: 10000003 | C52: ui_persona | D52: PersonaPortrait | E52: ="Persona_"&_xlfn.XLOOKUP($B52, '#캐릭터'!$A:$A, '#캐릭터'!$C:$C) -> Persona_c003 | G52: =_xlfn.XLOOKUP(_xlfn.XLOOKUP(B52,'[1]Detail<Child>'!$A:$A,'[1]Detail<Child>'!$N:$N),'#참조'!P:P,'#참조'!Q:Q) -> 1 | H52: =_xlfn.XLOOKUP(_xlfn.XLOOKUP(B52,'[1]Detail<Child>'!$A:$A,'[1]Detail<Child>'!$O:$O),'#참조'!R:R,'#참조'!S:S) -> 4 | I52: 2 | J52: 1 | K52: 4 | L52: 10 | M52: Unique1 | N52: DevilSkillDmgRatio | O52: =ROUND(O51*1.1, 0) -> 4716 | P52: SoulHp | Q52: =R52&","&S52 -> 10605,12700 | R52: =ROUND(R51*1.3, 0) -> 10605 | S52: =ROUND(R52*1.2, -2) -> 12700 | T52: SoulAtk | U52: =V52&","&W52 -> 518,600 | V52: =ROUND(V51*1.2, 0) -> 518 | W52: =ROUND(V52*1.2, -2) -> 600 | X52: SoulDef | Y52: =Z52&","&AA52 -> 850,1000 | Z52: =ROUND(Z51*1.3, 0) -> 850 | AA52: =ROUND(Z52*1.2, -2) -> 1000 | AB52: 85000 | AC52: =_xlfn.XLOOKUP($B52, '#참조'!$M:$M, '#참조'!$N:$N) -> 다비 | AD52: =M52&"_"&AC52 -> Unique1_다비 | AE52: =IF(I52=0,0,INT(G52&H52&TEXT(I52,"00"))) -> 1402
A53: =INT(1&TEXT(RIGHT(B53,4),"0000")&TEXT(L53,"000")) -> 10003011 | B53: 10000003 | C53: ui_persona | D53: PersonaPortrait | E53: ="Persona_"&_xlfn.XLOOKUP($B53, '#캐릭터'!$A:$A, '#캐릭터'!$C:$C) -> Persona_c003 | G53: =_xlfn.XLOOKUP(_xlfn.XLOOKUP(B53,'[1]Detail<Child>'!$A:$A,'[1]Detail<Child>'!$N:$N),'#참조'!P:P,'#참조'!Q:Q) -> 1 | H53: =_xlfn.XLOOKUP(_xlfn.XLOOKUP(B53,'[1]Detail<Child>'!$A:$A,'[1]Detail<Child>'!$O:$O),'#참조'!R:R,'#참조'!S:S) -> 4 | I53: 3 | J53: 1 | K53: 4 | L53: 11 | M53: Unique2 | N53: DevilSkillDmgRatio | O53: =ROUND(O52*1.1, 0) -> 5188 | P53: SoulHp | Q53: =R53&","&S53 -> 13787,16500 | R53: =ROUND(R52*1.3, 0) -> 13787 | S53: =ROUND(R53*1.2, -2) -> 16500 | T53: SoulAtk | U53: =V53&","&W53 -> 622,700 | V53: =ROUND(V52*1.2, 0) -> 622 | W53: =ROUND(V53*1.2, -2) -> 700 | X53: SoulDef | Y53: =Z53&","&AA53 -> 1105,1300 | Z53: =ROUND(Z52*1.3, 0) -> 1105 | AA53: =ROUND(Z53*1.2, -2) -> 1300 | AB53: 85000 | AC53: =_xlfn.XLOOKUP($B53, '#참조'!$M:$M, '#참조'!$N:$N) -> 다비 | AD53: =M53&"_"&AC53 -> Unique2_다비 | AE53: =IF(I53=0,0,INT(G53&H53&TEXT(I53,"00"))) -> 1403
A54: =INT(1&TEXT(RIGHT(B54,4),"0000")&TEXT(L54,"000")) -> 10003012 | B54: 10000003 | C54: ui_persona | D54: PersonaPortrait | E54: ="Persona_"&_xlfn.XLOOKUP($B54, '#캐릭터'!$A:$A, '#캐릭터'!$C:$C) -> Persona_c003 | G54: =_xlfn.XLOOKUP(_xlfn.XLOOKUP(B54,'[1]Detail<Child>'!$A:$A,'[1]Detail<Child>'!$N:$N),'#참조'!P:P,'#참조'!Q:Q) -> 1 | H54: =_xlfn.XLOOKUP(_xlfn.XLOOKUP(B54,'[1]Detail<Child>'!$A:$A,'[1]Detail<Child>'!$O:$O),'#참조'!R:R,'#참조'!S:S) -> 4 | I54: 3 | J54: 1 | K54: 4 | L54: 12 | M54: Unique3 | N54: DevilSkillDmgRatio | O54: =ROUND(O53*1.1, 0) -> 5707 | P54: SoulHp | Q54: =R54&","&S54 -> 17923,21500 | R54: =ROUND(R53*1.3, 0) -> 17923 | S54: =ROUND(R54*1.2, -2) -> 21500 | T54: SoulAtk | U54: =V54&","&W54 -> 746,900 | V54: =ROUND(V53*1.2, 0) -> 746 | W54: =ROUND(V54*1.2, -2) -> 900 | X54: SoulDef | Y54: =Z54&","&AA54 -> 1437,1700 | Z54: =ROUND(Z53*1.3, 0) -> 1437 | AA54: =ROUND(Z54*1.2, -2) -> 1700 | AB54: 85000 | AC54: =_xlfn.XLOOKUP($B54, '#참조'!$M:$M, '#참조'!$N:$N) -> 다비 | AD54: =M54&"_"&AC54 -> Unique3_다비 | AE54: =IF(I54=0,0,INT(G54&H54&TEXT(I54,"00"))) -> 1403
A55: =INT(1&TEXT(RIGHT(B55,4),"0000")&TEXT(L55,"000")) -> 10003013 | B55: 10000003 | C55: ui_persona | D55: PersonaPortrait | E55: ="Persona_"&_xlfn.XLOOKUP($B55, '#캐릭터'!$A:$A, '#캐릭터'!$C:$C) -> Persona_c003 | G55: =_xlfn.XLOOKUP(_xlfn.XLOOKUP(B55,'[1]Detail<Child>'!$A:$A,'[1]Detail<Child>'!$N:$N),'#참조'!P:P,'#참조'!Q:Q) -> 1 | H55: =_xlfn.XLOOKUP(_xlfn.XLOOKUP(B55,'[1]Detail<Child>'!$A:$A,'[1]Detail<Child>'!$O:$O),'#참조'!R:R,'#참조'!S:S) -> 4 | I55: 4 | J55: 1 | K55: 5 | L55: 13 | M55: Epic1 | N55: DevilSkillDmgRatio | O55: =ROUND(O54*1.1, 0) -> 6278 | P55: SoulHp | Q55: =R55&","&S55 -> 23300,28000 | R55: =ROUND(R54*1.3, 0) -> 23300 | S55: =ROUND(R55*1.2, -2) -> 28000 | T55: SoulAtk | U55: =V55&","&W55 -> 895,1100 | V55: =ROUND(V54*1.2, 0) -> 895 | W55: =ROUND(V55*1.2, -2) -> 1100 | X55: SoulDef | Y55: =Z55&","&AA55 -> 1868,2200 | Z55: =ROUND(Z54*1.3, 0) -> 1868 | AA55: =ROUND(Z55*1.2, -2) -> 2200 | AB55: 80000 | AC55: =_xlfn.XLOOKUP($B55, '#참조'!$M:$M, '#참조'!$N:$N) -> 다비 | AD55: =M55&"_"&AC55 -> Epic1_다비 | AE55: =IF(I55=0,0,INT(G55&H55&TEXT(I55,"00"))) -> 1404
... A60: =INT(1&TEXT(RIGHT(B60,4),"0000")&TEXT(L60,"000")) -> 10003018 | B60: 10000003 | C60: ui_persona | D60: PersonaPortrait | E60: ="Persona_"&_xlfn.XLOOKUP($B60, '#캐릭터'!$A:$A, '#캐릭터'!$C:$C) -> Persona_c003 | G60: =_xlfn.XLOOKUP(_xlfn.XLOOKUP(B60,'[1]Detail<Child>'!$A:$A,'[1]Detail<Child>'!$N:$N),'#참조'!P:P,'#참조'!Q:Q) -> 1 | H60: =_xlfn.XLOOKUP(_xlfn.XLOOKUP(B60,'[1]Detail<Child>'!$A:$A,'[1]Detail<Child>'!$O:$O),'#참조'!R:R,'#참조'!S:S) -> 4 | I60: 6 | J60: 1 | K60: 6 | L60: 18 | M60: Legendary3 | N60: DevilSkillDmgRatio | O60: =ROUND(O59*1.1, 0) -> 10112 | P60: SoulHp | Q60: =R60&","&S60 -> 86511,103800 | R60: =ROUND(R59*1.3, 0) -> 86511 | S60: =ROUND(R60*1.2, -2) -> 103800 | T60: SoulAtk | U60: =V60&","&W60 -> 2227,2700 | V60: =ROUND(V59*1.2, 0) -> 2227 | W60: =ROUND(V60*1.2, -2) -> 2700 | X60: SoulDef | Y60: =Z60&","&AA60 -> 6934,8300 | Z60: =ROUND(Z59*1.3, 0) -> 6934 | AA60: =ROUND(Z60*1.2, -2) -> 8300 | AB60: 75000 | AC60: =_xlfn.XLOOKUP($B60, '#참조'!$M:$M, '#참조'!$N:$N) -> 다비 | AD60: =M60&"_"&AC60 -> Legendary3_다비 | AE60: =IF(I60=0,0,INT(G60&H60&TEXT(I60,"00"))) -> 1406
A61: =INT(1&TEXT(RIGHT(B61,4),"0000")&TEXT(L61,"000")) -> 10464000 | B61: 10000464 | C61: ui_persona | D61: PersonaPortrait | E61: ="Persona_"&_xlfn.XLOOKUP($B61, '#캐릭터'!$A:$A, '#캐릭터'!$C:$C) -> Persona_c464 | G61: =_xlfn.XLOOKUP(_xlfn.XLOOKUP(B61,'[1]Detail<Child>'!$A:$A,'[1]Detail<Child>'!$N:$N),'#참조'!P:P,'#참조'!Q:Q) -> 2 | H61: =_xlfn.XLOOKUP(_xlfn.XLOOKUP(B61,'[1]Detail<Child>'!$A:$A,'[1]Detail<Child>'!$O:$O),'#참조'!R:R,'#참조'!S:S) -> 4 | I61: 0 | J61: 3 | K61: 0 | L61: 0 | M61: Default | N61: DevilSkillDmgRatio | O61: 0 | P61: SoulHp | Q61: =R61&","&S61 -> 1000,1000 | R61: 1000 | S61: =R61 -> 1000 | T61: SoulAtk | U61: =V61&","&W61 -> 100,100 | V61: 100 | W61: =V61 -> 100 | X61: SoulDef | Y61: =Z61&","&AA61 -> 80,80 | Z61: 80 | AA61: =Z61 -> 80 | AB61: 100000 | AE61: =IF(I61=0,0,INT(G61&H61&TEXT(I61,"00"))) -> 0
A62: =INT(1&TEXT(RIGHT(B62,4),"0000")&TEXT(L62,"000")) -> 10464001 | B62: 10000464 | C62: ui_persona | D62: PersonaPortrait | E62: ="Persona_"&_xlfn.XLOOKUP($B62, '#캐릭터'!$A:$A, '#캐릭터'!$C:$C) -> Persona_c464 | G62: =_xlfn.XLOOKUP(_xlfn.XLOOKUP(B62,'[1]Detail<Child>'!$A:$A,'[1]Detail<Child>'!$N:$N),'#참조'!P:P,'#참조'!Q:Q) -> 2 | H62: =_xlfn.XLOOKUP(_xlfn.XLOOKUP(B62,'[1]Detail<Child>'!$A:$A,'[1]Detail<Child>'!$O:$O),'#참조'!R:R,'#참조'!S:S) -> 4 | I62: 0 | J62: 3 | K62: 1 | L62: 1 | M62: Common1 | N62: DevilSkillDmgRatio | O62: 2000 | P62: SoulHp | Q62: =R62&","&S62 -> 1000,1200 | R62: 1000 | S62: =ROUND(R62*1.2, -2) -> 1200 | T62: SoulAtk | U62: =V62&","&W62 -> 100,100 | V62: 100 | W62: =ROUND(V62*1.2, -2) -> 100 | X62: SoulDef | Y62: =Z62&","&AA62 -> 80,100 | Z62: 80 | AA62: =ROUND(Z62*1.2, -2) -> 100 | AB62: 100000 | AC62: =_xlfn.XLOOKUP($B62, '#참조'!$M:$M, '#참조'!$N:$N) -> #N/A | AD62: =M62&"_"&AC62 -> #N/A | AE62: =IF(I62=0,0,INT(G62&H62&TEXT(I62,"00"))) -> 0
A63: =INT(1&TEXT(RIGHT(B63,4),"0000")&TEXT(L63,"000")) -> 10464002 | B63: 10000464 | C63: ui_persona | D63: PersonaPortrait | E63: ="Persona_"&_xlfn.XLOOKUP($B63, '#캐릭터'!$A:$A, '#캐릭터'!$C:$C) -> Persona_c464 | G63: =_xlfn.XLOOKUP(_xlfn.XLOOKUP(B63,'[1]Detail<Child>'!$A:$A,'[1]Detail<Child>'!$N:$N),'#참조'!P:P,'#참조'!Q:Q) -> 2 | H63: =_xlfn.XLOOKUP(_xlfn.XLOOKUP(B63,'[1]Detail<Child>'!$A:$A,'[1]Detail<Child>'!$O:$O),'#참조'!R:R,'#참조'!S:S) -> 4 | I63: 0 | J63: 3 | K63: 1 | L63: 2 | M63: Common2 | N63: DevilSkillDmgRatio | O63: =ROUND(O62*1.1, 0) -> 2200 | P63: SoulHp | Q63: =R63&","&S63 -> 1300,1600 | R63: =ROUND(R62*1.3, 0) -> 1300 | S63: =ROUND(R63*1.2, -2) -> 1600 | T63: SoulAtk | U63: =V63&","&W63 -> 120,100 | V63: =ROUND(V62*1.2, 0) -> 120 | W63: =ROUND(V63*1.2, -2) -> 100 | X63: SoulDef | Y63: =Z63&","&AA63 -> 104,100 | Z63: =ROUND(Z62*1.3, 0) -> 104 | AA63: =ROUND(Z63*1.2, -2) -> 100 | AB63: 100000 | AC63: =_xlfn.XLOOKUP($B63, '#참조'!$M:$M, '#참조'!$N:$N) -> #N/A | AD63: =M63&"_"&AC63 -> #N/A | AE63: =IF(I63=0,0,INT(G63&H63&TEXT(I63,"00"))) -> 0
A64: =INT(1&TEXT(RIGHT(B64,4),"0000")&TEXT(L64,"000")) -> 10464003 | B64: 10000464 | C64: ui_persona | D64: PersonaPortrait | E64: ="Persona_"&_xlfn.XLOOKUP($B64, '#캐릭터'!$A:$A, '#캐릭터'!$C:$C) -> Persona_c464 | G64: =_xlfn.XLOOKUP(_xlfn.XLOOKUP(B64,'[1]Detail<Child>'!$A:$A,'[1]Detail<Child>'!$N:$N),'#참조'!P:P,'#참조'!Q:Q) -> 2 | H64: =_xlfn.XLOOKUP(_xlfn.XLOOKUP(B64,'[1]Detail<Child>'!$A:$A,'[1]Detail<Child>'!$O:$O),'#참조'!R:R,'#참조'!S:S) -> 4 | I64: 0 | J64: 3 | K64: 1 | L64: 3 | M64: Common3 | N64: DevilSkillDmgRatio | O64: =ROUND(O63*1.1, 0) -> 2420 | P64: SoulHp | Q64: =R64&","&S64 -> 1690,2000 | R64: =ROUND(R63*1.3, 0) -> 1690 | S64: =ROUND(R64*1.2, -2) -> 2000 | T64: SoulAtk | U64: =V64&","&W64 -> 144,200 | V64: =ROUND(V63*1.2, 0) -> 144 | W64: =ROUND(V64*1.2, -2) -> 200 | X64: SoulDef | Y64: =Z64&","&AA64 -> 135,200 | Z64: =ROUND(Z63*1.3, 0) -> 135 | AA64: =ROUND(Z64*1.2, -2) -> 200 | AB64: 100000 | AC64: =_xlfn.XLOOKUP($B64, '#참조'!$M:$M, '#참조'!$N:$N) -> #N/A | AD64: =M64&"_"&AC64 -> #N/A | AE64: =IF(I64=0,0,INT(G64&H64&TEXT(I64,"00"))) -> 0
A65: =INT(1&TEXT(RIGHT(B65,4),"0000")&TEXT(L65,"000")) -> 10464004 | B65: 10000464 | C65: ui_persona | D65: PersonaPortrait | E65: ="Persona_"&_xlfn.XLOOKUP($B65, '#캐릭터'!$A:$A, '#캐릭터'!$C:$C) -> Persona_c464 | G65: =_xlfn.XLOOKUP(_xlfn.XLOOKUP(B65,'[1]Detail<Child>'!$A:$A,'[1]Detail<Child>'!$N:$N),'#참조'!P:P,'#참조'!Q:Q) -> 2 | H65: =_xlfn.XLOOKUP(_xlfn.XLOOKUP(B65,'[1]Detail<Child>'!$A:$A,'[1]Detail<Child>'!$O:$O),'#참조'!R:R,'#참조'!S:S) -> 4 | I65: 0 | J65: 3 | K65: 2 | L65: 4 | M65: Uncommon1 | N65: DevilSkillDmgRatio | O65: =ROUND(O64*1.1, 0) -> 2662 | P65: SoulHp | Q65: =R65&","&S65 -> 2197,2600 | R65: =ROUND(R64*1.3, 0) -> 2197 | S65: =ROUND(R65*1.2, -2) -> 2600 | T65: SoulAtk | U65: =V65&","&W65 -> 173,200 | V65: =ROUND(V64*1.2, 0) -> 173 | W65: =ROUND(V65*1.2, -2) -> 200 | X65: SoulDef | Y65: =Z65&","&AA65 -> 176,200 | Z65: =ROUND(Z64*1.3, 0) -> 176 | AA65: =ROUND(Z65*1.2, -2) -> 200 | AB65: 95000 | AC65: =_xlfn.XLOOKUP($B65, '#참조'!$M:$M, '#참조'!$N:$N) -> #N/A | AD65: =M65&"_"&AC65 -> #N/A | AE65: =IF(I65=0,0,INT(G65&H65&TEXT(I65,"00"))) -> 0
A66: =INT(1&TEXT(RIGHT(B66,4),"0000")&TEXT(L66,"000")) -> 10464005 | B66: 10000464 | C66: ui_persona | D66: PersonaPortrait | E66: ="Persona_"&_xlfn.XLOOKUP($B66, '#캐릭터'!$A:$A, '#캐릭터'!$C:$C) -> Persona_c464 | G66: =_xlfn.XLOOKUP(_xlfn.XLOOKUP(B66,'[1]Detail<Child>'!$A:$A,'[1]Detail<Child>'!$N:$N),'#참조'!P:P,'#참조'!Q:Q) -> 2 | H66: =_xlfn.XLOOKUP(_xlfn.XLOOKUP(B66,'[1]Detail<Child>'!$A:$A,'[1]Detail<Child>'!$O:$O),'#참조'!R:R,'#참조'!S:S) -> 4 | I66: 0 | J66: 3 | K66: 2 | L66: 5 | M66: Uncommon2 | N66: DevilSkillDmgRatio | O66: =ROUND(O65*1.1, 0) -> 2928 | P66: SoulHp | Q66: =R66&","&S66 -> 2856,3400 | R66: =ROUND(R65*1.3, 0) -> 2856 | S66: =ROUND(R66*1.2, -2) -> 3400 | T66: SoulAtk | U66: =V66&","&W66 -> 208,200 | V66: =ROUND(V65*1.2, 0) -> 208 | W66: =ROUND(V66*1.2, -2) -> 200 | X66: SoulDef | Y66: =Z66&","&AA66 -> 229,300 | Z66: =ROUND(Z65*1.3, 0) -> 229 | AA66: =ROUND(Z66*1.2, -2) -> 300 | AB66: 95000 | AC66: =_xlfn.XLOOKUP($B66, '#참조'!$M:$M, '#참조'!$N:$N) -> #N/A | AD66: =M66&"_"&AC66 -> #N/A | AE66: =IF(I66=0,0,INT(G66&H66&TEXT(I66,"00"))) -> 0
A67: =INT(1&TEXT(RIGHT(B67,4),"0000")&TEXT(L67,"000")) -> 10464006 | B67: 10000464 | C67: ui_persona | D67: PersonaPortrait | E67: ="Persona_"&_xlfn.XLOOKUP($B67, '#캐릭터'!$A:$A, '#캐릭터'!$C:$C) -> Persona_c464 | G67: =_xlfn.XLOOKUP(_xlfn.XLOOKUP(B67,'[1]Detail<Child>'!$A:$A,'[1]Detail<Child>'!$N:$N),'#참조'!P:P,'#참조'!Q:Q) -> 2 | H67: =_xlfn.XLOOKUP(_xlfn.XLOOKUP(B67,'[1]Detail<Child>'!$A:$A,'[1]Detail<Child>'!$O:$O),'#참조'!R:R,'#참조'!S:S) -> 4 | I67: 0 | J67: 3 | K67: 2 | L67: 6 | M67: Uncommon3 | N67: DevilSkillDmgRatio | O67: =ROUND(O66*1.1, 0) -> 3221 | P67: SoulHp | Q67: =R67&","&S67 -> 3713,4500 | R67: =ROUND(R66*1.3, 0) -> 3713 | S67: =ROUND(R67*1.2, -2) -> 4500 | T67: SoulAtk | U67: =V67&","&W67 -> 250,300 | V67: =ROUND(V66*1.2, 0) -> 250 | W67: =ROUND(V67*1.2, -2) -> 300 | X67: SoulDef | Y67: =Z67&","&AA67 -> 298,400 | Z67: =ROUND(Z66*1.3, 0) -> 298 | AA67: =ROUND(Z67*1.2, -2) -> 400 | AB67: 95000 | AC67: =_xlfn.XLOOKUP($B67, '#참조'!$M:$M, '#참조'!$N:$N) -> #N/A | AD67: =M67&"_"&AC67 -> #N/A | AE67: =IF(I67=0,0,INT(G67&H67&TEXT(I67,"00"))) -> 0
A68: =INT(1&TEXT(RIGHT(B68,4),"0000")&TEXT(L68,"000")) -> 10464007 | B68: 10000464 | C68: ui_persona | D68: PersonaPortrait | E68: ="Persona_"&_xlfn.XLOOKUP($B68, '#캐릭터'!$A:$A, '#캐릭터'!$C:$C) -> Persona_c464 | G68: =_xlfn.XLOOKUP(_xlfn.XLOOKUP(B68,'[1]Detail<Child>'!$A:$A,'[1]Detail<Child>'!$N:$N),'#참조'!P:P,'#참조'!Q:Q) -> 2 | H68: =_xlfn.XLOOKUP(_xlfn.XLOOKUP(B68,'[1]Detail<Child>'!$A:$A,'[1]Detail<Child>'!$O:$O),'#참조'!R:R,'#참조'!S:S) -> 4 | I68: 1 | J68: 3 | K68: 3 | L68: 7 | M68: Rare1 | N68: DevilSkillDmgRatio | O68: =ROUND(O67*1.1, 0) -> 3543 | P68: SoulHp | Q68: =R68&","&S68 -> 4827,5800 | R68: =ROUND(R67*1.3, 0) -> 4827 | S68: =ROUND(R68*1.2, -2) -> 5800 | T68: SoulAtk | U68: =V68&","&W68 -> 300,400 | V68: =ROUND(V67*1.2, 0) -> 300 | W68: =ROUND(V68*1.2, -2) -> 400 | X68: SoulDef | Y68: =Z68&","&AA68 -> 387,500 | Z68: =ROUND(Z67*1.3, 0) -> 387 | AA68: =ROUND(Z68*1.2, -2) -> 500 | AB68: 90000 | AC68: =_xlfn.XLOOKUP($B68, '#참조'!$M:$M, '#참조'!$N:$N) -> #N/A | AD68: =M68&"_"&AC68 -> #N/A | AE68: =IF(I68=0,0,INT(G68&H68&TEXT(I68,"00"))) -> 2401
A69: =INT(1&TEXT(RIGHT(B69,4),"0000")&TEXT(L69,"000")) -> 10464008 | B69: 10000464 | C69: ui_persona | D69: PersonaPortrait | E69: ="Persona_"&_xlfn.XLOOKUP($B69, '#캐릭터'!$A:$A, '#캐릭터'!$C:$C) -> Persona_c464 | G69: =_xlfn.XLOOKUP(_xlfn.XLOOKUP(B69,'[1]Detail<Child>'!$A:$A,'[1]Detail<Child>'!$N:$N),'#참조'!P:P,'#참조'!Q:Q) -> 2 | H69: =_xlfn.XLOOKUP(_xlfn.XLOOKUP(B69,'[1]Detail<Child>'!$A:$A,'[1]Detail<Child>'!$O:$O),'#참조'!R:R,'#참조'!S:S) -> 4 | I69: 1 | J69: 3 | K69: 3 | L69: 8 | M69: Rare2 | N69: DevilSkillDmgRatio | O69: =ROUND(O68*1.1, 0) -> 3897 | P69: SoulHp | Q69: =R69&","&S69 -> 6275,7500 | R69: =ROUND(R68*1.3, 0) -> 6275 | S69: =ROUND(R69*1.2, -2) -> 7500 | T69: SoulAtk | U69: =V69&","&W69 -> 360,400 | V69: =ROUND(V68*1.2, 0) -> 360 | W69: =ROUND(V69*1.2, -2) -> 400 | X69: SoulDef | Y69: =Z69&","&AA69 -> 503,600 | Z69: =ROUND(Z68*1.3, 0) -> 503 | AA69: =ROUND(Z69*1.2, -2) -> 600 | AB69: 90000 | AC69: =_xlfn.XLOOKUP($B69, '#참조'!$M:$M, '#참조'!$N:$N) -> #N/A | AD69: =M69&"_"&AC69 -> #N/A | AE69: =IF(I69=0,0,INT(G69&H69&TEXT(I69,"00"))) -> 2401
A70: =INT(1&TEXT(RIGHT(B70,4),"0000")&TEXT(L70,"000")) -> 10464009 | B70: 10000464 | C70: ui_persona | D70: PersonaPortrait | E70: ="Persona_"&_xlfn.XLOOKUP($B70, '#캐릭터'!$A:$A, '#캐릭터'!$C:$C) -> Persona_c464 | G70: =_xlfn.XLOOKUP(_xlfn.XLOOKUP(B70,'[1]Detail<Child>'!$A:$A,'[1]Detail<Child>'!$N:$N),'#참조'!P:P,'#참조'!Q:Q) -> 2 | H70: =_xlfn.XLOOKUP(_xlfn.XLOOKUP(B70,'[1]Detail<Child>'!$A:$A,'[1]Detail<Child>'!$O:$O),'#참조'!R:R,'#참조'!S:S) -> 4 | I70: 2 | J70: 3 | K70: 3 | L70: 9 | M70: Rare3 | N70: DevilSkillDmgRatio | O70: =ROUND(O69*1.1, 0) -> 4287 | P70: SoulHp | Q70: =R70&","&S70 -> 8158,9800 | R70: =ROUND(R69*1.3, 0) -> 8158 | S70: =ROUND(R70*1.2, -2) -> 9800 | T70: SoulAtk | U70: =V70&","&W70 -> 432,500 | V70: =ROUND(V69*1.2, 0) -> 432 | W70: =ROUND(V70*1.2, -2) -> 500 | X70: SoulDef | Y70: =Z70&","&AA70 -> 654,800 | Z70: =ROUND(Z69*1.3, 0) -> 654 | AA70: =ROUND(Z70*1.2, -2) -> 800 | AB70: 90000 | AC70: =_xlfn.XLOOKUP($B70, '#참조'!$M:$M, '#참조'!$N:$N) -> #N/A | AD70: =M70&"_"&AC70 -> #N/A | AE70: =IF(I70=0,0,INT(G70&H70&TEXT(I70,"00"))) -> 2402
A71: =INT(1&TEXT(RIGHT(B71,4),"0000")&TEXT(L71,"000")) -> 10464010 | B71: 10000464 | C71: ui_persona | D71: PersonaPortrait | E71: ="Persona_"&_xlfn.XLOOKUP($B71, '#캐릭터'!$A:$A, '#캐릭터'!$C:$C) -> Persona_c464 | G71: =_xlfn.XLOOKUP(_xlfn.XLOOKUP(B71,'[1]Detail<Child>'!$A:$A,'[1]Detail<Child>'!$N:$N),'#참조'!P:P,'#참조'!Q:Q) -> 2 | H71: =_xlfn.XLOOKUP(_xlfn.XLOOKUP(B71,'[1]Detail<Child>'!$A:$A,'[1]Detail<Child>'!$O:$O),'#참조'!R:R,'#참조'!S:S) -> 4 | I71: 2 | J71: 3 | K71: 4 | L71: 10 | M71: Unique1 | N71: DevilSkillDmgRatio | O71: =ROUND(O70*1.1, 0) -> 4716 | P71: SoulHp | Q71: =R71&","&S71 -> 10605,12700 | R71: =ROUND(R70*1.3, 0) -> 10605 | S71: =ROUND(R71*1.2, -2) -> 12700 | T71: SoulAtk | U71: =V71&","&W71 -> 518,600 | V71: =ROUND(V70*1.2, 0) -> 518 | W71: =ROUND(V71*1.2, -2) -> 600 | X71: SoulDef | Y71: =Z71&","&AA71 -> 850,1000 | Z71: =ROUND(Z70*1.3, 0) -> 850 | AA71: =ROUND(Z71*1.2, -2) -> 1000 | AB71: 85000 | AC71: =_xlfn.XLOOKUP($B71, '#참조'!$M:$M, '#참조'!$N:$N) -> #N/A | AD71: =M71&"_"&AC71 -> #N/A | AE71: =IF(I71=0,0,INT(G71&H71&TEXT(I71,"00"))) -> 2402
A72: =INT(1&TEXT(RIGHT(B72,4),"0000")&TEXT(L72,"000")) -> 10464011 | B72: 10000464 | C72: ui_persona | D72: PersonaPortrait | E72: ="Persona_"&_xlfn.XLOOKUP($B72, '#캐릭터'!$A:$A, '#캐릭터'!$C:$C) -> Persona_c464 | G72: =_xlfn.XLOOKUP(_xlfn.XLOOKUP(B72,'[1]Detail<Child>'!$A:$A,'[1]Detail<Child>'!$N:$N),'#참조'!P:P,'#참조'!Q:Q) -> 2 | H72: =_xlfn.XLOOKUP(_xlfn.XLOOKUP(B72,'[1]Detail<Child>'!$A:$A,'[1]Detail<Child>'!$O:$O),'#참조'!R:R,'#참조'!S:S) -> 4 | I72: 3 | J72: 3 | K72: 4 | L72: 11 | M72: Unique2 | N72: DevilSkillDmgRatio | O72: =ROUND(O71*1.1, 0) -> 5188 | P72: SoulHp | Q72: =R72&","&S72 -> 13787,16500 | R72: =ROUND(R71*1.3, 0) -> 13787 | S72: =ROUND(R72*1.2, -2) -> 16500 | T72: SoulAtk | U72: =V72&","&W72 -> 622,700 | V72: =ROUND(V71*1.2, 0) -> 622 | W72: =ROUND(V72*1.2, -2) -> 700 | X72: SoulDef | Y72: =Z72&","&AA72 -> 1105,1300 | Z72: =ROUND(Z71*1.3, 0) -> 1105 | AA72: =ROUND(Z72*1.2, -2) -> 1300 | AB72: 85000 | AC72: =_xlfn.XLOOKUP($B72, '#참조'!$M:$M, '#참조'!$N:$N) -> #N/A | AD72: =M72&"_"&AC72 -> #N/A | AE72: =IF(I72=0,0,INT(G72&H72&TEXT(I72,"00"))) -> 2403
A73: =INT(1&TEXT(RIGHT(B73,4),"0000")&TEXT(L73,"000")) -> 10464012 | B73: 10000464 | C73: ui_persona | D73: PersonaPortrait | E73: ="Persona_"&_xlfn.XLOOKUP($B73, '#캐릭터'!$A:$A, '#캐릭터'!$C:$C) -> Persona_c464 | G73: =_xlfn.XLOOKUP(_xlfn.XLOOKUP(B73,'[1]Detail<Child>'!$A:$A,'[1]Detail<Child>'!$N:$N),'#참조'!P:P,'#참조'!Q:Q) -> 2 | H73: =_xlfn.XLOOKUP(_xlfn.XLOOKUP(B73,'[1]Detail<Child>'!$A:$A,'[1]Detail<Child>'!$O:$O),'#참조'!R:R,'#참조'!S:S) -> 4 | I73: 3 | J73: 3 | K73: 4 | L73: 12 | M73: Unique3 | N73: DevilSkillDmgRatio | O73: =ROUND(O72*1.1, 0) -> 5707 | P73: SoulHp | Q73: =R73&","&S73 -> 17923,21500 | R73: =ROUND(R72*1.3, 0) -> 17923 | S73: =ROUND(R73*1.2, -2) -> 21500 | T73: SoulAtk | U73: =V73&","&W73 -> 746,900 | V73: =ROUND(V72*1.2, 0) -> 746 | W73: =ROUND(V73*1.2, -2) -> 900 | X73: SoulDef | Y73: =Z73&","&AA73 -> 1437,1700 | Z73: =ROUND(Z72*1.3, 0) -> 1437 | AA73: =ROUND(Z73*1.2, -2) -> 1700 | AB73: 85000 | AC73: =_xlfn.XLOOKUP($B73, '#참조'!$M:$M, '#참조'!$N:$N) -> #N/A | AD73: =M73&"_"&AC73 -> #N/A | AE73: =IF(I73=0,0,INT(G73&H73&TEXT(I73,"00"))) -> 2403
A74: =INT(1&TEXT(RIGHT(B74,4),"0000")&TEXT(L74,"000")) -> 10464013 | B74: 10000464 | C74: ui_persona | D74: PersonaPortrait | E74: ="Persona_"&_xlfn.XLOOKUP($B74, '#캐릭터'!$A:$A, '#캐릭터'!$C:$C) -> Persona_c464 | G74: =_xlfn.XLOOKUP(_xlfn.XLOOKUP(B74,'[1]Detail<Child>'!$A:$A,'[1]Detail<Child>'!$N:$N),'#참조'!P:P,'#참조'!Q:Q) -> 2 | H74: =_xlfn.XLOOKUP(_xlfn.XLOOKUP(B74,'[1]Detail<Child>'!$A:$A,'[1]Detail<Child>'!$O:$O),'#참조'!R:R,'#참조'!S:S) -> 4 | I74: 4 | J74: 3 | K74: 5 | L74: 13 | M74: Epic1 | N74: DevilSkillDmgRatio | O74: =ROUND(O73*1.1, 0) -> 6278 | P74: SoulHp | Q74: =R74&","&S74 -> 23300,28000 | R74: =ROUND(R73*1.3, 0) -> 23300 | S74: =ROUND(R74*1.2, -2) -> 28000 | T74: SoulAtk | U74: =V74&","&W74 -> 895,1100 | V74: =ROUND(V73*1.2, 0) -> 895 | W74: =ROUND(V74*1.2, -2) -> 1100 | X74: SoulDef | Y74: =Z74&","&AA74 -> 1868,2200 | Z74: =ROUND(Z73*1.3, 0) -> 1868 | AA74: =ROUND(Z74*1.2, -2) -> 2200 | AB74: 80000 | AC74: =_xlfn.XLOOKUP($B74, '#참조'!$M:$M, '#참조'!$N:$N) -> #N/A | AD74: =M74&"_"&AC74 -> #N/A | AE74: =IF(I74=0,0,INT(G74&H74&TEXT(I74,"00"))) -> 2404
... A79: =INT(1&TEXT(RIGHT(B79,4),"0000")&TEXT(L79,"000")) -> 10464018 | B79: 10000464 | C79: ui_persona | D79: PersonaPortrait | E79: ="Persona_"&_xlfn.XLOOKUP($B79, '#캐릭터'!$A:$A, '#캐릭터'!$C:$C) -> Persona_c464 | G79: =_xlfn.XLOOKUP(_xlfn.XLOOKUP(B79,'[1]Detail<Child>'!$A:$A,'[1]Detail<Child>'!$N:$N),'#참조'!P:P,'#참조'!Q:Q) -> 2 | H79: =_xlfn.XLOOKUP(_xlfn.XLOOKUP(B79,'[1]Detail<Child>'!$A:$A,'[1]Detail<Child>'!$O:$O),'#참조'!R:R,'#참조'!S:S) -> 4 | I79: 6 | J79: 3 | K79: 6 | L79: 18 | M79: Legendary3 | N79: DevilSkillDmgRatio | O79: =ROUND(O78*1.1, 0) -> 10112 | P79: SoulHp | Q79: =R79&","&S79 -> 86511,103800 | R79: =ROUND(R78*1.3, 0) -> 86511 | S79: =ROUND(R79*1.2, -2) -> 103800 | T79: SoulAtk | U79: =V79&","&W79 -> 2227,2700 | V79: =ROUND(V78*1.2, 0) -> 2227 | W79: =ROUND(V79*1.2, -2) -> 2700 | X79: SoulDef | Y79: =Z79&","&AA79 -> 6934,8300 | Z79: =ROUND(Z78*1.3, 0) -> 6934 | AA79: =ROUND(Z79*1.2, -2) -> 8300 | AB79: 75000 | AC79: =_xlfn.XLOOKUP($B79, '#참조'!$M:$M, '#참조'!$N:$N) -> #N/A | AD79: =M79&"_"&AC79 -> #N/A | AE79: =IF(I79=0,0,INT(G79&H79&TEXT(I79,"00"))) -> 2406
A80: =INT(1&TEXT(RIGHT(B80,4),"0000")&TEXT(L80,"000")) -> 10353000 | B80: 10000353 | C80: ui_persona | D80: PersonaPortrait | E80: ="Persona_"&_xlfn.XLOOKUP($B80, '#캐릭터'!$A:$A, '#캐릭터'!$C:$C) -> Persona_c353 | G80: =_xlfn.XLOOKUP(_xlfn.XLOOKUP(B80,'[1]Detail<Child>'!$A:$A,'[1]Detail<Child>'!$N:$N),'#참조'!P:P,'#참조'!Q:Q) -> 4 | H80: =_xlfn.XLOOKUP(_xlfn.XLOOKUP(B80,'[1]Detail<Child>'!$A:$A,'[1]Detail<Child>'!$O:$O),'#참조'!R:R,'#참조'!S:S) -> 2 | I80: 0 | J80: 3 | K80: 0 | L80: 0 | M80: Default | N80: DevilSkillDmgRatio | O80: 0 | P80: SoulHp | Q80: =R80&","&S80 -> 1000,1000 | R80: 1000 | S80: =R80 -> 1000 | T80: SoulAtk | U80: =V80&","&W80 -> 100,100 | V80: 100 | W80: =V80 -> 100 | X80: SoulDef | Y80: =Z80&","&AA80 -> 80,80 | Z80: 80 | AA80: =Z80 -> 80 | AB80: 100000 | AE80: =IF(I80=0,0,INT(G80&H80&TEXT(I80,"00"))) -> 0
A81: =INT(1&TEXT(RIGHT(B81,4),"0000")&TEXT(L81,"000")) -> 10353001 | B81: 10000353 | C81: ui_persona | D81: PersonaPortrait | E81: ="Persona_"&_xlfn.XLOOKUP($B81, '#캐릭터'!$A:$A, '#캐릭터'!$C:$C) -> Persona_c353 | G81: =_xlfn.XLOOKUP(_xlfn.XLOOKUP(B81,'[1]Detail<Child>'!$A:$A,'[1]Detail<Child>'!$N:$N),'#참조'!P:P,'#참조'!Q:Q) -> 4 | H81: =_xlfn.XLOOKUP(_xlfn.XLOOKUP(B81,'[1]Detail<Child>'!$A:$A,'[1]Detail<Child>'!$O:$O),'#참조'!R:R,'#참조'!S:S) -> 2 | I81: 0 | J81: 3 | K81: 1 | L81: 1 | M81: Common1 | N81: DevilSkillDmgRatio | O81: 2000 | P81: SoulHp | Q81: =R81&","&S81 -> 1000,1200 | R81: 1000 | S81: =ROUND(R81*1.2, -2) -> 1200 | T81: SoulAtk | U81: =V81&","&W81 -> 100,100 | V81: 100 | W81: =ROUND(V81*1.2, -2) -> 100 | X81: SoulDef | Y81: =Z81&","&AA81 -> 80,100 | Z81: 80 | AA81: =ROUND(Z81*1.2, -2) -> 100 | AB81: 100000 | AC81: =_xlfn.XLOOKUP($B81, '#참조'!$M:$M, '#참조'!$N:$N) -> #N/A | AD81: =M81&"_"&AC81 -> #N/A | AE81: =IF(I81=0,0,INT(G81&H81&TEXT(I81,"00"))) -> 0
A82: =INT(1&TEXT(RIGHT(B82,4),"0000")&TEXT(L82,"000")) -> 10353002 | B82: 10000353 | C82: ui_persona | D82: PersonaPortrait | E82: ="Persona_"&_xlfn.XLOOKUP($B82, '#캐릭터'!$A:$A, '#캐릭터'!$C:$C) -> Persona_c353 | G82: =_xlfn.XLOOKUP(_xlfn.XLOOKUP(B82,'[1]Detail<Child>'!$A:$A,'[1]Detail<Child>'!$N:$N),'#참조'!P:P,'#참조'!Q:Q) -> 4 | H82: =_xlfn.XLOOKUP(_xlfn.XLOOKUP(B82,'[1]Detail<Child>'!$A:$A,'[1]Detail<Child>'!$O:$O),'#참조'!R:R,'#참조'!S:S) -> 2 | I82: 0 | J82: 3 | K82: 1 | L82: 2 | M82: Common2 | N82: DevilSkillDmgRatio | O82: =ROUND(O81*1.1, 0) -> 2200 | P82: SoulHp | Q82: =R82&","&S82 -> 1300,1600 | R82: =ROUND(R81*1.3, 0) -> 1300 | S82: =ROUND(R82*1.2, -2) -> 1600 | T82: SoulAtk | U82: =V82&","&W82 -> 120,100 | V82: =ROUND(V81*1.2, 0) -> 120 | W82: =ROUND(V82*1.2, -2) -> 100 | X82: SoulDef | Y82: =Z82&","&AA82 -> 104,100 | Z82: =ROUND(Z81*1.3, 0) -> 104 | AA82: =ROUND(Z82*1.2, -2) -> 100 | AB82: 100000 | AC82: =_xlfn.XLOOKUP($B82, '#참조'!$M:$M, '#참조'!$N:$N) -> #N/A | AD82: =M82&"_"&AC82 -> #N/A | AE82: =IF(I82=0,0,INT(G82&H82&TEXT(I82,"00"))) -> 0
A83: =INT(1&TEXT(RIGHT(B83,4),"0000")&TEXT(L83,"000")) -> 10353003 | B83: 10000353 | C83: ui_persona | D83: PersonaPortrait | E83: ="Persona_"&_xlfn.XLOOKUP($B83, '#캐릭터'!$A:$A, '#캐릭터'!$C:$C) -> Persona_c353 | G83: =_xlfn.XLOOKUP(_xlfn.XLOOKUP(B83,'[1]Detail<Child>'!$A:$A,'[1]Detail<Child>'!$N:$N),'#참조'!P:P,'#참조'!Q:Q) -> 4 | H83: =_xlfn.XLOOKUP(_xlfn.XLOOKUP(B83,'[1]Detail<Child>'!$A:$A,'[1]Detail<Child>'!$O:$O),'#참조'!R:R,'#참조'!S:S) -> 2 | I83: 0 | J83: 3 | K83: 1 | L83: 3 | M83: Common3 | N83: DevilSkillDmgRatio | O83: =ROUND(O82*1.1, 0) -> 2420 | P83: SoulHp | Q83: =R83&","&S83 -> 1690,2000 | R83: =ROUND(R82*1.3, 0) -> 1690 | S83: =ROUND(R83*1.2, -2) -> 2000 | T83: SoulAtk | U83: =V83&","&W83 -> 144,200 | V83: =ROUND(V82*1.2, 0) -> 144 | W83: =ROUND(V83*1.2, -2) -> 200 | X83: SoulDef | Y83: =Z83&","&AA83 -> 135,200 | Z83: =ROUND(Z82*1.3, 0) -> 135 | AA83: =ROUND(Z83*1.2, -2) -> 200 | AB83: 100000 | AC83: =_xlfn.XLOOKUP($B83, '#참조'!$M:$M, '#참조'!$N:$N) -> #N/A | AD83: =M83&"_"&AC83 -> #N/A | AE83: =IF(I83=0,0,INT(G83&H83&TEXT(I83,"00"))) -> 0
A84: =INT(1&TEXT(RIGHT(B84,4),"0000")&TEXT(L84,"000")) -> 10353004 | B84: 10000353 | C84: ui_persona | D84: PersonaPortrait | E84: ="Persona_"&_xlfn.XLOOKUP($B84, '#캐릭터'!$A:$A, '#캐릭터'!$C:$C) -> Persona_c353 | G84: =_xlfn.XLOOKUP(_xlfn.XLOOKUP(B84,'[1]Detail<Child>'!$A:$A,'[1]Detail<Child>'!$N:$N),'#참조'!P:P,'#참조'!Q:Q) -> 4 | H84: =_xlfn.XLOOKUP(_xlfn.XLOOKUP(B84,'[1]Detail<Child>'!$A:$A,'[1]Detail<Child>'!$O:$O),'#참조'!R:R,'#참조'!S:S) -> 2 | I84: 0 | J84: 3 | K84: 2 | L84: 4 | M84: Uncommon1 | N84: DevilSkillDmgRatio | O84: =ROUND(O83*1.1, 0) -> 2662 | P84: SoulHp | Q84: =R84&","&S84 -> 2197,2600 | R84: =ROUND(R83*1.3, 0) -> 2197 | S84: =ROUND(R84*1.2, -2) -> 2600 | T84: SoulAtk | U84: =V84&","&W84 -> 173,200 | V84: =ROUND(V83*1.2, 0) -> 173 | W84: =ROUND(V84*1.2, -2) -> 200 | X84: SoulDef | Y84: =Z84&","&AA84 -> 176,200 | Z84: =ROUND(Z83*1.3, 0) -> 176 | AA84: =ROUND(Z84*1.2, -2) -> 200 | AB84: 95000 | AC84: =_xlfn.XLOOKUP($B84, '#참조'!$M:$M, '#참조'!$N:$N) -> #N/A | AD84: =M84&"_"&AC84 -> #N/A | AE84: =IF(I84=0,0,INT(G84&H84&TEXT(I84,"00"))) -> 0
A85: =INT(1&TEXT(RIGHT(B85,4),"0000")&TEXT(L85,"000")) -> 10353005 | B85: 10000353 | C85: ui_persona | D85: PersonaPortrait | E85: ="Persona_"&_xlfn.XLOOKUP($B85, '#캐릭터'!$A:$A, '#캐릭터'!$C:$C) -> Persona_c353 | G85: =_xlfn.XLOOKUP(_xlfn.XLOOKUP(B85,'[1]Detail<Child>'!$A:$A,'[1]Detail<Child>'!$N:$N),'#참조'!P:P,'#참조'!Q:Q) -> 4 | H85: =_xlfn.XLOOKUP(_xlfn.XLOOKUP(B85,'[1]Detail<Child>'!$A:$A,'[1]Detail<Child>'!$O:$O),'#참조'!R:R,'#참조'!S:S) -> 2 | I85: 0 | J85: 3 | K85: 2 | L85: 5 | M85: Uncommon2 | N85: DevilSkillDmgRatio | O85: =ROUND(O84*1.1, 0) -> 2928 | P85: SoulHp | Q85: =R85&","&S85 -> 2856,3400 | R85: =ROUND(R84*1.3, 0) -> 2856 | S85: =ROUND(R85*1.2, -2) -> 3400 | T85: SoulAtk | U85: =V85&","&W85 -> 208,200 | V85: =ROUND(V84*1.2, 0) -> 208 | W85: =ROUND(V85*1.2, -2) -> 200 | X85: SoulDef | Y85: =Z85&","&AA85 -> 229,300 | Z85: =ROUND(Z84*1.3, 0) -> 229 | AA85: =ROUND(Z85*1.2, -2) -> 300 | AB85: 95000 | AC85: =_xlfn.XLOOKUP($B85, '#참조'!$M:$M, '#참조'!$N:$N) -> #N/A | AD85: =M85&"_"&AC85 -> #N/A | AE85: =IF(I85=0,0,INT(G85&H85&TEXT(I85,"00"))) -> 0
A86: =INT(1&TEXT(RIGHT(B86,4),"0000")&TEXT(L86,"000")) -> 10353006 | B86: 10000353 | C86: ui_persona | D86: PersonaPortrait | E86: ="Persona_"&_xlfn.XLOOKUP($B86, '#캐릭터'!$A:$A, '#캐릭터'!$C:$C) -> Persona_c353 | G86: =_xlfn.XLOOKUP(_xlfn.XLOOKUP(B86,'[1]Detail<Child>'!$A:$A,'[1]Detail<Child>'!$N:$N),'#참조'!P:P,'#참조'!Q:Q) -> 4 | H86: =_xlfn.XLOOKUP(_xlfn.XLOOKUP(B86,'[1]Detail<Child>'!$A:$A,'[1]Detail<Child>'!$O:$O),'#참조'!R:R,'#참조'!S:S) -> 2 | I86: 0 | J86: 3 | K86: 2 | L86: 6 | M86: Uncommon3 | N86: DevilSkillDmgRatio | O86: =ROUND(O85*1.1, 0) -> 3221 | P86: SoulHp | Q86: =R86&","&S86 -> 3713,4500 | R86: =ROUND(R85*1.3, 0) -> 3713 | S86: =ROUND(R86*1.2, -2) -> 4500 | T86: SoulAtk | U86: =V86&","&W86 -> 250,300 | V86: =ROUND(V85*1.2, 0) -> 250 | W86: =ROUND(V86*1.2, -2) -> 300 | X86: SoulDef | Y86: =Z86&","&AA86 -> 298,400 | Z86: =ROUND(Z85*1.3, 0) -> 298 | AA86: =ROUND(Z86*1.2, -2) -> 400 | AB86: 95000 | AC86: =_xlfn.XLOOKUP($B86, '#참조'!$M:$M, '#참조'!$N:$N) -> #N/A | AD86: =M86&"_"&AC86 -> #N/A | AE86: =IF(I86=0,0,INT(G86&H86&TEXT(I86,"00"))) -> 0
A87: =INT(1&TEXT(RIGHT(B87,4),"0000")&TEXT(L87,"000")) -> 10353007 | B87: 10000353 | C87: ui_persona | D87: PersonaPortrait | E87: ="Persona_"&_xlfn.XLOOKUP($B87, '#캐릭터'!$A:$A, '#캐릭터'!$C:$C) -> Persona_c353 | G87: =_xlfn.XLOOKUP(_xlfn.XLOOKUP(B87,'[1]Detail<Child>'!$A:$A,'[1]Detail<Child>'!$N:$N),'#참조'!P:P,'#참조'!Q:Q) -> 4 | H87: =_xlfn.XLOOKUP(_xlfn.XLOOKUP(B87,'[1]Detail<Child>'!$A:$A,'[1]Detail<Child>'!$O:$O),'#참조'!R:R,'#참조'!S:S) -> 2 | I87: 1 | J87: 3 | K87: 3 | L87: 7 | M87: Rare1 | N87: DevilSkillDmgRatio | O87: =ROUND(O86*1.1, 0) -> 3543 | P87: SoulHp | Q87: =R87&","&S87 -> 4827,5800 | R87: =ROUND(R86*1.3, 0) -> 4827 | S87: =ROUND(R87*1.2, -2) -> 5800 | T87: SoulAtk | U87: =V87&","&W87 -> 300,400 | V87: =ROUND(V86*1.2, 0) -> 300 | W87: =ROUND(V87*1.2, -2) -> 400 | X87: SoulDef | Y87: =Z87&","&AA87 -> 387,500 | Z87: =ROUND(Z86*1.3, 0) -> 387 | AA87: =ROUND(Z87*1.2, -2) -> 500 | AB87: 90000 | AC87: =_xlfn.XLOOKUP($B87, '#참조'!$M:$M, '#참조'!$N:$N) -> #N/A | AD87: =M87&"_"&AC87 -> #N/A | AE87: =IF(I87=0,0,INT(G87&H87&TEXT(I87,"00"))) -> 4201
A88: =INT(1&TEXT(RIGHT(B88,4),"0000")&TEXT(L88,"000")) -> 10353008 | B88: 10000353 | C88: ui_persona | D88: PersonaPortrait | E88: ="Persona_"&_xlfn.XLOOKUP($B88, '#캐릭터'!$A:$A, '#캐릭터'!$C:$C) -> Persona_c353 | G88: =_xlfn.XLOOKUP(_xlfn.XLOOKUP(B88,'[1]Detail<Child>'!$A:$A,'[1]Detail<Child>'!$N:$N),'#참조'!P:P,'#참조'!Q:Q) -> 4 | H88: =_xlfn.XLOOKUP(_xlfn.XLOOKUP(B88,'[1]Detail<Child>'!$A:$A,'[1]Detail<Child>'!$O:$O),'#참조'!R:R,'#참조'!S:S) -> 2 | I88: 1 | J88: 3 | K88: 3 | L88: 8 | M88: Rare2 | N88: DevilSkillDmgRatio | O88: =ROUND(O87*1.1, 0) -> 3897 | P88: SoulHp | Q88: =R88&","&S88 -> 6275,7500 | R88: =ROUND(R87*1.3, 0) -> 6275 | S88: =ROUND(R88*1.2, -2) -> 7500 | T88: SoulAtk | U88: =V88&","&W88 -> 360,400 | V88: =ROUND(V87*1.2, 0) -> 360 | W88: =ROUND(V88*1.2, -2) -> 400 | X88: SoulDef | Y88: =Z88&","&AA88 -> 503,600 | Z88: =ROUND(Z87*1.3, 0) -> 503 | AA88: =ROUND(Z88*1.2, -2) -> 600 | AB88: 90000 | AC88: =_xlfn.XLOOKUP($B88, '#참조'!$M:$M, '#참조'!$N:$N) -> #N/A | AD88: =M88&"_"&AC88 -> #N/A | AE88: =IF(I88=0,0,INT(G88&H88&TEXT(I88,"00"))) -> 4201
A89: =INT(1&TEXT(RIGHT(B89,4),"0000")&TEXT(L89,"000")) -> 10353009 | B89: 10000353 | C89: ui_persona | D89: PersonaPortrait | E89: ="Persona_"&_xlfn.XLOOKUP($B89, '#캐릭터'!$A:$A, '#캐릭터'!$C:$C) -> Persona_c353 | G89: =_xlfn.XLOOKUP(_xlfn.XLOOKUP(B89,'[1]Detail<Child>'!$A:$A,'[1]Detail<Child>'!$N:$N),'#참조'!P:P,'#참조'!Q:Q) -> 4 | H89: =_xlfn.XLOOKUP(_xlfn.XLOOKUP(B89,'[1]Detail<Child>'!$A:$A,'[1]Detail<Child>'!$O:$O),'#참조'!R:R,'#참조'!S:S) -> 2 | I89: 2 | J89: 3 | K89: 3 | L89: 9 | M89: Rare3 | N89: DevilSkillDmgRatio | O89: =ROUND(O88*1.1, 0) -> 4287 | P89: SoulHp | Q89: =R89&","&S89 -> 8158,9800 | R89: =ROUND(R88*1.3, 0) -> 8158 | S89: =ROUND(R89*1.2, -2) -> 9800 | T89: SoulAtk | U89: =V89&","&W89 -> 432,500 | V89: =ROUND(V88*1.2, 0) -> 432 | W89: =ROUND(V89*1.2, -2) -> 500 | X89: SoulDef | Y89: =Z89&","&AA89 -> 654,800 | Z89: =ROUND(Z88*1.3, 0) -> 654 | AA89: =ROUND(Z89*1.2, -2) -> 800 | AB89: 90000 | AC89: =_xlfn.XLOOKUP($B89, '#참조'!$M:$M, '#참조'!$N:$N) -> #N/A | AD89: =M89&"_"&AC89 -> #N/A | AE89: =IF(I89=0,0,INT(G89&H89&TEXT(I89,"00"))) -> 4202
A90: =INT(1&TEXT(RIGHT(B90,4),"0000")&TEXT(L90,"000")) -> 10353010 | B90: 10000353 | C90: ui_persona | D90: PersonaPortrait | E90: ="Persona_"&_xlfn.XLOOKUP($B90, '#캐릭터'!$A:$A, '#캐릭터'!$C:$C) -> Persona_c353 | G90: =_xlfn.XLOOKUP(_xlfn.XLOOKUP(B90,'[1]Detail<Child>'!$A:$A,'[1]Detail<Child>'!$N:$N),'#참조'!P:P,'#참조'!Q:Q) -> 4 | H90: =_xlfn.XLOOKUP(_xlfn.XLOOKUP(B90,'[1]Detail<Child>'!$A:$A,'[1]Detail<Child>'!$O:$O),'#참조'!R:R,'#참조'!S:S) -> 2 | I90: 2 | J90: 3 | K90: 4 | L90: 10 | M90: Unique1 | N90: DevilSkillDmgRatio | O90: =ROUND(O89*1.1, 0) -> 4716 | P90: SoulHp | Q90: =R90&","&S90 -> 10605,12700 | R90: =ROUND(R89*1.3, 0) -> 10605 | S90: =ROUND(R90*1.2, -2) -> 12700 | T90: SoulAtk | U90: =V90&","&W90 -> 518,600 | V90: =ROUND(V89*1.2, 0) -> 518 | W90: =ROUND(V90*1.2, -2) -> 600 | X90: SoulDef | Y90: =Z90&","&AA90 -> 850,1000 | Z90: =ROUND(Z89*1.3, 0) -> 850 | AA90: =ROUND(Z90*1.2, -2) -> 1000 | AB90: 85000 | AC90: =_xlfn.XLOOKUP($B90, '#참조'!$M:$M, '#참조'!$N:$N) -> #N/A | AD90: =M90&"_"&AC90 -> #N/A | AE90: =IF(I90=0,0,INT(G90&H90&TEXT(I90,"00"))) -> 4202
A91: =INT(1&TEXT(RIGHT(B91,4),"0000")&TEXT(L91,"000")) -> 10353011 | B91: 10000353 | C91: ui_persona | D91: PersonaPortrait | E91: ="Persona_"&_xlfn.XLOOKUP($B91, '#캐릭터'!$A:$A, '#캐릭터'!$C:$C) -> Persona_c353 | G91: =_xlfn.XLOOKUP(_xlfn.XLOOKUP(B91,'[1]Detail<Child>'!$A:$A,'[1]Detail<Child>'!$N:$N),'#참조'!P:P,'#참조'!Q:Q) -> 4 | H91: =_xlfn.XLOOKUP(_xlfn.XLOOKUP(B91,'[1]Detail<Child>'!$A:$A,'[1]Detail<Child>'!$O:$O),'#참조'!R:R,'#참조'!S:S) -> 2 | I91: 3 | J91: 3 | K91: 4 | L91: 11 | M91: Unique2 | N91: DevilSkillDmgRatio | O91: =ROUND(O90*1.1, 0) -> 5188 | P91: SoulHp | Q91: =R91&","&S91 -> 13787,16500 | R91: =ROUND(R90*1.3, 0) -> 13787 | S91: =ROUND(R91*1.2, -2) -> 16500 | T91: SoulAtk | U91: =V91&","&W91 -> 622,700 | V91: =ROUND(V90*1.2, 0) -> 622 | W91: =ROUND(V91*1.2, -2) -> 700 | X91: SoulDef | Y91: =Z91&","&AA91 -> 1105,1300 | Z91: =ROUND(Z90*1.3, 0) -> 1105 | AA91: =ROUND(Z91*1.2, -2) -> 1300 | AB91: 85000 | AC91: =_xlfn.XLOOKUP($B91, '#참조'!$M:$M, '#참조'!$N:$N) -> #N/A | AD91: =M91&"_"&AC91 -> #N/A | AE91: =IF(I91=0,0,INT(G91&H91&TEXT(I91,"00"))) -> 4203
A92: =INT(1&TEXT(RIGHT(B92,4),"0000")&TEXT(L92,"000")) -> 10353012 | B92: 10000353 | C92: ui_persona | D92: PersonaPortrait | E92: ="Persona_"&_xlfn.XLOOKUP($B92, '#캐릭터'!$A:$A, '#캐릭터'!$C:$C) -> Persona_c353 | G92: =_xlfn.XLOOKUP(_xlfn.XLOOKUP(B92,'[1]Detail<Child>'!$A:$A,'[1]Detail<Child>'!$N:$N),'#참조'!P:P,'#참조'!Q:Q) -> 4 | H92: =_xlfn.XLOOKUP(_xlfn.XLOOKUP(B92,'[1]Detail<Child>'!$A:$A,'[1]Detail<Child>'!$O:$O),'#참조'!R:R,'#참조'!S:S) -> 2 | I92: 3 | J92: 3 | K92: 4 | L92: 12 | M92: Unique3 | N92: DevilSkillDmgRatio | O92: =ROUND(O91*1.1, 0) -> 5707 | P92: SoulHp | Q92: =R92&","&S92 -> 17923,21500 | R92: =ROUND(R91*1.3, 0) -> 17923 | S92: =ROUND(R92*1.2, -2) -> 21500 | T92: SoulAtk | U92: =V92&","&W92 -> 746,900 | V92: =ROUND(V91*1.2, 0) -> 746 | W92: =ROUND(V92*1.2, -2) -> 900 | X92: SoulDef | Y92: =Z92&","&AA92 -> 1437,1700 | Z92: =ROUND(Z91*1.3, 0) -> 1437 | AA92: =ROUND(Z92*1.2, -2) -> 1700 | AB92: 85000 | AC92: =_xlfn.XLOOKUP($B92, '#참조'!$M:$M, '#참조'!$N:$N) -> #N/A | AD92: =M92&"_"&AC92 -> #N/A | AE92: =IF(I92=0,0,INT(G92&H92&TEXT(I92,"00"))) -> 4203
A93: =INT(1&TEXT(RIGHT(B93,4),"0000")&TEXT(L93,"000")) -> 10353013 | B93: 10000353 | C93: ui_persona | D93: PersonaPortrait | E93: ="Persona_"&_xlfn.XLOOKUP($B93, '#캐릭터'!$A:$A, '#캐릭터'!$C:$C) -> Persona_c353 | G93: =_xlfn.XLOOKUP(_xlfn.XLOOKUP(B93,'[1]Detail<Child>'!$A:$A,'[1]Detail<Child>'!$N:$N),'#참조'!P:P,'#참조'!Q:Q) -> 4 | H93: =_xlfn.XLOOKUP(_xlfn.XLOOKUP(B93,'[1]Detail<Child>'!$A:$A,'[1]Detail<Child>'!$O:$O),'#참조'!R:R,'#참조'!S:S) -> 2 | I93: 4 | J93: 3 | K93: 5 | L93: 13 | M93: Epic1 | N93: DevilSkillDmgRatio | O93: =ROUND(O92*1.1, 0) -> 6278 | P93: SoulHp | Q93: =R93&","&S93 -> 23300,28000 | R93: =ROUND(R92*1.3, 0) -> 23300 | S93: =ROUND(R93*1.2, -2) -> 28000 | T93: SoulAtk | U93: =V93&","&W93 -> 895,1100 | V93: =ROUND(V92*1.2, 0) -> 895 | W93: =ROUND(V93*1.2, -2) -> 1100 | X93: SoulDef | Y93: =Z93&","&AA93 -> 1868,2200 | Z93: =ROUND(Z92*1.3, 0) -> 1868 | AA93: =ROUND(Z93*1.2, -2) -> 2200 | AB93: 80000 | AC93: =_xlfn.XLOOKUP($B93, '#참조'!$M:$M, '#참조'!$N:$N) -> #N/A | AD93: =M93&"_"&AC93 -> #N/A | AE93: =IF(I93=0,0,INT(G93&H93&TEXT(I93,"00"))) -> 4204
... A98: =INT(1&TEXT(RIGHT(B98,4),"0000")&TEXT(L98,"000")) -> 10353018 | B98: 10000353 | C98: ui_persona | D98: PersonaPortrait | E98: ="Persona_"&_xlfn.XLOOKUP($B98, '#캐릭터'!$A:$A, '#캐릭터'!$C:$C) -> Persona_c353 | G98: =_xlfn.XLOOKUP(_xlfn.XLOOKUP(B98,'[1]Detail<Child>'!$A:$A,'[1]Detail<Child>'!$N:$N),'#참조'!P:P,'#참조'!Q:Q) -> 4 | H98: =_xlfn.XLOOKUP(_xlfn.XLOOKUP(B98,'[1]Detail<Child>'!$A:$A,'[1]Detail<Child>'!$O:$O),'#참조'!R:R,'#참조'!S:S) -> 2 | I98: 6 | J98: 3 | K98: 6 | L98: 18 | M98: Legendary3 | N98: DevilSkillDmgRatio | O98: =ROUND(O97*1.1, 0) -> 10112 | P98: SoulHp | Q98: =R98&","&S98 -> 86511,103800 | R98: =ROUND(R97*1.3, 0) -> 86511 | S98: =ROUND(R98*1.2, -2) -> 103800 | T98: SoulAtk | U98: =V98&","&W98 -> 2227,2700 | V98: =ROUND(V97*1.2, 0) -> 2227 | W98: =ROUND(V98*1.2, -2) -> 2700 | X98: SoulDef | Y98: =Z98&","&AA98 -> 6934,8300 | Z98: =ROUND(Z97*1.3, 0) -> 6934 | AA98: =ROUND(Z98*1.2, -2) -> 8300 | AB98: 75000 | AC98: =_xlfn.XLOOKUP($B98, '#참조'!$M:$M, '#참조'!$N:$N) -> #N/A | AD98: =M98&"_"&AC98 -> #N/A | AE98: =IF(I98=0,0,INT(G98&H98&TEXT(I98,"00"))) -> 4206
A99: =INT(1&TEXT(RIGHT(B99,4),"0000")&TEXT(L99,"000")) -> 10229000 | B99: 10000229 | C99: ui_persona | D99: PersonaPortrait | E99: ="Persona_"&_xlfn.XLOOKUP($B99, '#캐릭터'!$A:$A, '#캐릭터'!$C:$C) -> Persona_c229 | G99: =_xlfn.XLOOKUP(_xlfn.XLOOKUP(B99,'[1]Detail<Child>'!$A:$A,'[1]Detail<Child>'!$N:$N),'#참조'!P:P,'#참조'!Q:Q) -> 3 | H99: =_xlfn.XLOOKUP(_xlfn.XLOOKUP(B99,'[1]Detail<Child>'!$A:$A,'[1]Detail<Child>'!$O:$O),'#참조'!R:R,'#참조'!S:S) -> 5 | I99: 0 | J99: 3 | K99: 0 | L99: 0 | M99: Default | N99: DevilSkillDmgRatio | O99: 0 | P99: SoulHp | Q99: =R99&","&S99 -> 1000,1000 | R99: 1000 | S99: =R99 -> 1000 | T99: SoulAtk | U99: =V99&","&W99 -> 100,100 | V99: 100 | W99: =V99 -> 100 | X99: SoulDef | Y99: =Z99&","&AA99 -> 80,80 | Z99: 80 | AA99: =Z99 -> 80 | AB99: 100000 | AE99: =IF(I99=0,0,INT(G99&H99&TEXT(I99,"00"))) -> 0
A100: =INT(1&TEXT(RIGHT(B100,4),"0000")&TEXT(L100,"000")) -> 10229001 | B100: 10000229 | C100: ui_persona | D100: PersonaPortrait | E100: ="Persona_"&_xlfn.XLOOKUP($B100, '#캐릭터'!$A:$A, '#캐릭터'!$C:$C) -> Persona_c229 | G100: =_xlfn.XLOOKUP(_xlfn.XLOOKUP(B100,'[1]Detail<Child>'!$A:$A,'[1]Detail<Child>'!$N:$N),'#참조'!P:P,'#참조'!Q:Q) -> 3 | H100: =_xlfn.XLOOKUP(_xlfn.XLOOKUP(B100,'[1]Detail<Child>'!$A:$A,'[1]Detail<Child>'!$O:$O),'#참조'!R:R,'#참조'!S:S) -> 5 | I100: 0 | J100: 3 | K100: 1 | L100: 1 | M100: Common1 | N100: DevilSkillDmgRatio | O100: 2000 | P100: SoulHp | Q100: =R100&","&S100 -> 1000,1200 | R100: 1000 | S100: =ROUND(R100*1.2, -2) -> 1200 | T100: SoulAtk | U100: =V100&","&W100 -> 100,100 | V100: 100 | W100: =ROUND(V100*1.2, -2) -> 100 | X100: SoulDef | Y100: =Z100&","&AA100 -> 80,100 | Z100: 80 | AA100: =ROUND(Z100*1.2, -2) -> 100 | AB100: 100000 | AC100: =_xlfn.XLOOKUP($B100, '#참조'!$M:$M, '#참조'!$N:$N) -> #N/A | AD100: =M100&"_"&AC100 -> #N/A | AE100: =IF(I100=0,0,INT(G100&H100&TEXT(I100,"00"))) -> 0
A101: =INT(1&TEXT(RIGHT(B101,4),"0000")&TEXT(L101,"000")) -> 10229002 | B101: 10000229 | C101: ui_persona | D101: PersonaPortrait | E101: ="Persona_"&_xlfn.XLOOKUP($B101, '#캐릭터'!$A:$A, '#캐릭터'!$C:$C) -> Persona_c229 | G101: =_xlfn.XLOOKUP(_xlfn.XLOOKUP(B101,'[1]Detail<Child>'!$A:$A,'[1]Detail<Child>'!$N:$N),'#참조'!P:P,'#참조'!Q:Q) -> 3 | H101: =_xlfn.XLOOKUP(_xlfn.XLOOKUP(B101,'[1]Detail<Child>'!$A:$A,'[1]Detail<Child>'!$O:$O),'#참조'!R:R,'#참조'!S:S) -> 5 | I101: 0 | J101: 3 | K101: 1 | L101: 2 | M101: Common2 | N101: DevilSkillDmgRatio | O101: =ROUND(O100*1.1, 0) -> 2200 | P101: SoulHp | Q101: =R101&","&S101 -> 1300,1600 | R101: =ROUND(R100*1.3, 0) -> 1300 | S101: =ROUND(R101*1.2, -2) -> 1600 | T101: SoulAtk | U101: =V101&","&W101 -> 120,100 | V101: =ROUND(V100*1.2, 0) -> 120 | W101: =ROUND(V101*1.2, -2) -> 100 | X101: SoulDef | Y101: =Z101&","&AA101 -> 104,100 | Z101: =ROUND(Z100*1.3, 0) -> 104 | AA101: =ROUND(Z101*1.2, -2) -> 100 | AB101: 100000 | AC101: =_xlfn.XLOOKUP($B101, '#참조'!$M:$M, '#참조'!$N:$N) -> #N/A | AD101: =M101&"_"&AC101 -> #N/A | AE101: =IF(I101=0,0,INT(G101&H101&TEXT(I101,"00"))) -> 0
A102: =INT(1&TEXT(RIGHT(B102,4),"0000")&TEXT(L102,"000")) -> 10229003 | B102: 10000229 | C102: ui_persona | D102: PersonaPortrait | E102: ="Persona_"&_xlfn.XLOOKUP($B102, '#캐릭터'!$A:$A, '#캐릭터'!$C:$C) -> Persona_c229 | G102: =_xlfn.XLOOKUP(_xlfn.XLOOKUP(B102,'[1]Detail<Child>'!$A:$A,'[1]Detail<Child>'!$N:$N),'#참조'!P:P,'#참조'!Q:Q) -> 3 | H102: =_xlfn.XLOOKUP(_xlfn.XLOOKUP(B102,'[1]Detail<Child>'!$A:$A,'[1]Detail<Child>'!$O:$O),'#참조'!R:R,'#참조'!S:S) -> 5 | I102: 0 | J102: 3 | K102: 1 | L102: 3 | M102: Common3 | N102: DevilSkillDmgRatio | O102: =ROUND(O101*1.1, 0) -> 2420 | P102: SoulHp | Q102: =R102&","&S102 -> 1690,2000 | R102: =ROUND(R101*1.3, 0) -> 1690 | S102: =ROUND(R102*1.2, -2) -> 2000 | T102: SoulAtk | U102: =V102&","&W102 -> 144,200 | V102: =ROUND(V101*1.2, 0) -> 144 | W102: =ROUND(V102*1.2, -2) -> 200 | X102: SoulDef | Y102: =Z102&","&AA102 -> 135,200 | Z102: =ROUND(Z101*1.3, 0) -> 135 | AA102: =ROUND(Z102*1.2, -2) -> 200 | AB102: 100000 | AC102: =_xlfn.XLOOKUP($B102, '#참조'!$M:$M, '#참조'!$N:$N) -> #N/A | AD102: =M102&"_"&AC102 -> #N/A | AE102: =IF(I102=0,0,INT(G102&H102&TEXT(I102,"00"))) -> 0
A103: =INT(1&TEXT(RIGHT(B103,4),"0000")&TEXT(L103,"000")) -> 10229004 | B103: 10000229 | C103: ui_persona | D103: PersonaPortrait | E103: ="Persona_"&_xlfn.XLOOKUP($B103, '#캐릭터'!$A:$A, '#캐릭터'!$C:$C) -> Persona_c229 | G103: =_xlfn.XLOOKUP(_xlfn.XLOOKUP(B103,'[1]Detail<Child>'!$A:$A,'[1]Detail<Child>'!$N:$N),'#참조'!P:P,'#참조'!Q:Q) -> 3 | H103: =_xlfn.XLOOKUP(_xlfn.XLOOKUP(B103,'[1]Detail<Child>'!$A:$A,'[1]Detail<Child>'!$O:$O),'#참조'!R:R,'#참조'!S:S) -> 5 | I103: 0 | J103: 3 | K103: 2 | L103: 4 | M103: Uncommon1 | N103: DevilSkillDmgRatio | O103: =ROUND(O102*1.1, 0) -> 2662 | P103: SoulHp | Q103: =R103&","&S103 -> 2197,2600 | R103: =ROUND(R102*1.3, 0) -> 2197 | S103: =ROUND(R103*1.2, -2) -> 2600 | T103: SoulAtk | U103: =V103&","&W103 -> 173,200 | V103: =ROUND(V102*1.2, 0) -> 173 | W103: =ROUND(V103*1.2, -2) -> 200 | X103: SoulDef | Y103: =Z103&","&AA103 -> 176,200 | Z103: =ROUND(Z102*1.3, 0) -> 176 | AA103: =ROUND(Z103*1.2, -2) -> 200 | AB103: 95000 | AC103: =_xlfn.XLOOKUP($B103, '#참조'!$M:$M, '#참조'!$N:$N) -> #N/A | AD103: =M103&"_"&AC103 -> #N/A | AE103: =IF(I103=0,0,INT(G103&H103&TEXT(I103,"00"))) -> 0
A104: =INT(1&TEXT(RIGHT(B104,4),"0000")&TEXT(L104,"000")) -> 10229005 | B104: 10000229 | C104: ui_persona | D104: PersonaPortrait | E104: ="Persona_"&_xlfn.XLOOKUP($B104, '#캐릭터'!$A:$A, '#캐릭터'!$C:$C) -> Persona_c229 | G104: =_xlfn.XLOOKUP(_xlfn.XLOOKUP(B104,'[1]Detail<Child>'!$A:$A,'[1]Detail<Child>'!$N:$N),'#참조'!P:P,'#참조'!Q:Q) -> 3 | H104: =_xlfn.XLOOKUP(_xlfn.XLOOKUP(B104,'[1]Detail<Child>'!$A:$A,'[1]Detail<Child>'!$O:$O),'#참조'!R:R,'#참조'!S:S) -> 5 | I104: 0 | J104: 3 | K104: 2 | L104: 5 | M104: Uncommon2 | N104: DevilSkillDmgRatio | O104: =ROUND(O103*1.1, 0) -> 2928 | P104: SoulHp | Q104: =R104&","&S104 -> 2856,3400 | R104: =ROUND(R103*1.3, 0) -> 2856 | S104: =ROUND(R104*1.2, -2) -> 3400 | T104: SoulAtk | U104: =V104&","&W104 -> 208,200 | V104: =ROUND(V103*1.2, 0) -> 208 | W104: =ROUND(V104*1.2, -2) -> 200 | X104: SoulDef | Y104: =Z104&","&AA104 -> 229,300 | Z104: =ROUND(Z103*1.3, 0) -> 229 | AA104: =ROUND(Z104*1.2, -2) -> 300 | AB104: 95000 | AC104: =_xlfn.XLOOKUP($B104, '#참조'!$M:$M, '#참조'!$N:$N) -> #N/A | AD104: =M104&"_"&AC104 -> #N/A | AE104: =IF(I104=0,0,INT(G104&H104&TEXT(I104,"00"))) -> 0
A105: =INT(1&TEXT(RIGHT(B105,4),"0000")&TEXT(L105,"000")) -> 10229006 | B105: 10000229 | C105: ui_persona | D105: PersonaPortrait | E105: ="Persona_"&_xlfn.XLOOKUP($B105, '#캐릭터'!$A:$A, '#캐릭터'!$C:$C) -> Persona_c229 | G105: =_xlfn.XLOOKUP(_xlfn.XLOOKUP(B105,'[1]Detail<Child>'!$A:$A,'[1]Detail<Child>'!$N:$N),'#참조'!P:P,'#참조'!Q:Q) -> 3 | H105: =_xlfn.XLOOKUP(_xlfn.XLOOKUP(B105,'[1]Detail<Child>'!$A:$A,'[1]Detail<Child>'!$O:$O),'#참조'!R:R,'#참조'!S:S) -> 5 | I105: 0 | J105: 3 | K105: 2 | L105: 6 | M105: Uncommon3 | N105: DevilSkillDmgRatio | O105: =ROUND(O104*1.1, 0) -> 3221 | P105: SoulHp | Q105: =R105&","&S105 -> 3713,4500 | R105: =ROUND(R104*1.3, 0) -> 3713 | S105: =ROUND(R105*1.2, -2) -> 4500 | T105: SoulAtk | U105: =V105&","&W105 -> 250,300 | V105: =ROUND(V104*1.2, 0) -> 250 | W105: =ROUND(V105*1.2, -2) -> 300 | X105: SoulDef | Y105: =Z105&","&AA105 -> 298,400 | Z105: =ROUND(Z104*1.3, 0) -> 298 | AA105: =ROUND(Z105*1.2, -2) -> 400 | AB105: 95000 | AC105: =_xlfn.XLOOKUP($B105, '#참조'!$M:$M, '#참조'!$N:$N) -> #N/A | AD105: =M105&"_"&AC105 -> #N/A | AE105: =IF(I105=0,0,INT(G105&H105&TEXT(I105,"00"))) -> 0
A106: =INT(1&TEXT(RIGHT(B106,4),"0000")&TEXT(L106,"000")) -> 10229007 | B106: 10000229 | C106: ui_persona | D106: PersonaPortrait | E106: ="Persona_"&_xlfn.XLOOKUP($B106, '#캐릭터'!$A:$A, '#캐릭터'!$C:$C) -> Persona_c229 | G106: =_xlfn.XLOOKUP(_xlfn.XLOOKUP(B106,'[1]Detail<Child>'!$A:$A,'[1]Detail<Child>'!$N:$N),'#참조'!P:P,'#참조'!Q:Q) -> 3 | H106: =_xlfn.XLOOKUP(_xlfn.XLOOKUP(B106,'[1]Detail<Child>'!$A:$A,'[1]Detail<Child>'!$O:$O),'#참조'!R:R,'#참조'!S:S) -> 5 | I106: 1 | J106: 3 | K106: 3 | L106: 7 | M106: Rare1 | N106: DevilSkillDmgRatio | O106: =ROUND(O105*1.1, 0) -> 3543 | P106: SoulHp | Q106: =R106&","&S106 -> 4827,5800 | R106: =ROUND(R105*1.3, 0) -> 4827 | S106: =ROUND(R106*1.2, -2) -> 5800 | T106: SoulAtk | U106: =V106&","&W106 -> 300,400 | V106: =ROUND(V105*1.2, 0) -> 300 | W106: =ROUND(V106*1.2, -2) -> 400 | X106: SoulDef | Y106: =Z106&","&AA106 -> 387,500 | Z106: =ROUND(Z105*1.3, 0) -> 387 | AA106: =ROUND(Z106*1.2, -2) -> 500 | AB106: 90000 | AC106: =_xlfn.XLOOKUP($B106, '#참조'!$M:$M, '#참조'!$N:$N) -> #N/A | AD106: =M106&"_"&AC106 -> #N/A | AE106: =IF(I106=0,0,INT(G106&H106&TEXT(I106,"00"))) -> 3501
A107: =INT(1&TEXT(RIGHT(B107,4),"0000")&TEXT(L107,"000")) -> 10229008 | B107: 10000229 | C107: ui_persona | D107: PersonaPortrait | E107: ="Persona_"&_xlfn.XLOOKUP($B107, '#캐릭터'!$A:$A, '#캐릭터'!$C:$C) -> Persona_c229 | G107: =_xlfn.XLOOKUP(_xlfn.XLOOKUP(B107,'[1]Detail<Child>'!$A:$A,'[1]Detail<Child>'!$N:$N),'#참조'!P:P,'#참조'!Q:Q) -> 3 | H107: =_xlfn.XLOOKUP(_xlfn.XLOOKUP(B107,'[1]Detail<Child>'!$A:$A,'[1]Detail<Child>'!$O:$O),'#참조'!R:R,'#참조'!S:S) -> 5 | I107: 1 | J107: 3 | K107: 3 | L107: 8 | M107: Rare2 | N107: DevilSkillDmgRatio | O107: =ROUND(O106*1.1, 0) -> 3897 | P107: SoulHp | Q107: =R107&","&S107 -> 6275,7500 | R107: =ROUND(R106*1.3, 0) -> 6275 | S107: =ROUND(R107*1.2, -2) -> 7500 | T107: SoulAtk | U107: =V107&","&W107 -> 360,400 | V107: =ROUND(V106*1.2, 0) -> 360 | W107: =ROUND(V107*1.2, -2) -> 400 | X107: SoulDef | Y107: =Z107&","&AA107 -> 503,600 | Z107: =ROUND(Z106*1.3, 0) -> 503 | AA107: =ROUND(Z107*1.2, -2) -> 600 | AB107: 90000 | AC107: =_xlfn.XLOOKUP($B107, '#참조'!$M:$M, '#참조'!$N:$N) -> #N/A | AD107: =M107&"_"&AC107 -> #N/A | AE107: =IF(I107=0,0,INT(G107&H107&TEXT(I107,"00"))) -> 3501
A108: =INT(1&TEXT(RIGHT(B108,4),"0000")&TEXT(L108,"000")) -> 10229009 | B108: 10000229 | C108: ui_persona | D108: PersonaPortrait | E108: ="Persona_"&_xlfn.XLOOKUP($B108, '#캐릭터'!$A:$A, '#캐릭터'!$C:$C) -> Persona_c229 | G108: =_xlfn.XLOOKUP(_xlfn.XLOOKUP(B108,'[1]Detail<Child>'!$A:$A,'[1]Detail<Child>'!$N:$N),'#참조'!P:P,'#참조'!Q:Q) -> 3 | H108: =_xlfn.XLOOKUP(_xlfn.XLOOKUP(B108,'[1]Detail<Child>'!$A:$A,'[1]Detail<Child>'!$O:$O),'#참조'!R:R,'#참조'!S:S) -> 5 | I108: 2 | J108: 3 | K108: 3 | L108: 9 | M108: Rare3 | N108: DevilSkillDmgRatio | O108: =ROUND(O107*1.1, 0) -> 4287 | P108: SoulHp | Q108: =R108&","&S108 -> 8158,9800 | R108: =ROUND(R107*1.3, 0) -> 8158 | S108: =ROUND(R108*1.2, -2) -> 9800 | T108: SoulAtk | U108: =V108&","&W108 -> 432,500 | V108: =ROUND(V107*1.2, 0) -> 432 | W108: =ROUND(V108*1.2, -2) -> 500 | X108: SoulDef | Y108: =Z108&","&AA108 -> 654,800 | Z108: =ROUND(Z107*1.3, 0) -> 654 | AA108: =ROUND(Z108*1.2, -2) -> 800 | AB108: 90000 | AC108: =_xlfn.XLOOKUP($B108, '#참조'!$M:$M, '#참조'!$N:$N) -> #N/A | AD108: =M108&"_"&AC108 -> #N/A | AE108: =IF(I108=0,0,INT(G108&H108&TEXT(I108,"00"))) -> 3502
A109: =INT(1&TEXT(RIGHT(B109,4),"0000")&TEXT(L109,"000")) -> 10229010 | B109: 10000229 | C109: ui_persona | D109: PersonaPortrait | E109: ="Persona_"&_xlfn.XLOOKUP($B109, '#캐릭터'!$A:$A, '#캐릭터'!$C:$C) -> Persona_c229 | G109: =_xlfn.XLOOKUP(_xlfn.XLOOKUP(B109,'[1]Detail<Child>'!$A:$A,'[1]Detail<Child>'!$N:$N),'#참조'!P:P,'#참조'!Q:Q) -> 3 | H109: =_xlfn.XLOOKUP(_xlfn.XLOOKUP(B109,'[1]Detail<Child>'!$A:$A,'[1]Detail<Child>'!$O:$O),'#참조'!R:R,'#참조'!S:S) -> 5 | I109: 2 | J109: 3 | K109: 4 | L109: 10 | M109: Unique1 | N109: DevilSkillDmgRatio | O109: =ROUND(O108*1.1, 0) -> 4716 | P109: SoulHp | Q109: =R109&","&S109 -> 10605,12700 | R109: =ROUND(R108*1.3, 0) -> 10605 | S109: =ROUND(R109*1.2, -2) -> 12700 | T109: SoulAtk | U109: =V109&","&W109 -> 518,600 | V109: =ROUND(V108*1.2, 0) -> 518 | W109: =ROUND(V109*1.2, -2) -> 600 | X109: SoulDef | Y109: =Z109&","&AA109 -> 850,1000 | Z109: =ROUND(Z108*1.3, 0) -> 850 | AA109: =ROUND(Z109*1.2, -2) -> 1000 | AB109: 85000 | AC109: =_xlfn.XLOOKUP($B109, '#참조'!$M:$M, '#참조'!$N:$N) -> #N/A | AD109: =M109&"_"&AC109 -> #N/A | AE109: =IF(I109=0,0,INT(G109&H109&TEXT(I109,"00"))) -> 3502
A110: =INT(1&TEXT(RIGHT(B110,4),"0000")&TEXT(L110,"000")) -> 10229011 | B110: 10000229 | C110: ui_persona | D110: PersonaPortrait | E110: ="Persona_"&_xlfn.XLOOKUP($B110, '#캐릭터'!$A:$A, '#캐릭터'!$C:$C) -> Persona_c229 | G110: =_xlfn.XLOOKUP(_xlfn.XLOOKUP(B110,'[1]Detail<Child>'!$A:$A,'[1]Detail<Child>'!$N:$N),'#참조'!P:P,'#참조'!Q:Q) -> 3 | H110: =_xlfn.XLOOKUP(_xlfn.XLOOKUP(B110,'[1]Detail<Child>'!$A:$A,'[1]Detail<Child>'!$O:$O),'#참조'!R:R,'#참조'!S:S) -> 5 | I110: 3 | J110: 3 | K110: 4 | L110: 11 | M110: Unique2 | N110: DevilSkillDmgRatio | O110: =ROUND(O109*1.1, 0) -> 5188 | P110: SoulHp | Q110: =R110&","&S110 -> 13787,16500 | R110: =ROUND(R109*1.3, 0) -> 13787 | S110: =ROUND(R110*1.2, -2) -> 16500 | T110: SoulAtk | U110: =V110&","&W110 -> 622,700 | V110: =ROUND(V109*1.2, 0) -> 622 | W110: =ROUND(V110*1.2, -2) -> 700 | X110: SoulDef | Y110: =Z110&","&AA110 -> 1105,1300 | Z110: =ROUND(Z109*1.3, 0) -> 1105 | AA110: =ROUND(Z110*1.2, -2) -> 1300 | AB110: 85000 | AC110: =_xlfn.XLOOKUP($B110, '#참조'!$M:$M, '#참조'!$N:$N) -> #N/A | AD110: =M110&"_"&AC110 -> #N/A | AE110: =IF(I110=0,0,INT(G110&H110&TEXT(I110,"00"))) -> 3503
A111: =INT(1&TEXT(RIGHT(B111,4),"0000")&TEXT(L111,"000")) -> 10229012 | B111: 10000229 | C111: ui_persona | D111: PersonaPortrait | E111: ="Persona_"&_xlfn.XLOOKUP($B111, '#캐릭터'!$A:$A, '#캐릭터'!$C:$C) -> Persona_c229 | G111: =_xlfn.XLOOKUP(_xlfn.XLOOKUP(B111,'[1]Detail<Child>'!$A:$A,'[1]Detail<Child>'!$N:$N),'#참조'!P:P,'#참조'!Q:Q) -> 3 | H111: =_xlfn.XLOOKUP(_xlfn.XLOOKUP(B111,'[1]Detail<Child>'!$A:$A,'[1]Detail<Child>'!$O:$O),'#참조'!R:R,'#참조'!S:S) -> 5 | I111: 3 | J111: 3 | K111: 4 | L111: 12 | M111: Unique3 | N111: DevilSkillDmgRatio | O111: =ROUND(O110*1.1, 0) -> 5707 | P111: SoulHp | Q111: =R111&","&S111 -> 17923,21500 | R111: =ROUND(R110*1.3, 0) -> 17923 | S111: =ROUND(R111*1.2, -2) -> 21500 | T111: SoulAtk | U111: =V111&","&W111 -> 746,900 | V111: =ROUND(V110*1.2, 0) -> 746 | W111: =ROUND(V111*1.2, -2) -> 900 | X111: SoulDef | Y111: =Z111&","&AA111 -> 1437,1700 | Z111: =ROUND(Z110*1.3, 0) -> 1437 | AA111: =ROUND(Z111*1.2, -2) -> 1700 | AB111: 85000 | AC111: =_xlfn.XLOOKUP($B111, '#참조'!$M:$M, '#참조'!$N:$N) -> #N/A | AD111: =M111&"_"&AC111 -> #N/A | AE111: =IF(I111=0,0,INT(G111&H111&TEXT(I111,"00"))) -> 3503
A112: =INT(1&TEXT(RIGHT(B112,4),"0000")&TEXT(L112,"000")) -> 10229013 | B112: 10000229 | C112: ui_persona | D112: PersonaPortrait | E112: ="Persona_"&_xlfn.XLOOKUP($B112, '#캐릭터'!$A:$A, '#캐릭터'!$C:$C) -> Persona_c229 | G112: =_xlfn.XLOOKUP(_xlfn.XLOOKUP(B112,'[1]Detail<Child>'!$A:$A,'[1]Detail<Child>'!$N:$N),'#참조'!P:P,'#참조'!Q:Q) -> 3 | H112: =_xlfn.XLOOKUP(_xlfn.XLOOKUP(B112,'[1]Detail<Child>'!$A:$A,'[1]Detail<Child>'!$O:$O),'#참조'!R:R,'#참조'!S:S) -> 5 | I112: 4 | J112: 3 | K112: 5 | L112: 13 | M112: Epic1 | N112: DevilSkillDmgRatio | O112: =ROUND(O111*1.1, 0) -> 6278 | P112: SoulHp | Q112: =R112&","&S112 -> 23300,28000 | R112: =ROUND(R111*1.3, 0) -> 23300 | S112: =ROUND(R112*1.2, -2) -> 28000 | T112: SoulAtk | U112: =V112&","&W112 -> 895,1100 | V112: =ROUND(V111*1.2, 0) -> 895 | W112: =ROUND(V112*1.2, -2) -> 1100 | X112: SoulDef | Y112: =Z112&","&AA112 -> 1868,2200 | Z112: =ROUND(Z111*1.3, 0) -> 1868 | AA112: =ROUND(Z112*1.2, -2) -> 2200 | AB112: 80000 | AC112: =_xlfn.XLOOKUP($B112, '#참조'!$M:$M, '#참조'!$N:$N) -> #N/A | AD112: =M112&"_"&AC112 -> #N/A | AE112: =IF(I112=0,0,INT(G112&H112&TEXT(I112,"00"))) -> 3504
... A117: =INT(1&TEXT(RIGHT(B117,4),"0000")&TEXT(L117,"000")) -> 10229018 | B117: 10000229 | C117: ui_persona | D117: PersonaPortrait | E117: ="Persona_"&_xlfn.XLOOKUP($B117, '#캐릭터'!$A:$A, '#캐릭터'!$C:$C) -> Persona_c229 | G117: =_xlfn.XLOOKUP(_xlfn.XLOOKUP(B117,'[1]Detail<Child>'!$A:$A,'[1]Detail<Child>'!$N:$N),'#참조'!P:P,'#참조'!Q:Q) -> 3 | H117: =_xlfn.XLOOKUP(_xlfn.XLOOKUP(B117,'[1]Detail<Child>'!$A:$A,'[1]Detail<Child>'!$O:$O),'#참조'!R:R,'#참조'!S:S) -> 5 | I117: 6 | J117: 3 | K117: 6 | L117: 18 | M117: Legendary3 | N117: DevilSkillDmgRatio | O117: =ROUND(O116*1.1, 0) -> 10112 | P117: SoulHp | Q117: =R117&","&S117 -> 86511,103800 | R117: =ROUND(R116*1.3, 0) -> 86511 | S117: =ROUND(R117*1.2, -2) -> 103800 | T117: SoulAtk | U117: =V117&","&W117 -> 2227,2700 | V117: =ROUND(V116*1.2, 0) -> 2227 | W117: =ROUND(V117*1.2, -2) -> 2700 | X117: SoulDef | Y117: =Z117&","&AA117 -> 6934,8300 | Z117: =ROUND(Z116*1.3, 0) -> 6934 | AA117: =ROUND(Z117*1.2, -2) -> 8300 | AB117: 75000 | AC117: =_xlfn.XLOOKUP($B117, '#참조'!$M:$M, '#참조'!$N:$N) -> #N/A | AD117: =M117&"_"&AC117 -> #N/A | AE117: =IF(I117=0,0,INT(G117&H117&TEXT(I117,"00"))) -> 3506
A118: =INT(1&TEXT(RIGHT(B118,4),"0000")&TEXT(L118,"000")) -> 10180000 | B118: 10000180 | C118: ui_persona | D118: PersonaPortrait | E118: ="Persona_"&_xlfn.XLOOKUP($B118, '#캐릭터'!$A:$A, '#캐릭터'!$C:$C) -> Persona_c180 | G118: =_xlfn.XLOOKUP(_xlfn.XLOOKUP(B118,'[1]Detail<Child>'!$A:$A,'[1]Detail<Child>'!$N:$N),'#참조'!P:P,'#참조'!Q:Q) -> 3 | H118: =_xlfn.XLOOKUP(_xlfn.XLOOKUP(B118,'[1]Detail<Child>'!$A:$A,'[1]Detail<Child>'!$O:$O),'#참조'!R:R,'#참조'!S:S) -> 2 | I118: 0 | J118: 3 | K118: 0 | L118: 0 | M118: Default | N118: DevilSkillDmgRatio | O118: 0 | P118: SoulHp | Q118: =R118&","&S118 -> 1000,1000 | R118: 1000 | S118: =R118 -> 1000 | T118: SoulAtk | U118: =V118&","&W118 -> 100,100 | V118: 100 | W118: =V118 -> 100 | X118: SoulDef | Y118: =Z118&","&AA118 -> 80,80 | Z118: 80 | AA118: =Z118 -> 80 | AB118: 100000 | AE118: =IF(I118=0,0,INT(G118&H118&TEXT(I118,"00"))) -> 0
A119: =INT(1&TEXT(RIGHT(B119,4),"0000")&TEXT(L119,"000")) -> 10180001 | B119: 10000180 | C119: ui_persona | D119: PersonaPortrait | E119: ="Persona_"&_xlfn.XLOOKUP($B119, '#캐릭터'!$A:$A, '#캐릭터'!$C:$C) -> Persona_c180 | G119: =_xlfn.XLOOKUP(_xlfn.XLOOKUP(B119,'[1]Detail<Child>'!$A:$A,'[1]Detail<Child>'!$N:$N),'#참조'!P:P,'#참조'!Q:Q) -> 3 | H119: =_xlfn.XLOOKUP(_xlfn.XLOOKUP(B119,'[1]Detail<Child>'!$A:$A,'[1]Detail<Child>'!$O:$O),'#참조'!R:R,'#참조'!S:S) -> 2 | I119: 0 | J119: 3 | K119: 1 | L119: 1 | M119: Common1 | N119: DevilSkillDmgRatio | O119: 2000 | P119: SoulHp | Q119: =R119&","&S119 -> 1000,1200 | R119: 1000 | S119: =ROUND(R119*1.2, -2) -> 1200 | T119: SoulAtk | U119: =V119&","&W119 -> 100,100 | V119: 100 | W119: =ROUND(V119*1.2, -2) -> 100 | X119: SoulDef | Y119: =Z119&","&AA119 -> 80,100 | Z119: 80 | AA119: =ROUND(Z119*1.2, -2) -> 100 | AB119: 100000 | AC119: =_xlfn.XLOOKUP($B119, '#참조'!$M:$M, '#참조'!$N:$N) -> #N/A | AD119: =M119&"_"&AC119 -> #N/A | AE119: =IF(I119=0,0,INT(G119&H119&TEXT(I119,"00"))) -> 0
A120: =INT(1&TEXT(RIGHT(B120,4),"0000")&TEXT(L120,"000")) -> 10180002 | B120: 10000180 | C120: ui_persona | D120: PersonaPortrait | E120: ="Persona_"&_xlfn.XLOOKUP($B120, '#캐릭터'!$A:$A, '#캐릭터'!$C:$C) -> Persona_c180 | G120: =_xlfn.XLOOKUP(_xlfn.XLOOKUP(B120,'[1]Detail<Child>'!$A:$A,'[1]Detail<Child>'!$N:$N),'#참조'!P:P,'#참조'!Q:Q) -> 3 | H120: =_xlfn.XLOOKUP(_xlfn.XLOOKUP(B120,'[1]Detail<Child>'!$A:$A,'[1]Detail<Child>'!$O:$O),'#참조'!R:R,'#참조'!S:S) -> 2 | I120: 0 | J120: 3 | K120: 1 | L120: 2 | M120: Common2 | N120: DevilSkillDmgRatio | O120: =ROUND(O119*1.1, 0) -> 2200 | P120: SoulHp | Q120: =R120&","&S120 -> 1300,1600 | R120: =ROUND(R119*1.3, 0) -> 1300 | S120: =ROUND(R120*1.2, -2) -> 1600 | T120: SoulAtk | U120: =V120&","&W120 -> 120,100 | V120: =ROUND(V119*1.2, 0) -> 120 | W120: =ROUND(V120*1.2, -2) -> 100 | X120: SoulDef | Y120: =Z120&","&AA120 -> 104,100 | Z120: =ROUND(Z119*1.3, 0) -> 104 | AA120: =ROUND(Z120*1.2, -2) -> 100 | AB120: 100000 | AC120: =_xlfn.XLOOKUP($B120, '#참조'!$M:$M, '#참조'!$N:$N) -> #N/A | AD120: =M120&"_"&AC120 -> #N/A | AE120: =IF(I120=0,0,INT(G120&H120&TEXT(I120,"00"))) -> 0
A121: =INT(1&TEXT(RIGHT(B121,4),"0000")&TEXT(L121,"000")) -> 10180003 | B121: 10000180 | C121: ui_persona | D121: PersonaPortrait | E121: ="Persona_"&_xlfn.XLOOKUP($B121, '#캐릭터'!$A:$A, '#캐릭터'!$C:$C) -> Persona_c180 | G121: =_xlfn.XLOOKUP(_xlfn.XLOOKUP(B121,'[1]Detail<Child>'!$A:$A,'[1]Detail<Child>'!$N:$N),'#참조'!P:P,'#참조'!Q:Q) -> 3 | H121: =_xlfn.XLOOKUP(_xlfn.XLOOKUP(B121,'[1]Detail<Child>'!$A:$A,'[1]Detail<Child>'!$O:$O),'#참조'!R:R,'#참조'!S:S) -> 2 | I121: 0 | J121: 3 | K121: 1 | L121: 3 | M121: Common3 | N121: DevilSkillDmgRatio | O121: =ROUND(O120*1.1, 0) -> 2420 | P121: SoulHp | Q121: =R121&","&S121 -> 1690,2000 | R121: =ROUND(R120*1.3, 0) -> 1690 | S121: =ROUND(R121*1.2, -2) -> 2000 | T121: SoulAtk | U121: =V121&","&W121 -> 144,200 | V121: =ROUND(V120*1.2, 0) -> 144 | W121: =ROUND(V121*1.2, -2) -> 200 | X121: SoulDef | Y121: =Z121&","&AA121 -> 135,200 | Z121: =ROUND(Z120*1.3, 0) -> 135 | AA121: =ROUND(Z121*1.2, -2) -> 200 | AB121: 100000 | AC121: =_xlfn.XLOOKUP($B121, '#참조'!$M:$M, '#참조'!$N:$N) -> #N/A | AD121: =M121&"_"&AC121 -> #N/A | AE121: =IF(I121=0,0,INT(G121&H121&TEXT(I121,"00"))) -> 0
A122: =INT(1&TEXT(RIGHT(B122,4),"0000")&TEXT(L122,"000")) -> 10180004 | B122: 10000180 | C122: ui_persona | D122: PersonaPortrait | E122: ="Persona_"&_xlfn.XLOOKUP($B122, '#캐릭터'!$A:$A, '#캐릭터'!$C:$C) -> Persona_c180 | G122: =_xlfn.XLOOKUP(_xlfn.XLOOKUP(B122,'[1]Detail<Child>'!$A:$A,'[1]Detail<Child>'!$N:$N),'#참조'!P:P,'#참조'!Q:Q) -> 3 | H122: =_xlfn.XLOOKUP(_xlfn.XLOOKUP(B122,'[1]Detail<Child>'!$A:$A,'[1]Detail<Child>'!$O:$O),'#참조'!R:R,'#참조'!S:S) -> 2 | I122: 0 | J122: 3 | K122: 2 | L122: 4 | M122: Uncommon1 | N122: DevilSkillDmgRatio | O122: =ROUND(O121*1.1, 0) -> 2662 | P122: SoulHp | Q122: =R122&","&S122 -> 2197,2600 | R122: =ROUND(R121*1.3, 0) -> 2197 | S122: =ROUND(R122*1.2, -2) -> 2600 | T122: SoulAtk | U122: =V122&","&W122 -> 173,200 | V122: =ROUND(V121*1.2, 0) -> 173 | W122: =ROUND(V122*1.2, -2) -> 200 | X122: SoulDef | Y122: =Z122&","&AA122 -> 176,200 | Z122: =ROUND(Z121*1.3, 0) -> 176 | AA122: =ROUND(Z122*1.2, -2) -> 200 | AB122: 95000 | AC122: =_xlfn.XLOOKUP($B122, '#참조'!$M:$M, '#참조'!$N:$N) -> #N/A | AD122: =M122&"_"&AC122 -> #N/A | AE122: =IF(I122=0,0,INT(G122&H122&TEXT(I122,"00"))) -> 0
A123: =INT(1&TEXT(RIGHT(B123,4),"0000")&TEXT(L123,"000")) -> 10180005 | B123: 10000180 | C123: ui_persona | D123: PersonaPortrait | E123: ="Persona_"&_xlfn.XLOOKUP($B123, '#캐릭터'!$A:$A, '#캐릭터'!$C:$C) -> Persona_c180 | G123: =_xlfn.XLOOKUP(_xlfn.XLOOKUP(B123,'[1]Detail<Child>'!$A:$A,'[1]Detail<Child>'!$N:$N),'#참조'!P:P,'#참조'!Q:Q) -> 3 | H123: =_xlfn.XLOOKUP(_xlfn.XLOOKUP(B123,'[1]Detail<Child>'!$A:$A,'[1]Detail<Child>'!$O:$O),'#참조'!R:R,'#참조'!S:S) -> 2 | I123: 0 | J123: 3 | K123: 2 | L123: 5 | M123: Uncommon2 | N123: DevilSkillDmgRatio | O123: =ROUND(O122*1.1, 0) -> 2928 | P123: SoulHp | Q123: =R123&","&S123 -> 2856,3400 | R123: =ROUND(R122*1.3, 0) -> 2856 | S123: =ROUND(R123*1.2, -2) -> 3400 | T123: SoulAtk | U123: =V123&","&W123 -> 208,200 | V123: =ROUND(V122*1.2, 0) -> 208 | W123: =ROUND(V123*1.2, -2) -> 200 | X123: SoulDef | Y123: =Z123&","&AA123 -> 229,300 | Z123: =ROUND(Z122*1.3, 0) -> 229 | AA123: =ROUND(Z123*1.2, -2) -> 300 | AB123: 95000 | AC123: =_xlfn.XLOOKUP($B123, '#참조'!$M:$M, '#참조'!$N:$N) -> #N/A | AD123: =M123&"_"&AC123 -> #N/A | AE123: =IF(I123=0,0,INT(G123&H123&TEXT(I123,"00"))) -> 0
A124: =INT(1&TEXT(RIGHT(B124,4),"0000")&TEXT(L124,"000")) -> 10180006 | B124: 10000180 | C124: ui_persona | D124: PersonaPortrait | E124: ="Persona_"&_xlfn.XLOOKUP($B124, '#캐릭터'!$A:$A, '#캐릭터'!$C:$C) -> Persona_c180 | G124: =_xlfn.XLOOKUP(_xlfn.XLOOKUP(B124,'[1]Detail<Child>'!$A:$A,'[1]Detail<Child>'!$N:$N),'#참조'!P:P,'#참조'!Q:Q) -> 3 | H124: =_xlfn.XLOOKUP(_xlfn.XLOOKUP(B124,'[1]Detail<Child>'!$A:$A,'[1]Detail<Child>'!$O:$O),'#참조'!R:R,'#참조'!S:S) -> 2 | I124: 0 | J124: 3 | K124: 2 | L124: 6 | M124: Uncommon3 | N124: DevilSkillDmgRatio | O124: =ROUND(O123*1.1, 0) -> 3221 | P124: SoulHp | Q124: =R124&","&S124 -> 3713,4500 | R124: =ROUND(R123*1.3, 0) -> 3713 | S124: =ROUND(R124*1.2, -2) -> 4500 | T124: SoulAtk | U124: =V124&","&W124 -> 250,300 | V124: =ROUND(V123*1.2, 0) -> 250 | W124: =ROUND(V124*1.2, -2) -> 300 | X124: SoulDef | Y124: =Z124&","&AA124 -> 298,400 | Z124: =ROUND(Z123*1.3, 0) -> 298 | AA124: =ROUND(Z124*1.2, -2) -> 400 | AB124: 95000 | AC124: =_xlfn.XLOOKUP($B124, '#참조'!$M:$M, '#참조'!$N:$N) -> #N/A | AD124: =M124&"_"&AC124 -> #N/A | AE124: =IF(I124=0,0,INT(G124&H124&TEXT(I124,"00"))) -> 0
A125: =INT(1&TEXT(RIGHT(B125,4),"0000")&TEXT(L125,"000")) -> 10180007 | B125: 10000180 | C125: ui_persona | D125: PersonaPortrait | E125: ="Persona_"&_xlfn.XLOOKUP($B125, '#캐릭터'!$A:$A, '#캐릭터'!$C:$C) -> Persona_c180 | G125: =_xlfn.XLOOKUP(_xlfn.XLOOKUP(B125,'[1]Detail<Child>'!$A:$A,'[1]Detail<Child>'!$N:$N),'#참조'!P:P,'#참조'!Q:Q) -> 3 | H125: =_xlfn.XLOOKUP(_xlfn.XLOOKUP(B125,'[1]Detail<Child>'!$A:$A,'[1]Detail<Child>'!$O:$O),'#참조'!R:R,'#참조'!S:S) -> 2 | I125: 1 | J125: 3 | K125: 3 | L125: 7 | M125: Rare1 | N125: DevilSkillDmgRatio | O125: =ROUND(O124*1.1, 0) -> 3543 | P125: SoulHp | Q125: =R125&","&S125 -> 4827,5800 | R125: =ROUND(R124*1.3, 0) -> 4827 | S125: =ROUND(R125*1.2, -2) -> 5800 | T125: SoulAtk | U125: =V125&","&W125 -> 300,400 | V125: =ROUND(V124*1.2, 0) -> 300 | W125: =ROUND(V125*1.2, -2) -> 400 | X125: SoulDef | Y125: =Z125&","&AA125 -> 387,500 | Z125: =ROUND(Z124*1.3, 0) -> 387 | AA125: =ROUND(Z125*1.2, -2) -> 500 | AB125: 90000 | AC125: =_xlfn.XLOOKUP($B125, '#참조'!$M:$M, '#참조'!$N:$N) -> #N/A | AD125: =M125&"_"&AC125 -> #N/A | AE125: =IF(I125=0,0,INT(G125&H125&TEXT(I125,"00"))) -> 3201
A126: =INT(1&TEXT(RIGHT(B126,4),"0000")&TEXT(L126,"000")) -> 10180008 | B126: 10000180 | C126: ui_persona | D126: PersonaPortrait | E126: ="Persona_"&_xlfn.XLOOKUP($B126, '#캐릭터'!$A:$A, '#캐릭터'!$C:$C) -> Persona_c180 | G126: =_xlfn.XLOOKUP(_xlfn.XLOOKUP(B126,'[1]Detail<Child>'!$A:$A,'[1]Detail<Child>'!$N:$N),'#참조'!P:P,'#참조'!Q:Q) -> 3 | H126: =_xlfn.XLOOKUP(_xlfn.XLOOKUP(B126,'[1]Detail<Child>'!$A:$A,'[1]Detail<Child>'!$O:$O),'#참조'!R:R,'#참조'!S:S) -> 2 | I126: 1 | J126: 3 | K126: 3 | L126: 8 | M126: Rare2 | N126: DevilSkillDmgRatio | O126: =ROUND(O125*1.1, 0) -> 3897 | P126: SoulHp | Q126: =R126&","&S126 -> 6275,7500 | R126: =ROUND(R125*1.3, 0) -> 6275 | S126: =ROUND(R126*1.2, -2) -> 7500 | T126: SoulAtk | U126: =V126&","&W126 -> 360,400 | V126: =ROUND(V125*1.2, 0) -> 360 | W126: =ROUND(V126*1.2, -2) -> 400 | X126: SoulDef | Y126: =Z126&","&AA126 -> 503,600 | Z126: =ROUND(Z125*1.3, 0) -> 503 | AA126: =ROUND(Z126*1.2, -2) -> 600 | AB126: 90000 | AC126: =_xlfn.XLOOKUP($B126, '#참조'!$M:$M, '#참조'!$N:$N) -> #N/A | AD126: =M126&"_"&AC126 -> #N/A | AE126: =IF(I126=0,0,INT(G126&H126&TEXT(I126,"00"))) -> 3201
...

Sheet Desire
A1: Id | B1: #이름 | C1: DesireType | D1: Atlas | E1: Icon | F1: Name | G1: Desc | H1: ChildStat | I1: Value | J1: ChildStat | K1: Value | L1: ChildStat | M1: Value
A4: 101 | B4: 오만 | C4: Superbia | D4: CommonIcon | E4: ="Icon_Persona_Desire_"&C4 -> Icon_Persona_Desire_Superbia | F4: =LOWER("persona_desire_"&$C4&"_"&F$1) -> persona_desire_superbia_name | G4: =LOWER("persona_desire_"&$C4&"_"&G$1) -> persona_desire_superbia_desc | H4: AtkRatio | I4: 20000 | J4: Dodge | K4: -10 | L4: None | M4: 0
A5: 102 | B5: 인색 | C5: Avaritia | D5: CommonIcon | E5: ="Icon_Persona_Desire_"&C5 -> Icon_Persona_Desire_Avaritia | F5: =LOWER("persona_desire_"&$C5&"_"&F$1) -> persona_desire_avaritia_name | G5: =LOWER("persona_desire_"&$C5&"_"&G$1) -> persona_desire_avaritia_desc | H5: DefRatio | I5: 20000 | J5: Spd | K5: -5 | L5: None | M5: 0
A6: 103 | B6: 질투 | C6: Invidia | D6: CommonIcon | E6: ="Icon_Persona_Desire_"&C6 -> Icon_Persona_Desire_Invidia | F6: =LOWER("persona_desire_"&$C6&"_"&F$1) -> persona_desire_invidia_name | G6: =LOWER("persona_desire_"&$C6&"_"&G$1) -> persona_desire_invidia_desc | H6: AtkRatio | I6: 20000 | J6: Hit | K6: -10 | L6: None | M6: 0
A7: 104 | B7: 분노 | C7: Ira | D7: CommonIcon | E7: ="Icon_Persona_Desire_"&C7 -> Icon_Persona_Desire_Ira | F7: =LOWER("persona_desire_"&$C7&"_"&F$1) -> persona_desire_ira_name | G7: =LOWER("persona_desire_"&$C7&"_"&G$1) -> persona_desire_ira_desc | H7: AtkRatio | I7: 20000 | J7: DefRatio | K7: -20000 | L7: None | M7: 0
A8: 105 | B8: 색욕 | C8: Luxuria | D8: CommonIcon | E8: ="Icon_Persona_Desire_"&C8 -> Icon_Persona_Desire_Luxuria | F8: =LOWER("persona_desire_"&$C8&"_"&F$1) -> persona_desire_luxuria_name | G8: =LOWER("persona_desire_"&$C8&"_"&G$1) -> persona_desire_luxuria_desc | H8: Spd | I8: 5 | J8: HpRatio | K8: -20000 | L8: None | M8: 0
A9: 106 | B9: 탐욕 | C9: Gula | D9: CommonIcon | E9: ="Icon_Persona_Desire_"&C9 -> Icon_Persona_Desire_Gula | F9: =LOWER("persona_desire_"&$C9&"_"&F$1) -> persona_desire_gula_name | G9: =LOWER("persona_desire_"&$C9&"_"&G$1) -> persona_desire_gula_desc | H9: Spd | I9: 5 | J9: Hit | K9: -10 | L9: None | M9: 0
A10: 107 | B10: 나태 | C10: Pigritia | D10: CommonIcon | E10: ="Icon_Persona_Desire_"&C10 -> Icon_Persona_Desire_Pigritia | F10: =LOWER("persona_desire_"&$C10&"_"&F$1) -> persona_desire_pigritia_name | G10: =LOWER("persona_desire_"&$C10&"_"&G$1) -> persona_desire_pigritia_desc | H10: HpRatio | I10: 20000 | J10: Spd | K10: -5 | L10: None | M10: 0
A11: 108 | B11: 집착 | C11: Obsession | D11: CommonIcon | E11: ="Icon_Persona_Desire_"&C11 -> Icon_Persona_Desire_Obsession | F11: =LOWER("persona_desire_"&$C11&"_"&F$1) -> persona_desire_obsession_name | G11: =LOWER("persona_desire_"&$C11&"_"&G$1) -> persona_desire_obsession_desc | H11: Hit | I11: 10 | J11: DefRatio | K11: -20000 | L11: None | M11: 0
A12: 109 | B12: 겸손 | C12: Humilitas | D12: CommonIcon | E12: ="Icon_Persona_Desire_"&C12 -> Icon_Persona_Desire_Humilitas | F12: =LOWER("persona_desire_"&$C12&"_"&F$1) -> persona_desire_humilitas_name | G12: =LOWER("persona_desire_"&$C12&"_"&G$1) -> persona_desire_humilitas_desc | H12: DefRatio | I12: 20000 | J12: AtkRatio | K12: -20000 | L12: None | M12: 0
A13: 110 | B13: 자선 | C13: Caritas | D13: CommonIcon | E13: ="Icon_Persona_Desire_"&C13 -> Icon_Persona_Desire_Caritas | F13: =LOWER("persona_desire_"&$C13&"_"&F$1) -> persona_desire_caritas_name | G13: =LOWER("persona_desire_"&$C13&"_"&G$1) -> persona_desire_caritas_desc | H13: HpRatio | I13: 20000 | J13: AtkRatio | K13: -20000 | L13: None | M13: 0
A14: 111 | B14: 친절 | C14: Benevolentia | D14: CommonIcon | E14: ="Icon_Persona_Desire_"&C14 -> Icon_Persona_Desire_Benevolentia | F14: =LOWER("persona_desire_"&$C14&"_"&F$1) -> persona_desire_benevolentia_name | G14: =LOWER("persona_desire_"&$C14&"_"&G$1) -> persona_desire_benevolentia_desc | H14: HpRatio | I14: 0 | J14: AtkRatio | K14: 0 | L14: None | M14: 0
A15: 112 | B15: 인내 | C15: Patientia | D15: CommonIcon | E15: ="Icon_Persona_Desire_"&C15 -> Icon_Persona_Desire_Patientia | F15: =LOWER("persona_desire_"&$C15&"_"&F$1) -> persona_desire_patientia_name | G15: =LOWER("persona_desire_"&$C15&"_"&G$1) -> persona_desire_patientia_desc | H15: DefRatio | I15: 20000 | J15: Dodge | K15: -10 | L15: None | M15: 0
... A19: 116 | B19: 초연 | C19: Definitio | D19: CommonIcon | E19: ="Icon_Persona_Desire_"&C19 -> Icon_Persona_Desire_Definitio | F19: =LOWER("persona_desire_"&$C19&"_"&F$1) -> persona_desire_definitio_name | G19: =LOWER("persona_desire_"&$C19&"_"&G$1) -> persona_desire_definitio_desc | H19: Dodge | I19: 10 | J19: HpRatio | K19: -20000 | L19: None | M19: 0

Sheet Talent
A1: Id | B1: #idx | C1: #이름 | D1: #Element | E1: #role | F1: #Grade | G1: CommonGrade | H1: Group | I1: Skill | J1: Weight | K1: #ref | L1: #ref | M1: #ref | N1: #ref | O1: #ref | P1: #ref | Q1: #ref | R1: #ref | S1: #ref | T1: #ref
K3: 1 | L3: 2 | M3: 3 | N3: 4 | O3: 5 | P3: 6
A4: =INT(H4&TEXT(B4,"000")) -> 1101001 | B4: 1 | C4: 투쟁심 | D4: 1 | E4: 1 | F4: 1 | G4: Common | H4: =INT(D4&E4&TEXT(F4,"00")) -> 1101 | I4: 7000101 | J4: 20000 | K4: =J4/SUM(J4:J13) -> 0.17761989 | L4: =K14 -> 0.1722488 | M4: =K24 -> 0.1659751 | N4: =K34 -> 0.1585504 | O4: =K44 -> 0.14962594 | P4: =K54 -> 0.13869626 | Q4: 7000101 | R4: =_xlfn.XLOOKUP(Q4,I:I,C:C) -> 투쟁심 | S4: =_xlfn.XLOOKUP(Q4,I:I,A:A) -> 1101001 | T4: =_xlfn.XLOOKUP(Q4,'[2]Skill<Talent>'!$A:$A,'[2]Skill<Talent>'!$C:$C) -> 매 턴 시작시 공격력이 <color=#87cefa>5%</color> 증가
A5: =INT(H5&TEXT(B5,"000")) -> 1101002 | B5: 2 | C5: 원칙주의자 | D5: 1 | E5: 1 | F5: 1 | G5: Common | H5: =INT(D5&E5&TEXT(F5,"00")) -> 1101 | I5: 7000106 | J5: 20000 | K5: =J5/SUM(J4:J13) -> 0.17761989 | L5: =K15 -> 0.1722488 | M5: =K25 -> 0.1659751 | N5: =K35 -> 0.1585504 | O5: =K45 -> 0.14962594 | P5: =K55 -> 0.13869626 | Q5: 7000102 | R5: =_xlfn.XLOOKUP(Q5,I:I,C:C) -> 인내심 | S5: =_xlfn.XLOOKUP(Q5,I:I,A:A) -> 1201001 | T5: =_xlfn.XLOOKUP(Q5,'[2]Skill<Talent>'!$A:$A,'[2]Skill<Talent>'!$C:$C) -> 매 턴 시작시 방어력이 <color=#87cefa>5%</color> 증가
A6: =INT(H6&TEXT(B6,"000")) -> 1101003 | B6: 3 | C6: 기교꾼 | D6: 1 | E6: 1 | F6: 1 | G6: Common | H6: =INT(D6&E6&TEXT(F6,"00")) -> 1101 | I6: 7000107 | J6: 20000 | K6: =J6/SUM(J4:J13) -> 0.17761989 | L6: =K16 -> 0.1722488 | M6: =K26 -> 0.1659751 | N6: =K36 -> 0.1585504 | O6: =K46 -> 0.14962594 | P6: =K56 -> 0.13869626 | Q6: 7000103 | R6: =_xlfn.XLOOKUP(Q6,I:I,C:C) -> 생존본능 | S6: =_xlfn.XLOOKUP(Q6,I:I,A:A) -> 1501001 | T6: =_xlfn.XLOOKUP(Q6,'[2]Skill<Talent>'!$A:$A,'[2]Skill<Talent>'!$C:$C) -> 매 턴 시작시 최대 체력의 <color=#87cefa>7%</color> 회복
A7: =INT(H7&TEXT(B7,"000")) -> 1101004 | B7: 4 | C7: 극의 해방 | D7: 1 | E7: 1 | F7: 1 | G7: Uncommon | H7: =INT(D7&E7&TEXT(F7,"00")) -> 1101 | I7: 7000108 | J7: 15000 | K7: =J7/SUM(J4:J13) -> 0.13321492 | L7: =K17 -> 0.13875598 | M7: =K27 -> 0.14522822 | N7: =K37 -> 0.15288788 | O7: =K47 -> 0.16209476 | P7: =K57 -> 0.17337032 | Q7: 7000104 | R7: =_xlfn.XLOOKUP(Q7,I:I,C:C) -> 집중 | S7: =_xlfn.XLOOKUP(Q7,I:I,A:A) -> 1401001 | T7: =_xlfn.XLOOKUP(Q7,'[2]Skill<Talent>'!$A:$A,'[2]Skill<Talent>'!$C:$C) -> 매 턴 시작시 Sp를 <color=#87cefa>20</color> 충전
A8: =INT(H8&TEXT(B8,"000")) -> 1101005 | B8: 5 | C8: 격노 | D8: 1 | E8: 1 | F8: 1 | G8: Uncommon | H8: =INT(D8&E8&TEXT(F8,"00")) -> 1101 | I8: 7000126 | J8: 15000 | K8: =J8/SUM(J4:J13) -> 0.13321492 | L8: =K18 -> 0.13875598 | M8: =K28 -> 0.14522822 | N8: =K38 -> 0.15288788 | O8: =K48 -> 0.16209476 | P8: =K58 -> 0.17337032 | Q8: 7000105 | R8: =_xlfn.XLOOKUP(Q8,I:I,C:C) -> 자기 합리화 | S8: =_xlfn.XLOOKUP(Q8,I:I,A:A) -> 1301001 | T8: =_xlfn.XLOOKUP(Q8,'[2]Skill<Talent>'!$A:$A,'[2]Skill<Talent>'!$C:$C) -> 매 턴 시작시 디버프 1개 해제
A9: =INT(H9&TEXT(B9,"000")) -> 1101006 | B9: 6 | C9: 광분 | D9: 1 | E9: 1 | F9: 1 | G9: Rare | H9: =INT(D9&E9&TEXT(F9,"00")) -> 1101 | I9: 7000127 | J9: 10000 | K9: =J9/SUM(J4:J13) -> 0.088809947 | L9: =K19 -> 0.090909091 | M9: =K29 -> 0.093360996 | N9: =K39 -> 0.096262741 | O9: =K49 -> 0.099750623 | P9: =K59 -> 0.10402219 | Q9: 7000106 | R9: =_xlfn.XLOOKUP(Q9,I:I,C:C) -> 원칙주의자 | S9: =_xlfn.XLOOKUP(Q9,I:I,A:A) -> 1101002 | T9: =_xlfn.XLOOKUP(Q9,'[2]Skill<Talent>'!$A:$A,'[2]Skill<Talent>'!$C:$C) -> 노멀 대미지 <color=#87cefa>{buff:main}_{value:1}%</color> 증가
A10: =INT(H10&TEXT(B10,"000")) -> 1101007 | B10: 7 | C10: 다혈질 | D10: 1 | E10: 1 | F10: 1 | G10: Rare | H10: =INT(D10&E10&TEXT(F10,"00")) -> 1101 | I10: 7000129 | J10: 10000 | K10: =J10/SUM(J4:J13) -> 0.088809947 | L10: =K20 -> 0.090909091 | M10: =K30 -> 0.093360996 | N10: =K40 -> 0.096262741 | O10: =K50 -> 0.099750623 | P10: =K60 -> 0.10402219 | Q10: 7000107 | R10: =_xlfn.XLOOKUP(Q10,I:I,C:C) -> 기교꾼 | S10: =_xlfn.XLOOKUP(Q10,I:I,A:A) -> 1101003 | T10: =_xlfn.XLOOKUP(Q10,'[2]Skill<Talent>'!$A:$A,'[2]Skill<Talent>'!$C:$C) -> 액티브 대미지 <color=#87cefa>{buff:main}_{value:1}%</color> 증가
A11: =INT(H11&TEXT(B11,"000")) -> 1101008 | B11: 8 | C11: 광폭화 | D11: 1 | E11: 1 | F11: 1 | G11: Unique | H11: =INT(D11&E11&TEXT(F11,"00")) -> 1101 | I11: 7000130 | J11: 2000 | K11: =J11/SUM(J4:J13) -> 0.017761989 | L11: =K21 -> 0.018181818 | M11: =K31 -> 0.018672199 | N11: =K41 -> 0.019252548 | O11: =K51 -> 0.019950125 | P11: =K61 -> 0.020804438 | Q11: 7000108 | R11: =_xlfn.XLOOKUP(Q11,I:I,C:C) -> 극의 해방 | S11: =_xlfn.XLOOKUP(Q11,I:I,A:A) -> 1101004 | T11: =_xlfn.XLOOKUP(Q11,'[2]Skill<Talent>'!$A:$A,'[2]Skill<Talent>'!$C:$C) -> 얼티밋 대미지 <color=#87cefa>{buff:main}_{value:1}%</color> 증가
A12: =INT(H12&TEXT(B12,"000")) -> 1101009 | B12: 9 | C12: 독기 | D12: 1 | E12: 1 | F12: 1 | G12: Epic | H12: =INT(D12&E12&TEXT(F12,"00")) -> 1101 | I12: 7000163 | J12: 500 | K12: =J12/SUM(J4:J13) -> 0.0044404973 | L12: =K22 -> 0.004784689 | M12: =K32 -> 0.005186722 | N12: =K42 -> 0.0056625142 | O12: =K52 -> 0.006234414 | P12: =K62 -> 0.0069348128 | Q12: 7000109 | R12: =_xlfn.XLOOKUP(Q12,I:I,C:C) -> 예리 | S12: =_xlfn.XLOOKUP(Q12,I:I,A:A) -> 2101003 | T12: =_xlfn.XLOOKUP(Q12,'[2]Skill<Talent>'!$A:$A,'[2]Skill<Talent>'!$C:$C) -> 약점 대미지 <color=#87cefa>{buff:main}_{value:1}%</color> 증가
A13: =INT(H13&TEXT(B13,"000")) -> 1101010 | B13: 10 | C13: 자기연소 | D13: 1 | E13: 1 | F13: 1 | G13: Legendary | H13: =INT(D13&E13&TEXT(F13,"00")) -> 1101 | I13: 7000174 | J13: 100 | K13: =J13/SUM(J4:J13) -> 0.00088809947 | L13: =K23 -> 0.0009569378 | M13: =K33 -> 0.0010373444 | N13: =K43 -> 0.0011325028 | O13: =K53 -> 0.0012468828 | P13: =K63 -> 0.0013869626 | Q13: 7000110 | R13: =_xlfn.XLOOKUP(Q13,I:I,C:C) -> 복수심 | S13: =_xlfn.XLOOKUP(Q13,I:I,A:A) -> 1201002 | T13: =_xlfn.XLOOKUP(Q13,'[2]Skill<Talent>'!$A:$A,'[2]Skill<Talent>'!$C:$C) -> 배틀 시작시 1턴 동안 반격 확률 50% 증가
A14: =INT(H14&TEXT(B14,"000")) -> 1102001 | B14: 1 | C14: =C4 -> 투쟁심 | D14: 1 | E14: 1 | F14: 2 | G14: Common | H14: =INT(D14&E14&TEXT(F14,"00")) -> 1102 | I14: 7000101 | J14: 18000 | K14: =J14/SUM(J14:J23) -> 0.1722488 | Q14: 7000111 | R14: =_xlfn.XLOOKUP(Q14,I:I,C:C) -> 결벽증 | S14: =_xlfn.XLOOKUP(Q14,I:I,A:A) -> 2201002 | T14: =_xlfn.XLOOKUP(Q14,'[2]Skill<Talent>'!$A:$A,'[2]Skill<Talent>'!$C:$C) -> 배틀 시작시 1턴 동안 면역 부여
A15: =INT(H15&TEXT(B15,"000")) -> 1102002 | B15: 2 | C15: =C5 -> 원칙주의자 | D15: 1 | E15: 1 | F15: 2 | G15: Common | H15: =INT(D15&E15&TEXT(F15,"00")) -> 1102 | I15: 7000106 | J15: 18000 | K15: =J15/SUM(J14:J23) -> 0.1722488 | Q15: 7000112 | R15: =_xlfn.XLOOKUP(Q15,I:I,C:C) -> 허영심 | S15: =_xlfn.XLOOKUP(Q15,I:I,A:A) -> 2201009 | T15: =_xlfn.XLOOKUP(Q15,'[2]Skill<Talent>'!$A:$A,'[2]Skill<Talent>'!$C:$C) -> 배틀 시작시 가까운 적 1명에게 1턴 동안 도발 부여
A16: =INT(H16&TEXT(B16,"000")) -> 1102003 | B16: 3 | C16: =C6 -> 기교꾼 | D16: 1 | E16: 1 | F16: 2 | G16: Common | H16: =INT(D16&E16&TEXT(F16,"00")) -> 1102 | I16: 7000107 | J16: 18000 | K16: =J16/SUM(J14:J23) -> 0.1722488 | Q16: 7000113 | R16: =_xlfn.XLOOKUP(Q16,I:I,C:C) -> 완벽주의자 | S16: =_xlfn.XLOOKUP(Q16,I:I,A:A) -> 2201003 | T16: =_xlfn.XLOOKUP(Q16,'[2]Skill<Talent>'!$A:$A,'[2]Skill<Talent>'!$C:$C) -> 배틀 시작시 1턴 동안 무적 부여
A17: =INT(H17&TEXT(B17,"000")) -> 1102004 | B17: 4 | C17: =C7 -> 극의 해방 | D17: 1 | E17: 1 | F17: 2 | G17: Uncommon | H17: =INT(D17&E17&TEXT(F17,"00")) -> 1102 | I17: 7000108 | J17: 14500 | K17: =J17/SUM(J14:J23) -> 0.13875598 | Q17: 7000114 | R17: =_xlfn.XLOOKUP(Q17,I:I,C:C) -> 성급 | S17: =_xlfn.XLOOKUP(Q17,I:I,A:A) -> 1201003 | T17: =_xlfn.XLOOKUP(Q17,'[2]Skill<Talent>'!$A:$A,'[2]Skill<Talent>'!$C:$C) -> 배틀 시작시 액티브 쿨타임 2턴 감소
A18: =INT(H18&TEXT(B18,"000")) -> 1102005 | B18: 5 | C18: =C8 -> 격노 | D18: 1 | E18: 1 | F18: 2 | G18: Uncommon | H18: =INT(D18&E18&TEXT(F18,"00")) -> 1102 | I18: 7000126 | J18: 14500 | K18: =J18/SUM(J14:J23) -> 0.13875598 | Q18: 7000115 | R18: =_xlfn.XLOOKUP(Q18,I:I,C:C) -> 만전태세 | S18: =_xlfn.XLOOKUP(Q18,I:I,A:A) -> 1401002 | T18: =_xlfn.XLOOKUP(Q18,'[2]Skill<Talent>'!$A:$A,'[2]Skill<Talent>'!$C:$C) -> 배틀 시작시 Sp <color=#87cefa>150</color> 충전
A19: =INT(H19&TEXT(B19,"000")) -> 1102006 | B19: 6 | C19: =C9 -> 광분 | D19: 1 | E19: 1 | F19: 2 | G19: Rare | H19: =INT(D19&E19&TEXT(F19,"00")) -> 1102 | I19: 7000127 | J19: 9500 | K19: =J19/SUM(J14:J23) -> 0.090909091 | Q19: 7000116 | R19: =_xlfn.XLOOKUP(Q19,I:I,C:C) -> 투지 | S19: =_xlfn.XLOOKUP(Q19,I:I,A:A) -> 1201004 | T19: =_xlfn.XLOOKUP(Q19,'[2]Skill<Talent>'!$A:$A,'[2]Skill<Talent>'!$C:$C) -> 회복 중 공격력 <color=#87cefa>{buff:main}_{value:1}%</color> 증가
A20: =INT(H20&TEXT(B20,"000")) -> 1102007 | B20: 7 | C20: =C10 -> 다혈질 | D20: 1 | E20: 1 | F20: 2 | G20: Rare | H20: =INT(D20&E20&TEXT(F20,"00")) -> 1102 | I20: 7000129 | J20: 9500 | K20: =J20/SUM(J14:J23) -> 0.090909091 | Q20: 7000117 | R20: =_xlfn.XLOOKUP(Q20,I:I,C:C) -> 방어기제 | S20: =_xlfn.XLOOKUP(Q20,I:I,A:A) -> 1501003 | T20: =_xlfn.XLOOKUP(Q20,'[2]Skill<Talent>'!$A:$A,'[2]Skill<Talent>'!$C:$C) -> 회복 중 방어력 <color=#87cefa>{buff:main}_{value:1}%</color> 증가
A21: =INT(H21&TEXT(B21,"000")) -> 1102008 | B21: 8 | C21: =C11 -> 광폭화 | D21: 1 | E21: 1 | F21: 2 | G21: Unique | H21: =INT(D21&E21&TEXT(F21,"00")) -> 1102 | I21: 7000130 | J21: 1900 | K21: =J21/SUM(J14:J23) -> 0.018181818 | Q21: 7000118 | R21: =_xlfn.XLOOKUP(Q21,I:I,C:C) -> 경계심 | S21: =_xlfn.XLOOKUP(Q21,I:I,A:A) -> 2201005 | T21: =_xlfn.XLOOKUP(Q21,'[2]Skill<Talent>'!$A:$A,'[2]Skill<Talent>'!$C:$C) -> 회복 중 속도 <color=#87cefa>20</color> 증가
A22: =INT(H22&TEXT(B22,"000")) -> 1102009 | B22: 9 | C22: =C12 -> 독기 | D22: 1 | E22: 1 | F22: 2 | G22: Epic | H22: =INT(D22&E22&TEXT(F22,"00")) -> 1102 | I22: 7000163 | J22: 500 | K22: =J22/SUM(J14:J23) -> 0.004784689 | Q22: 7000119 | R22: =_xlfn.XLOOKUP(Q22,I:I,C:C) -> 다재다능 | S22: =_xlfn.XLOOKUP(Q22,I:I,A:A) -> 1401010 | T22: =_xlfn.XLOOKUP(Q22,'[2]Skill<Talent>'!$A:$A,'[2]Skill<Talent>'!$C:$C) -> 보호막 중 공격력 <color=#87cefa>{buff:main}_{value:1}%</color> 증가
A23: =INT(H23&TEXT(B23,"000")) -> 1102010 | B23: 10 | C23: =C13 -> 자기연소 | D23: 1 | E23: 1 | F23: 2 | G23: Legendary | H23: =INT(D23&E23&TEXT(F23,"00")) -> 1102 | I23: 7000174 | J23: 100 | K23: =J23/SUM(J14:J23) -> 0.0009569378 | Q23: 7000120 | R23: =_xlfn.XLOOKUP(Q23,I:I,C:C) -> 철벽 | S23: =_xlfn.XLOOKUP(Q23,I:I,A:A) -> 1201005 | T23: =_xlfn.XLOOKUP(Q23,'[2]Skill<Talent>'!$A:$A,'[2]Skill<Talent>'!$C:$C) -> 보호막 중 방어력 <color=#87cefa>{buff:main}_{value:1}%</color> 증가
A24: =INT(H24&TEXT(B24,"000")) -> 1103001 | B24: 1 | C24: =C14 -> 투쟁심 | D24: 1 | E24: 1 | F24: 3 | G24: Common | H24: =INT(D24&E24&TEXT(F24,"00")) -> 1103 | I24: 7000101 | J24: 16000 | K24: =J24/SUM(J24:J33) -> 0.1659751 | Q24: 7000121 | R24: =_xlfn.XLOOKUP(Q24,I:I,C:C) -> 겁쟁이 | S24: =_xlfn.XLOOKUP(Q24,I:I,A:A) -> 4201003 | T24: =_xlfn.XLOOKUP(Q24,'[2]Skill<Talent>'!$A:$A,'[2]Skill<Talent>'!$C:$C) -> 보호막 중 속도 <color=#87cefa>20</color> 증가
A25: =INT(H25&TEXT(B25,"000")) -> 1103002 | B25: 2 | C25: =C15 -> 원칙주의자 | D25: 1 | E25: 1 | F25: 3 | G25: Common | H25: =INT(D25&E25&TEXT(F25,"00")) -> 1103 | I25: 7000106 | J25: 16000 | K25: =J25/SUM(J24:J33) -> 0.1659751 | Q25: 7000122 | R25: =_xlfn.XLOOKUP(Q25,I:I,C:C) -> 기회주의자 | S25: =_xlfn.XLOOKUP(Q25,I:I,A:A) -> 1501009 | T25: =_xlfn.XLOOKUP(Q25,'[2]Skill<Talent>'!$A:$A,'[2]Skill<Talent>'!$C:$C) -> 노멀 공격시 35% 확률로 Sp <color=#87cefa>10</color> 획득
A26: =INT(H26&TEXT(B26,"000")) -> 1103003 | B26: 3 | C26: =C16 -> 기교꾼 | D26: 1 | E26: 1 | F26: 3 | G26: Common | H26: =INT(D26&E26&TEXT(F26,"00")) -> 1103 | I26: 7000107 | J26: 16000 | K26: =J26/SUM(J24:J33) -> 0.1659751 | Q26: 7000123 | R26: =_xlfn.XLOOKUP(Q26,I:I,C:C) -> 책략가 | S26: =_xlfn.XLOOKUP(Q26,I:I,A:A) -> 2101005 | T26: =_xlfn.XLOOKUP(Q26,'[2]Skill<Talent>'!$A:$A,'[2]Skill<Talent>'!$C:$C) -> 액티브 공격시 35% 확률로 Sp <color=#87cefa>10</color> 획득
A27: =INT(H27&TEXT(B27,"000")) -> 1103004 | B27: 4 | C27: =C17 -> 극의 해방 | D27: 1 | E27: 1 | F27: 3 | G27: Uncommon | H27: =INT(D27&E27&TEXT(F27,"00")) -> 1103 | I27: 7000108 | J27: 14000 | K27: =J27/SUM(J24:J33) -> 0.14522822 | Q27: 7000124 | R27: =_xlfn.XLOOKUP(Q27,I:I,C:C) -> 착취 | S27: =_xlfn.XLOOKUP(Q27,I:I,A:A) -> 2101004 | T27: =_xlfn.XLOOKUP(Q27,'[2]Skill<Talent>'!$A:$A,'[2]Skill<Talent>'!$C:$C) -> 얼티밋 공격시 20% 확률로 Sp <color=#87cefa>5</color> 획득
A28: =INT(H28&TEXT(B28,"000")) -> 1103005 | B28: 5 | C28: =C18 -> 격노 | D28: 1 | E28: 1 | F28: 3 | G28: Uncommon | H28: =INT(D28&E28&TEXT(F28,"00")) -> 1103 | I28: 7000126 | J28: 14000 | K28: =J28/SUM(J24:J33) -> 0.14522822 | Q28: 7000125 | R28: =_xlfn.XLOOKUP(Q28,I:I,C:C) -> 증오 | S28: =_xlfn.XLOOKUP(Q28,I:I,A:A) -> 3101003 | T28: =_xlfn.XLOOKUP(Q28,'[2]Skill<Talent>'!$A:$A,'[2]Skill<Talent>'!$C:$C) -> 체력이 50% 이하일 때 노멀 대미지 <color=#87cefa>{buff:main}_{value:1}%</color> 증가
A29: =INT(H29&TEXT(B29,"000")) -> 1103006 | B29: 6 | C29: =C19 -> 광분 | D29: 1 | E29: 1 | F29: 3 | G29: Rare | H29: =INT(D29&E29&TEXT(F29,"00")) -> 1103 | I29: 7000127 | J29: 9000 | K29: =J29/SUM(J24:J33) -> 0.093360996 | Q29: 7000126 | R29: =_xlfn.XLOOKUP(Q29,I:I,C:C) -> 격노 | S29: =_xlfn.XLOOKUP(Q29,I:I,A:A) -> 1101005 | T29: =_xlfn.XLOOKUP(Q29,'[2]Skill<Talent>'!$A:$A,'[2]Skill<Talent>'!$C:$C) -> 체력이 50% 이하일 때 액티브 대미지 <color=#87cefa>{buff:main}_{value:1}%</color> 증가
A30: =INT(H30&TEXT(B30,"000")) -> 1103007 | B30: 7 | C30: =C20 -> 다혈질 | D30: 1 | E30: 1 | F30: 3 | G30: Rare | H30: =INT(D30&E30&TEXT(F30,"00")) -> 1103 | I30: 7000129 | J30: 9000 | K30: =J30/SUM(J24:J33) -> 0.093360996 | Q30: 7000127 | R30: =_xlfn.XLOOKUP(Q30,I:I,C:C) -> 광분 | S30: =_xlfn.XLOOKUP(Q30,I:I,A:A) -> 1101006 | T30: =_xlfn.XLOOKUP(Q30,'[2]Skill<Talent>'!$A:$A,'[2]Skill<Talent>'!$C:$C) -> 체력이 50% 이하일 때 얼티밋 대미지 <color=#87cefa>{buff:main}_{value:1}%</color> 증가
A31: =INT(H31&TEXT(B31,"000")) -> 1103008 | B31: 8 | C31: =C21 -> 광폭화 | D31: 1 | E31: 1 | F31: 3 | G31: Unique | H31: =INT(D31&E31&TEXT(F31,"00")) -> 1103 | I31: 7000130 | J31: 1800 | K31: =J31/SUM(J24:J33) -> 0.018672199 | Q31: 7000128 | R31: =_xlfn.XLOOKUP(Q31,I:I,C:C) -> 근성 | S31: =_xlfn.XLOOKUP(Q31,I:I,A:A) -> 3101004 | T31: =_xlfn.XLOOKUP(Q31,'[2]Skill<Talent>'!$A:$A,'[2]Skill<Talent>'!$C:$C) -> 체력이 50% 이하일 때 방어력 <color=#87cefa>{buff:main}_{value:1}%</color> 증가
A32: =INT(H32&TEXT(B32,"000")) -> 1103009 | B32: 9 | C32: =C22 -> 독기 | D32: 1 | E32: 1 | F32: 3 | G32: Epic | H32: =INT(D32&E32&TEXT(F32,"00")) -> 1103 | I32: 7000163 | J32: 500 | K32: =J32/SUM(J24:J33) -> 0.005186722 | Q32: 7000129 | R32: =_xlfn.XLOOKUP(Q32,I:I,C:C) -> 다혈질 | S32: =_xlfn.XLOOKUP(Q32,I:I,A:A) -> 1101007 | T32: =_xlfn.XLOOKUP(Q32,'[2]Skill<Talent>'!$A:$A,'[2]Skill<Talent>'!$C:$C) -> 체력이 50% 이하일 때 치명타 확률 <color=#87cefa>{buff:main}_{value:1}%</color> 증가
A33: =INT(H33&TEXT(B33,"000")) -> 1103010 | B33: 10 | C33: =C23 -> 자기연소 | D33: 1 | E33: 1 | F33: 3 | G33: Legendary | H33: =INT(D33&E33&TEXT(F33,"00")) -> 1103 | I33: 7000174 | J33: 100 | K33: =J33/SUM(J24:J33) -> 0.0010373444 | Q33: 7000130 | R33: =_xlfn.XLOOKUP(Q33,I:I,C:C) -> 광폭화 | S33: =_xlfn.XLOOKUP(Q33,I:I,A:A) -> 1101008 | T33: =_xlfn.XLOOKUP(Q33,'[2]Skill<Talent>'!$A:$A,'[2]Skill<Talent>'!$C:$C) -> 체력이 50% 이하일 때 치명타 대미지 <color=#87cefa>{buff:main}_{value:1}%</color> 증가
A34: =INT(H34&TEXT(B34,"000")) -> 1104001 | B34: 1 | C34: =C24 -> 투쟁심 | D34: 1 | E34: 1 | F34: 4 | G34: Common | H34: =INT(D34&E34&TEXT(F34,"00")) -> 1104 | I34: 7000101 | J34: 14000 | K34: =J34/SUM(J34:J43) -> 0.1585504 | Q34: 7000131 | R34: =_xlfn.XLOOKUP(Q34,I:I,C:C) -> 앙갚음 | S34: =_xlfn.XLOOKUP(Q34,I:I,A:A) -> 1201006 | T34: =_xlfn.XLOOKUP(Q34,'[2]Skill<Talent>'!$A:$A,'[2]Skill<Talent>'!$C:$C) -> 체력이 50% 이하일 때 반격 확률 <color=#87cefa>{buff:main}_{value:1}%</color> 증가
A35: =INT(H35&TEXT(B35,"000")) -> 1104002 | B35: 2 | C35: =C25 -> 원칙주의자 | D35: 1 | E35: 1 | F35: 4 | G35: Common | H35: =INT(D35&E35&TEXT(F35,"00")) -> 1104 | I35: 7000106 | J35: 14000 | K35: =J35/SUM(J34:J43) -> 0.1585504 | Q35: 7000132 | R35: =_xlfn.XLOOKUP(Q35,I:I,C:C) -> 경각심 | S35: =_xlfn.XLOOKUP(Q35,I:I,A:A) -> 3101005 | T35: =_xlfn.XLOOKUP(Q35,'[2]Skill<Talent>'!$A:$A,'[2]Skill<Talent>'!$C:$C) -> 체력이 50% 이하일 때 회피율 <color=#87cefa>{buff:main}_{value:1}%</color> 증가
A36: =INT(H36&TEXT(B36,"000")) -> 1104003 | B36: 3 | C36: =C26 -> 기교꾼 | D36: 1 | E36: 1 | F36: 4 | G36: Common | H36: =INT(D36&E36&TEXT(F36,"00")) -> 1104 | I36: 7000107 | J36: 14000 | K36: =J36/SUM(J34:J43) -> 0.1585504 | Q36: 7000133 | R36: =_xlfn.XLOOKUP(Q36,I:I,C:C) -> 투정 | S36: =_xlfn.XLOOKUP(Q36,I:I,A:A) -> 1301009 | T36: =_xlfn.XLOOKUP(Q36,'[2]Skill<Talent>'!$A:$A,'[2]Skill<Talent>'!$C:$C) -> 노멀 스킬 사용시 20% 확률로 최대 체력의 <color=#87cefa>10%</color> 회복
A37: =INT(H37&TEXT(B37,"000")) -> 1104004 | B37: 4 | C37: =C27 -> 극의 해방 | D37: 1 | E37: 1 | F37: 4 | G37: Uncommon | H37: =INT(D37&E37&TEXT(F37,"00")) -> 1104 | I37: 7000108 | J37: 13500 | K37: =J37/SUM(J34:J43) -> 0.15288788 | Q37: 7000134 | R37: =_xlfn.XLOOKUP(Q37,I:I,C:C) -> 수완가 | S37: =_xlfn.XLOOKUP(Q37,I:I,A:A) -> 1401007 | T37: =_xlfn.XLOOKUP(Q37,'[2]Skill<Talent>'!$A:$A,'[2]Skill<Talent>'!$C:$C) -> 액티브 스킬 사용시 30% 확률로 최대 체력의 <color=#87cefa>10%</color> 회복
A38: =INT(H38&TEXT(B38,"000")) -> 1104005 | B38: 5 | C38: =C28 -> 격노 | D38: 1 | E38: 1 | F38: 4 | G38: Uncommon | H38: =INT(D38&E38&TEXT(F38,"00")) -> 1104 | I38: 7000126 | J38: 13500 | K38: =J38/SUM(J34:J43) -> 0.15288788 | Q38: 7000135 | R38: =_xlfn.XLOOKUP(Q38,I:I,C:C) -> 이기주의 | S38: =_xlfn.XLOOKUP(Q38,I:I,A:A) -> 1501006 | T38: =_xlfn.XLOOKUP(Q38,'[2]Skill<Talent>'!$A:$A,'[2]Skill<Talent>'!$C:$C) -> 얼티밋 스킬 사용시 40% 확률로 최대 체력의 <color=#87cefa>10%</color> 회복
A39: =INT(H39&TEXT(B39,"000")) -> 1104006 | B39: 6 | C39: =C29 -> 광분 | D39: 1 | E39: 1 | F39: 4 | G39: Rare | H39: =INT(D39&E39&TEXT(F39,"00")) -> 1104 | I39: 7000127 | J39: 8500 | K39: =J39/SUM(J34:J43) -> 0.096262741 | Q39: 7000136 | R39: =_xlfn.XLOOKUP(Q39,I:I,C:C) -> 무자비 | S39: =_xlfn.XLOOKUP(Q39,I:I,A:A) -> 1301010 | T39: =_xlfn.XLOOKUP(Q39,'[2]Skill<Talent>'!$A:$A,'[2]Skill<Talent>'!$C:$C) -> 디버프 중인 대상 대미지 <color=#87cefa>{buff:main}_{value:1}%</color> 증가
A40: =INT(H40&TEXT(B40,"000")) -> 1104007 | B40: 7 | C40: =C30 -> 다혈질 | D40: 1 | E40: 1 | F40: 4 | G40: Rare | H40: =INT(D40&E40&TEXT(F40,"00")) -> 1104 | I40: 7000129 | J40: 8500 | K40: =J40/SUM(J34:J43) -> 0.096262741 | Q40: 7000137 | R40: =_xlfn.XLOOKUP(Q40,I:I,C:C) -> 정정당당 | S40: =_xlfn.XLOOKUP(Q40,I:I,A:A) -> 1401003 | T40: =_xlfn.XLOOKUP(Q40,'[2]Skill<Talent>'!$A:$A,'[2]Skill<Talent>'!$C:$C) -> 버프 중 대상 대미지 <color=#87cefa>{buff:main}_{value:1}%</color> 증가
A41: =INT(H41&TEXT(B41,"000")) -> 1104008 | B41: 8 | C41: =C31 -> 광폭화 | D41: 1 | E41: 1 | F41: 4 | G41: Unique | H41: =INT(D41&E41&TEXT(F41,"00")) -> 1104 | I41: 7000130 | J41: 1700 | K41: =J41/SUM(J34:J43) -> 0.019252548 | Q41: 7000139 | R41: =_xlfn.XLOOKUP(Q41,I:I,C:C) -> 오기 | S41: =_xlfn.XLOOKUP(Q41,I:I,A:A) -> 1201007 | T41: =_xlfn.XLOOKUP(Q41,'[2]Skill<Talent>'!$A:$A,'[2]Skill<Talent>'!$C:$C) -> 피격 시 공격력 <color=#87cefa>{buff:main}_{value:1}%</color> 증가
A42: =INT(H42&TEXT(B42,"000")) -> 1104009 | B42: 9 | C42: =C32 -> 독기 | D42: 1 | E42: 1 | F42: 4 | G42: Epic | H42: =INT(D42&E42&TEXT(F42,"00")) -> 1104 | I42: 7000163 | J42: 500 | K42: =J42/SUM(J34:J43) -> 0.0056625142 | Q42: 7000140 | R42: =_xlfn.XLOOKUP(Q42,I:I,C:C) -> 지구력 | S42: =_xlfn.XLOOKUP(Q42,I:I,A:A) -> 2201006 | T42: =_xlfn.XLOOKUP(Q42,'[2]Skill<Talent>'!$A:$A,'[2]Skill<Talent>'!$C:$C) -> 피격 시 방어력 <color=#87cefa>{buff:main}_{value:1}%</color> 증가
A43: =INT(H43&TEXT(B43,"000")) -> 1104010 | B43: 10 | C43: =C33 -> 자기연소 | D43: 1 | E43: 1 | F43: 4 | G43: Legendary | H43: =INT(D43&E43&TEXT(F43,"00")) -> 1104 | I43: 7000174 | J43: 100 | K43: =J43/SUM(J34:J43) -> 0.0011325028 | Q43: 7000141 | R43: =_xlfn.XLOOKUP(Q43,I:I,C:C) -> 위기감지 | S43: =_xlfn.XLOOKUP(Q43,I:I,A:A) -> 1301007 | T43: =_xlfn.XLOOKUP(Q43,'[2]Skill<Talent>'!$A:$A,'[2]Skill<Talent>'!$C:$C) -> 피격 시 속도 <color=#87cefa>15</color> 증가
A44: =INT(H44&TEXT(B44,"000")) -> 1105001 | B44: 1 | C44: =C34 -> 투쟁심 | D44: 1 | E44: 1 | F44: 5 | G44: Common | H44: =INT(D44&E44&TEXT(F44,"00")) -> 1105 | I44: 7000101 | J44: 12000 | K44: =J44/SUM(J44:J53) -> 0.14962594 | Q44: 7000142 | R44: =_xlfn.XLOOKUP(Q44,I:I,C:C) -> 애증 | S44: =_xlfn.XLOOKUP(Q44,I:I,A:A) -> 1501007 | T44: =_xlfn.XLOOKUP(Q44,'[2]Skill<Talent>'!$A:$A,'[2]Skill<Talent>'!$C:$C) -> 피격 시 20% 확률로 Sp <color=#87cefa>5</color> 획득
A45: =INT(H45&TEXT(B45,"000")) -> 1105002 | B45: 2 | C45: =C35 -> 원칙주의자 | D45: 1 | E45: 1 | F45: 5 | G45: Common | H45: =INT(D45&E45&TEXT(F45,"00")) -> 1105 | I45: 7000106 | J45: 12000 | K45: =J45/SUM(J44:J53) -> 0.14962594 | Q45: 7000143 | R45: =_xlfn.XLOOKUP(Q45,I:I,C:C) -> 성화 | S45: =_xlfn.XLOOKUP(Q45,I:I,A:A) -> 1201008 | T45: =_xlfn.XLOOKUP(Q45,'[2]Skill<Talent>'!$A:$A,'[2]Skill<Talent>'!$C:$C) -> 반격 시 가까운 적에게 20% 대미지 화상 1턴 부여
A46: =INT(H46&TEXT(B46,"000")) -> 1105003 | B46: 3 | C46: =C36 -> 기교꾼 | D46: 1 | E46: 1 | F46: 5 | G46: Common | H46: =INT(D46&E46&TEXT(F46,"00")) -> 1105 | I46: 7000107 | J46: 12000 | K46: =J46/SUM(J44:J53) -> 0.14962594 | Q46: 7000145 | R46: =_xlfn.XLOOKUP(Q46,I:I,C:C) -> 혈투 | S46: =_xlfn.XLOOKUP(Q46,I:I,A:A) -> 3101009 | T46: =_xlfn.XLOOKUP(Q46,'[2]Skill<Talent>'!$A:$A,'[2]Skill<Talent>'!$C:$C) -> 반격 시 가까운 적에게 20% 대미지 출혈 1턴 부여
A47: =INT(H47&TEXT(B47,"000")) -> 1105004 | B47: 4 | C47: =C37 -> 극의 해방 | D47: 1 | E47: 1 | F47: 5 | G47: Uncommon | H47: =INT(D47&E47&TEXT(F47,"00")) -> 1105 | I47: 7000108 | J47: 13000 | K47: =J47/SUM(J44:J53) -> 0.16209476 | Q47: 7000146 | R47: =_xlfn.XLOOKUP(Q47,I:I,C:C) -> 난동 | S47: =_xlfn.XLOOKUP(Q47,I:I,A:A) -> 4201006 | T47: =_xlfn.XLOOKUP(Q47,'[2]Skill<Talent>'!$A:$A,'[2]Skill<Talent>'!$C:$C) -> 반격 시 가까운 적에게 1턴 동안 기절 부여
A48: =INT(H48&TEXT(B48,"000")) -> 1105005 | B48: 5 | C48: =C38 -> 격노 | D48: 1 | E48: 1 | F48: 5 | G48: Uncommon | H48: =INT(D48&E48&TEXT(F48,"00")) -> 1105 | I48: 7000126 | J48: 13000 | K48: =J48/SUM(J44:J53) -> 0.16209476 | Q48: 7000147 | R48: =_xlfn.XLOOKUP(Q48,I:I,C:C) -> 열혈한 | S48: =_xlfn.XLOOKUP(Q48,I:I,A:A) -> 1201009 | T48: =_xlfn.XLOOKUP(Q48,'[2]Skill<Talent>'!$A:$A,'[2]Skill<Talent>'!$C:$C) -> 스킬 사용 시 가까운 적에게 15% 대미지 화상 1턴 부여
A49: =INT(H49&TEXT(B49,"000")) -> 1105006 | B49: 6 | C49: =C39 -> 광분 | D49: 1 | E49: 1 | F49: 5 | G49: Rare | H49: =INT(D49&E49&TEXT(F49,"00")) -> 1105 | I49: 7000127 | J49: 8000 | K49: =J49/SUM(J44:J53) -> 0.099750623 | Q49: 7000148 | R49: =_xlfn.XLOOKUP(Q49,I:I,C:C) -> 독설가 | S49: =_xlfn.XLOOKUP(Q49,I:I,A:A) -> 2301008 | T49: =_xlfn.XLOOKUP(Q49,'[2]Skill<Talent>'!$A:$A,'[2]Skill<Talent>'!$C:$C) -> 스킬 사용 시 가까운 적에게 15% 대미지 중독 1턴 부여
A50: =INT(H50&TEXT(B50,"000")) -> 1105007 | B50: 7 | C50: =C40 -> 다혈질 | D50: 1 | E50: 1 | F50: 5 | G50: Rare | H50: =INT(D50&E50&TEXT(F50,"00")) -> 1105 | I50: 7000129 | J50: 8000 | K50: =J50/SUM(J44:J53) -> 0.099750623 | Q50: 7000149 | R50: =_xlfn.XLOOKUP(Q50,I:I,C:C) -> 폭력성 | S50: =_xlfn.XLOOKUP(Q50,I:I,A:A) -> 1301004 | T50: =_xlfn.XLOOKUP(Q50,'[2]Skill<Talent>'!$A:$A,'[2]Skill<Talent>'!$C:$C) -> 스킬 사용 시 가까운 적에게 15% 대미지 출혈 1턴 부여
A51: =INT(H51&TEXT(B51,"000")) -> 1105008 | B51: 8 | C51: =C41 -> 광폭화 | D51: 1 | E51: 1 | F51: 5 | G51: Unique | H51: =INT(D51&E51&TEXT(F51,"00")) -> 1105 | I51: 7000130 | J51: 1600 | K51: =J51/SUM(J44:J53) -> 0.019950125 | Q51: 7000150 | R51: =_xlfn.XLOOKUP(Q51,I:I,C:C) -> 트러블 메이커 | S51: =_xlfn.XLOOKUP(Q51,I:I,A:A) -> 1301005 | T51: =_xlfn.XLOOKUP(Q51,'[2]Skill<Talent>'!$A:$A,'[2]Skill<Talent>'!$C:$C) -> 스킬 사용 시 가까운 적에게 1턴 동안 기절 부여
A52: =INT(H52&TEXT(B52,"000")) -> 1105009 | B52: 9 | C52: =C42 -> 독기 | D52: 1 | E52: 1 | F52: 5 | G52: Epic | H52: =INT(D52&E52&TEXT(F52,"00")) -> 1105 | I52: 7000163 | J52: 500 | K52: =J52/SUM(J44:J53) -> 0.006234414 | Q52: 7000151 | R52: =_xlfn.XLOOKUP(Q52,I:I,C:C) -> 후발주자 | S52: =_xlfn.XLOOKUP(Q52,I:I,A:A) -> 2301005 | T52: =_xlfn.XLOOKUP(Q52,'[2]Skill<Talent>'!$A:$A,'[2]Skill<Talent>'!$C:$C) -> 배틀 시작시 속도 -15 감소, 매 턴 속도 5 증가
A53: =INT(H53&TEXT(B53,"000")) -> 1105010 | B53: 10 | C53: =C43 -> 자기연소 | D53: 1 | E53: 1 | F53: 5 | G53: Legendary | H53: =INT(D53&E53&TEXT(F53,"00")) -> 1105 | I53: 7000174 | J53: 100 | K53: =J53/SUM(J44:J53) -> 0.0012468828 | Q53: 7000152 | R53: =_xlfn.XLOOKUP(Q53,I:I,C:C) -> 선발주자 | S53: =_xlfn.XLOOKUP(Q53,I:I,A:A) -> 1401009 | T53: =_xlfn.XLOOKUP(Q53,'[2]Skill<Talent>'!$A:$A,'[2]Skill<Talent>'!$C:$C) -> 배틀 시작시 속도 +30 증가, 매 턴 속도 -10 감소
A54: =INT(H54&TEXT(B54,"000")) -> 1106001 | B54: 1 | C54: =C44 -> 투쟁심 | D54: 1 | E54: 1 | F54: 6 | G54: Common | H54: =INT(D54&E54&TEXT(F54,"00")) -> 1106 | I54: 7000101 | J54: 10000 | K54: =J54/SUM(J54:J63) -> 0.13869626 | Q54: 7000153 | R54: =_xlfn.XLOOKUP(Q54,I:I,C:C) -> 불굴의 의지 | S54: =_xlfn.XLOOKUP(Q54,I:I,A:A) -> 1201010 | T54: =_xlfn.XLOOKUP(Q54,'[2]Skill<Talent>'!$A:$A,'[2]Skill<Talent>'!$C:$C) -> 사망에 이르는 대미지를 받았을 경우 1회 체력 1 상태로 사망하지 않음
A55: =INT(H55&TEXT(B55,"000")) -> 1106002 | B55: 2 | C55: =C45 -> 원칙주의자 | D55: 1 | E55: 1 | F55: 6 | G55: Common | H55: =INT(D55&E55&TEXT(F55,"00")) -> 1106 | I55: 7000106 | J55: 10000 | K55: =J55/SUM(J54:J63) -> 0.13869626 | Q55: 7000154 | R55: =_xlfn.XLOOKUP(Q55,I:I,C:C) -> 철면피 | S55: =_xlfn.XLOOKUP(Q55,I:I,A:A) -> 2201008 | T55: =_xlfn.XLOOKUP(Q55,'[2]Skill<Talent>'!$A:$A,'[2]Skill<Talent>'!$C:$C) -> 치명타 면역 및 받는 상성피해 30% 증가.
A56: =INT(H56&TEXT(B56,"000")) -> 1106003 | B56: 3 | C56: =C46 -> 기교꾼 | D56: 1 | E56: 1 | F56: 6 | G56: Common | H56: =INT(D56&E56&TEXT(F56,"00")) -> 1106 | I56: 7000107 | J56: 10000 | K56: =J56/SUM(J54:J63) -> 0.13869626 | Q56: 7000155 | R56: =_xlfn.XLOOKUP(Q56,I:I,C:C) -> 냉혈한 | S56: =_xlfn.XLOOKUP(Q56,I:I,A:A) -> 2101006 | T56: =_xlfn.XLOOKUP(Q56,'[2]Skill<Talent>'!$A:$A,'[2]Skill<Talent>'!$C:$C) -> 인접 아군 사망 시, 자신의 최대 체력의 20% 회복
A57: =INT(H57&TEXT(B57,"000")) -> 1106004 | B57: 4 | C57: =C47 -> 극의 해방 | D57: 1 | E57: 1 | F57: 6 | G57: Uncommon | H57: =INT(D57&E57&TEXT(F57,"00")) -> 1106 | I57: 7000108 | J57: 12500 | K57: =J57/SUM(J54:J63) -> 0.17337032 | Q57: 7000157 | R57: =_xlfn.XLOOKUP(Q57,I:I,C:C) -> 몽상가 | S57: =_xlfn.XLOOKUP(Q57,I:I,A:A) -> 2101008 | T57: =_xlfn.XLOOKUP(Q57,'[2]Skill<Talent>'!$A:$A,'[2]Skill<Talent>'!$C:$C) -> 액티브 스킬이 비활성되지만 sp 회복량이 2배
A58: =INT(H58&TEXT(B58,"000")) -> 1106005 | B58: 5 | C58: =C48 -> 격노 | D58: 1 | E58: 1 | F58: 6 | G58: Uncommon | H58: =INT(D58&E58&TEXT(F58,"00")) -> 1106 | I58: 7000126 | J58: 12500 | K58: =J58/SUM(J54:J63) -> 0.17337032 | Q58: 7000158 | R58: =_xlfn.XLOOKUP(Q58,I:I,C:C) -> 헌신 | S58: =_xlfn.XLOOKUP(Q58,I:I,A:A) -> 1401006 | T58: =_xlfn.XLOOKUP(Q58,'[2]Skill<Talent>'!$A:$A,'[2]Skill<Talent>'!$C:$C) -> 자신 사망 시, 인접 아군 1명에게 1턴 동안 공격력 20% 증가
A59: =INT(H59&TEXT(B59,"000")) -> 1106006 | B59: 6 | C59: =C49 -> 광분 | D59: 1 | E59: 1 | F59: 6 | G59: Rare | H59: =INT(D59&E59&TEXT(F59,"00")) -> 1106 | I59: 7000127 | J59: 7500 | K59: =J59/SUM(J54:J63) -> 0.10402219 | Q59: 7000160 | R59: =_xlfn.XLOOKUP(Q59,I:I,C:C) -> 둔감 | S59: =_xlfn.XLOOKUP(Q59,I:I,A:A) -> 2201007 | T59: =_xlfn.XLOOKUP(Q59,'[2]Skill<Talent>'!$A:$A,'[2]Skill<Talent>'!$C:$C) -> 속도 -10% 감소 및 배틀 시작 후 첫 2턴 동안 받는 모든 피해가 -20% 감소
A60: =INT(H60&TEXT(B60,"000")) -> 1106007 | B60: 7 | C60: =C50 -> 다혈질 | D60: 1 | E60: 1 | F60: 6 | G60: Rare | H60: =INT(D60&E60&TEXT(F60,"00")) -> 1106 | I60: 7000129 | J60: 7500 | K60: =J60/SUM(J54:J63) -> 0.10402219 | Q60: 7000162 | R60: =_xlfn.XLOOKUP(Q60,I:I,C:C) -> 강박증 | S60: =_xlfn.XLOOKUP(Q60,I:I,A:A) -> 2301010 | T60: =_xlfn.XLOOKUP(Q60,'[2]Skill<Talent>'!$A:$A,'[2]Skill<Talent>'!$C:$C) -> 연속으로 같은 대상을 공격 시 명중률이 20% 증가
A61: =INT(H61&TEXT(B61,"000")) -> 1106008 | B61: 8 | C61: =C51 -> 광폭화 | D61: 1 | E61: 1 | F61: 6 | G61: Unique | H61: =INT(D61&E61&TEXT(F61,"00")) -> 1106 | I61: 7000130 | J61: 1500 | K61: =J61/SUM(J54:J63) -> 0.020804438 | Q61: 7000163 | R61: =_xlfn.XLOOKUP(Q61,I:I,C:C) -> 독기 | S61: =_xlfn.XLOOKUP(Q61,I:I,A:A) -> 1101009 | T61: =_xlfn.XLOOKUP(Q61,'[2]Skill<Talent>'!$A:$A,'[2]Skill<Talent>'!$C:$C) -> 빗나갈 때 마다 치명타 확률 10%씩 증가
A62: =INT(H62&TEXT(B62,"000")) -> 1106009 | B62: 9 | C62: =C52 -> 독기 | D62: 1 | E62: 1 | F62: 6 | G62: Epic | H62: =INT(D62&E62&TEXT(F62,"00")) -> 1106 | I62: 7000163 | J62: 500 | K62: =J62/SUM(J54:J63) -> 0.0069348128 | Q62: 7000164 | R62: =_xlfn.XLOOKUP(Q62,I:I,C:C) -> 자비 | S62: =_xlfn.XLOOKUP(Q62,I:I,A:A) -> 1501008 | T62: =_xlfn.XLOOKUP(Q62,'[2]Skill<Talent>'!$A:$A,'[2]Skill<Talent>'!$C:$C) -> 회복 효과를 받을 때 Sp 5 충전
A63: =INT(H63&TEXT(B63,"000")) -> 1106010 | B63: 10 | C63: =C53 -> 자기연소 | D63: 1 | E63: 1 | F63: 6 | G63: Legendary | H63: =INT(D63&E63&TEXT(F63,"00")) -> 1106 | I63: 7000174 | J63: 100 | K63: =J63/SUM(J54:J63) -> 0.0013869626 | Q63: 7000165 | R63: =_xlfn.XLOOKUP(Q63,I:I,C:C) -> 가학성애 | S63: =_xlfn.XLOOKUP(Q63,I:I,A:A) -> 1301006 | T63: =_xlfn.XLOOKUP(Q63,'[2]Skill<Talent>'!$A:$A,'[2]Skill<Talent>'!$C:$C) -> 디버프 부여시 자신 속도 5씩 증가
A64: =INT(H64&TEXT(B64,"000")) -> 1201001 | B64: 1 | C64: 인내심 | D64: 1 | E64: 2 | F64: 1 | G64: Common | H64: =INT(D64&E64&TEXT(F64,"00")) -> 1201 | I64: 7000102 | J64: 20000 | Q64: 7000166 | R64: =_xlfn.XLOOKUP(Q64,I:I,C:C) -> 우월감 | S64: =_xlfn.XLOOKUP(Q64,I:I,A:A) -> 2101010 | T64: =_xlfn.XLOOKUP(Q64,'[2]Skill<Talent>'!$A:$A,'[2]Skill<Talent>'!$C:$C) -> 크리티컬 발동시 피해량의 10% 회복
A65: =INT(H65&TEXT(B65,"000")) -> 1201002 | B65: 2 | C65: 복수심 | D65: 1 | E65: 2 | F65: 1 | G65: Common | H65: =INT(D65&E65&TEXT(F65,"00")) -> 1201 | I65: 7000110 | J65: 20000 | Q65: 7000167 | R65: =_xlfn.XLOOKUP(Q65,I:I,C:C) -> 계산가 | S65: =_xlfn.XLOOKUP(Q65,I:I,A:A) -> 5401001 | T65: =_xlfn.XLOOKUP(Q65,'[2]Skill<Talent>'!$A:$A,'[2]Skill<Talent>'!$C:$C) -> 치명타 발동 불가, 공격시 SP 회복량 +10
A66: =INT(H66&TEXT(B66,"000")) -> 1201003 | B66: 3 | C66: 성급 | D66: 1 | E66: 2 | F66: 1 | G66: Common | H66: =INT(D66&E66&TEXT(F66,"00")) -> 1201 | I66: 7000114 | J66: 20000 | Q66: 7000168 | R66: =_xlfn.XLOOKUP(Q66,I:I,C:C) -> 호승심 | S66: =_xlfn.XLOOKUP(Q66,I:I,A:A) -> 1401008 | T66: =_xlfn.XLOOKUP(Q66,'[2]Skill<Talent>'!$A:$A,'[2]Skill<Talent>'!$C:$C) -> 방어력이 10% 감소, 속성 상성 피해 무시
A67: =INT(H67&TEXT(B67,"000")) -> 1201004 | B67: 4 | C67: 투지 | D67: 1 | E67: 2 | F67: 1 | G67: Uncommon | H67: =INT(D67&E67&TEXT(F67,"00")) -> 1201 | I67: 7000116 | J67: 15000 | Q67: 7000169 | R67: =_xlfn.XLOOKUP(Q67,I:I,C:C) -> 안정 | S67: =_xlfn.XLOOKUP(Q67,I:I,A:A) -> 2101009 | T67: =_xlfn.XLOOKUP(Q67,'[2]Skill<Talent>'!$A:$A,'[2]Skill<Talent>'!$C:$C) -> 보호막 획득 시 SP 5 충전
A68: =INT(H68&TEXT(B68,"000")) -> 1201005 | B68: 5 | C68: 철벽 | D68: 1 | E68: 2 | F68: 1 | G68: Uncommon | H68: =INT(D68&E68&TEXT(F68,"00")) -> 1201 | I68: 7000120 | J68: 15000 | Q68: 7000170 | R68: =_xlfn.XLOOKUP(Q68,I:I,C:C) -> 기선제압 | S68: =_xlfn.XLOOKUP(Q68,I:I,A:A) -> 1401004 | T68: =_xlfn.XLOOKUP(Q68,'[2]Skill<Talent>'!$A:$A,'[2]Skill<Talent>'!$C:$C) -> 배틀 시작 시 SP 100 충전
A69: =INT(H69&TEXT(B69,"000")) -> 1201006 | B69: 6 | C69: 앙갚음 | D69: 1 | E69: 2 | F69: 1 | G69: Rare | H69: =INT(D69&E69&TEXT(F69,"00")) -> 1201 | I69: 7000131 | J69: 10000 | Q69: 7000171 | R69: =_xlfn.XLOOKUP(Q69,I:I,C:C) -> 의기투합 | S69: =_xlfn.XLOOKUP(Q69,I:I,A:A) -> 1401005 | T69: =_xlfn.XLOOKUP(Q69,'[2]Skill<Talent>'!$A:$A,'[2]Skill<Talent>'!$C:$C) -> 얼티밋 사용 시 자신의 양 옆 아군의 sp 10 충전
A70: =INT(H70&TEXT(B70,"000")) -> 1201007 | B70: 7 | C70: 오기 | D70: 1 | E70: 2 | F70: 1 | G70: Rare | H70: =INT(D70&E70&TEXT(F70,"00")) -> 1201 | I70: 7000139 | J70: 10000 | Q70: 7000172 | R70: =_xlfn.XLOOKUP(Q70,I:I,C:C) -> 원한 | S70: =_xlfn.XLOOKUP(Q70,I:I,A:A) -> 5101009 | T70: =_xlfn.XLOOKUP(Q70,'[2]Skill<Talent>'!$A:$A,'[2]Skill<Talent>'!$C:$C) -> 사망 시 모든 적에게 3턴동안 받는 피해 증가 10% 부여
A71: =INT(H71&TEXT(B71,"000")) -> 1201008 | B71: 8 | C71: 성화 | D71: 1 | E71: 2 | F71: 1 | G71: Unique | H71: =INT(D71&E71&TEXT(F71,"00")) -> 1201 | I71: 7000143 | J71: 2000 | Q71: 7000173 | R71: =_xlfn.XLOOKUP(Q71,I:I,C:C) -> 독선가 | S71: =_xlfn.XLOOKUP(Q71,I:I,A:A) -> 2501005 | T71: =_xlfn.XLOOKUP(Q71,'[2]Skill<Talent>'!$A:$A,'[2]Skill<Talent>'!$C:$C) -> 받는 회복 효과 -30% 및 방어력 +30%
A72: =INT(H72&TEXT(B72,"000")) -> 1201009 | B72: 9 | C72: 열혈한 | D72: 1 | E72: 2 | F72: 1 | G72: Epic | H72: =INT(D72&E72&TEXT(F72,"00")) -> 1201 | I72: 7000147 | J72: 500 | Q72: 7000174 | R72: =_xlfn.XLOOKUP(Q72,I:I,C:C) -> 자기연소 | S72: =_xlfn.XLOOKUP(Q72,I:I,A:A) -> 1101010 | T72: =_xlfn.XLOOKUP(Q72,'[2]Skill<Talent>'!$A:$A,'[2]Skill<Talent>'!$C:$C) -> 방어력 및 체력 -10%, 공격력 및 속도 +10%
A73: =INT(H73&TEXT(B73,"000")) -> 1201010 | B73: 10 | C73: 불굴의 의지 | D73: 1 | E73: 2 | F73: 1 | G73: Legendary | H73: =INT(D73&E73&TEXT(F73,"00")) -> 1201 | I73: 7000153 | J73: 100
A74: =INT(H74&TEXT(B74,"000")) -> 1202001 | B74: 1 | C74: =C64 -> 인내심 | D74: 1 | E74: 2 | F74: 2 | G74: Common | H74: =INT(D74&E74&TEXT(F74,"00")) -> 1202 | I74: 7000102 | J74: 18000
A75: =INT(H75&TEXT(B75,"000")) -> 1202002 | B75: 2 | C75: =C65 -> 복수심 | D75: 1 | E75: 2 | F75: 2 | G75: Common | H75: =INT(D75&E75&TEXT(F75,"00")) -> 1202 | I75: 7000110 | J75: 18000
A76: =INT(H76&TEXT(B76,"000")) -> 1202003 | B76: 3 | C76: =C66 -> 성급 | D76: 1 | E76: 2 | F76: 2 | G76: Common | H76: =INT(D76&E76&TEXT(F76,"00")) -> 1202 | I76: 7000114 | J76: 18000
A77: =INT(H77&TEXT(B77,"000")) -> 1202004 | B77: 4 | C77: =C67 -> 투지 | D77: 1 | E77: 2 | F77: 2 | G77: Uncommon | H77: =INT(D77&E77&TEXT(F77,"00")) -> 1202 | I77: 7000116 | J77: 14500
A78: =INT(H78&TEXT(B78,"000")) -> 1202005 | B78: 5 | C78: =C68 -> 철벽 | D78: 1 | E78: 2 | F78: 2 | G78: Uncommon | H78: =INT(D78&E78&TEXT(F78,"00")) -> 1202 | I78: 7000120 | J78: 14500
A79: =INT(H79&TEXT(B79,"000")) -> 1202006 | B79: 6 | C79: =C69 -> 앙갚음 | D79: 1 | E79: 2 | F79: 2 | G79: Rare | H79: =INT(D79&E79&TEXT(F79,"00")) -> 1202 | I79: 7000131 | J79: 9500
A80: =INT(H80&TEXT(B80,"000")) -> 1202007 | B80: 7 | C80: =C70 -> 오기 | D80: 1 | E80: 2 | F80: 2 | G80: Rare | H80: =INT(D80&E80&TEXT(F80,"00")) -> 1202 | I80: 7000139 | J80: 9500
A81: =INT(H81&TEXT(B81,"000")) -> 1202008 | B81: 8 | C81: =C71 -> 성화 | D81: 1 | E81: 2 | F81: 2 | G81: Unique | H81: =INT(D81&E81&TEXT(F81,"00")) -> 1202 | I81: 7000143 | J81: 1900
A82: =INT(H82&TEXT(B82,"000")) -> 1202009 | B82: 9 | C82: =C72 -> 열혈한 | D82: 1 | E82: 2 | F82: 2 | G82: Epic | H82: =INT(D82&E82&TEXT(F82,"00")) -> 1202 | I82: 7000147 | J82: 500
A83: =INT(H83&TEXT(B83,"000")) -> 1202010 | B83: 10 | C83: =C73 -> 불굴의 의지 | D83: 1 | E83: 2 | F83: 2 | G83: Legendary | H83: =INT(D83&E83&TEXT(F83,"00")) -> 1202 | I83: 7000153 | J83: 100
A84: =INT(H84&TEXT(B84,"000")) -> 1203001 | B84: 1 | C84: =C74 -> 인내심 | D84: 1 | E84: 2 | F84: 3 | G84: Common | H84: =INT(D84&E84&TEXT(F84,"00")) -> 1203 | I84: 7000102 | J84: 16000
A85: =INT(H85&TEXT(B85,"000")) -> 1203002 | B85: 2 | C85: =C75 -> 복수심 | D85: 1 | E85: 2 | F85: 3 | G85: Common | H85: =INT(D85&E85&TEXT(F85,"00")) -> 1203 | I85: 7000110 | J85: 16000
... A123: =INT(H123&TEXT(B123,"000")) -> 1206010 | B123: 10 | C123: =C113 -> 불굴의 의지 | D123: 1 | E123: 2 | F123: 6 | G123: Legendary | H123: =INT(D123&E123&TEXT(F123,"00")) -> 1206 | I123: 7000153 | J123: 100
A124: =INT(H124&TEXT(B124,"000")) -> 1301001 | B124: 1 | C124: 자기 합리화 | D124: 1 | E124: 3 | F124: 1 | G124: Common | H124: =INT(D124&E124&TEXT(F124,"00")) -> 1301 | I124: 7000105 | J124: 20000
A125: =INT(H125&TEXT(B125,"000")) -> 1301002 | B125: 2 | C125: 성화 | D125: 1 | E125: 3 | F125: 1 | G125: Common | H125: =INT(D125&E125&TEXT(F125,"00")) -> 1301 | I125: 7000143 | J125: 20000
A126: =INT(H126&TEXT(B126,"000")) -> 1301003 | B126: 3 | C126: 열혈한 | D126: 1 | E126: 3 | F126: 1 | G126: Common | H126: =INT(D126&E126&TEXT(F126,"00")) -> 1301 | I126: 7000147 | J126: 20000
A127: =INT(H127&TEXT(B127,"000")) -> 1301004 | B127: 4 | C127: 폭력성 | D127: 1 | E127: 3 | F127: 1 | G127: Uncommon | H127: =INT(D127&E127&TEXT(F127,"00")) -> 1301 | I127: 7000149 | J127: 15000
A128: =INT(H128&TEXT(B128,"000")) -> 1301005 | B128: 5 | C128: 트러블 메이커 | D128: 1 | E128: 3 | F128: 1 | G128: Uncommon | H128: =INT(D128&E128&TEXT(F128,"00")) -> 1301 | I128: 7000150 | J128: 15000
A129: =INT(H129&TEXT(B129,"000")) -> 1301006 | B129: 6 | C129: 가학성애 | D129: 1 | E129: 3 | F129: 1 | G129: Rare | H129: =INT(D129&E129&TEXT(F129,"00")) -> 1301 | I129: 7000165 | J129: 10000
A130: =INT(H130&TEXT(B130,"000")) -> 1301007 | B130: 7 | C130: 위기감지 | D130: 1 | E130: 3 | F130: 1 | G130: Rare | H130: =INT(D130&E130&TEXT(F130,"00")) -> 1301 | I130: 7000141 | J130: 10000
A131: =INT(H131&TEXT(B131,"000")) -> 1301008 | B131: 8 | C131: 오기 | D131: 1 | E131: 3 | F131: 1 | G131: Unique | H131: =INT(D131&E131&TEXT(F131,"00")) -> 1301 | I131: 7000139 | J131: 2000
A132: =INT(H132&TEXT(B132,"000")) -> 1301009 | B132: 9 | C132: 투정 | D132: 1 | E132: 3 | F132: 1 | G132: Epic | H132: =INT(D132&E132&TEXT(F132,"00")) -> 1301 | I132: 7000133 | J132: 500
A133: =INT(H133&TEXT(B133,"000")) -> 1301010 | B133: 10 | C133: 무자비 | D133: 1 | E133: 3 | F133: 1 | G133: Legendary | H133: =INT(D133&E133&TEXT(F133,"00")) -> 1301 | I133: 7000136 | J133: 100
A134: =INT(H134&TEXT(B134,"000")) -> 1302001 | B134: 1 | C134: =C124 -> 자기 합리화 | D134: 1 | E134: 3 | F134: 2 | G134: Common | H134: =INT(D134&E134&TEXT(F134,"00")) -> 1302 | I134: 7000105 | J134: 18000
A135: =INT(H135&TEXT(B135,"000")) -> 1302002 | B135: 2 | C135: =C125 -> 성화 | D135: 1 | E135: 3 | F135: 2 | G135: Common | H135: =INT(D135&E135&TEXT(F135,"00")) -> 1302 | I135: 7000143 | J135: 18000
A136: =INT(H136&TEXT(B136,"000")) -> 1302003 | B136: 3 | C136: =C126 -> 열혈한 | D136: 1 | E136: 3 | F136: 2 | G136: Common | H136: =INT(D136&E136&TEXT(F136,"00")) -> 1302 | I136: 7000147 | J136: 18000
A137: =INT(H137&TEXT(B137,"000")) -> 1302004 | B137: 4 | C137: =C127 -> 폭력성 | D137: 1 | E137: 3 | F137: 2 | G137: Uncommon | H137: =INT(D137&E137&TEXT(F137,"00")) -> 1302 | I137: 7000149 | J137: 14500
A138: =INT(H138&TEXT(B138,"000")) -> 1302005 | B138: 5 | C138: =C128 -> 트러블 메이커 | D138: 1 | E138: 3 | F138: 2 | G138: Uncommon | H138: =INT(D138&E138&TEXT(F138,"00")) -> 1302 | I138: 7000150 | J138: 14500
...

Sheet Dialogue
A1: Id | B1: #이름 | C1: #vid | D1: Name | E1: ChildId | F1: Num | G1: Dialogue | H1: ChoiceSuccess
A4: =(MOD(E4, 1000)+1000)*100+F4 -> 135400 | B4: 드미테르의 영혼 | C4: c354 | D4: =C4&"_presona_"&TEXT(F4+1, "00")&"_Name" -> c354_presona_01_Name | E4: 10000354 | F4: 0 | G4: =C4&"_persona_"&TEXT(F4+1, "00") -> c354_persona_01 | H4: 1
A5: =(MOD(E5, 1000)+1000)*100+F5 -> 135401 | B5: 드미테르의 영혼 | C5: c354 | D5: =C5&"_presona_"&TEXT(F5+1, "00")&"_Name" -> c354_presona_02_Name | E5: 10000354 | F5: 1 | G5: =C5&"_persona_"&TEXT(F5+1, "00") -> c354_persona_02 | H5: 1
A6: =(MOD(E6, 1000)+1000)*100+F6 -> 135402 | B6: 드미테르의 영혼 | C6: c354 | D6: =C6&"_presona_"&TEXT(F6+1, "00")&"_Name" -> c354_presona_03_Name | E6: 10000354 | F6: 2 | G6: =C6&"_persona_"&TEXT(F6+1, "00") -> c354_persona_03 | H6: 1
A7: =(MOD(E7, 1000)+1000)*100+F7 -> 135403 | B7: 드미테르의 영혼 | C7: c354 | D7: =C7&"_presona_"&TEXT(F7+1, "00")&"_Name" -> c354_presona_04_Name | E7: 10000354 | F7: 3 | G7: =C7&"_persona_"&TEXT(F7+1, "00") -> c354_persona_04 | H7: 1
A8: =(MOD(E8, 1000)+1000)*100+F8 -> 135404 | B8: 드미테르의 영혼 | C8: c354 | D8: =C8&"_presona_"&TEXT(F8+1, "00")&"_Name" -> c354_presona_05_Name | E8: 10000354 | F8: 4 | G8: =C8&"_persona_"&TEXT(F8+1, "00") -> c354_persona_05 | H8: 1
A9: =(MOD(E9, 1000)+1000)*100+F9 -> 135405 | B9: 드미테르의 영혼 | C9: c354 | D9: =C9&"_presona_"&TEXT(F9+1, "00")&"_Name" -> c354_presona_06_Name | E9: 10000354 | F9: 5 | G9: =C9&"_persona_"&TEXT(F9+1, "00") -> c354_persona_06 | H9: 1
A10: =(MOD(E10, 1000)+1000)*100+F10 -> 135406 | B10: 드미테르의 영혼 | C10: c354 | D10: =C10&"_presona_"&TEXT(F10+1, "00")&"_Name" -> c354_presona_07_Name | E10: 10000354 | F10: 6 | G10: =C10&"_persona_"&TEXT(F10+1, "00") -> c354_persona_07 | H10: 1
A11: =(MOD(E11, 1000)+1000)*100+F11 -> 135407 | B11: 드미테르의 영혼 | C11: c354 | D11: =C11&"_presona_"&TEXT(F11+1, "00")&"_Name" -> c354_presona_08_Name | E11: 10000354 | F11: 7 | G11: =C11&"_persona_"&TEXT(F11+1, "00") -> c354_persona_08 | H11: 1
A12: =(MOD(E12, 1000)+1000)*100+F12 -> 135408 | B12: 드미테르의 영혼 | C12: c354 | D12: =C12&"_presona_"&TEXT(F12+1, "00")&"_Name" -> c354_presona_09_Name | E12: 10000354 | F12: 8 | G12: =C12&"_persona_"&TEXT(F12+1, "00") -> c354_persona_09 | H12: 1
A13: =(MOD(E13, 1000)+1000)*100+F13 -> 135409 | B13: 드미테르의 영혼 | C13: c354 | D13: =C13&"_presona_"&TEXT(F13+1, "00")&"_Name" -> c354_presona_10_Name | E13: 10000354 | F13: 9 | G13: =C13&"_persona_"&TEXT(F13+1, "00") -> c354_persona_10 | H13: 1
A14: =(MOD(E14, 1000)+1000)*100+F14 -> 135410 | B14: 드미테르의 영혼 | C14: c354 | D14: =C14&"_presona_"&TEXT(F14+1, "00")&"_Name" -> c354_presona_11_Name | E14: 10000354 | F14: 10 | G14: =C14&"_persona_"&TEXT(F14+1, "00") -> c354_persona_11 | H14: 1
A15: =(MOD(E15, 1000)+1000)*100+F15 -> 135411 | B15: 드미테르의 영혼 | C15: c354 | D15: =C15&"_presona_"&TEXT(F15+1, "00")&"_Name" -> c354_presona_12_Name | E15: 10000354 | F15: 11 | G15: =C15&"_persona_"&TEXT(F15+1, "00") -> c354_persona_12 | H15: 1
... A33: =(MOD(E33, 1000)+1000)*100+F33 -> 129614 | B33: 힐드의 영혼 | C33: c296 | D33: =C33&"_presona_"&TEXT(F33+1, "00")&"_Name" -> c296_presona_15_Name | E33: 10000296 | F33: 14 | G33: =C33&"_persona_"&TEXT(F33+1, "00") -> c296_persona_15 | H33: 1
A34: =(MOD(E34, 1000)+1000)*100+F34 -> 100300 | B34: 다비의 영혼 | C34: c003 | D34: =C34&"_presona_"&TEXT(F34+1, "00")&"_Name" -> c003_presona_01_Name | E34: 10000003 | F34: 0 | G34: NULL | H34: 1
A35: =(MOD(E35, 1000)+1000)*100+F35 -> 100301 | B35: 다비의 영혼 | C35: c003 | D35: =C35&"_presona_"&TEXT(F35+1, "00")&"_Name" -> c003_presona_02_Name | E35: 10000003 | F35: 1 | G35: NULL | H35: 1
A36: =(MOD(E36, 1000)+1000)*100+F36 -> 100302 | B36: 다비의 영혼 | C36: c003 | D36: =C36&"_presona_"&TEXT(F36+1, "00")&"_Name" -> c003_presona_03_Name | E36: 10000003 | F36: 2 | G36: NULL | H36: 1
A37: =(MOD(E37, 1000)+1000)*100+F37 -> 100303 | B37: 다비의 영혼 | C37: c003 | D37: =C37&"_presona_"&TEXT(F37+1, "00")&"_Name" -> c003_presona_04_Name | E37: 10000003 | F37: 3 | G37: NULL | H37: 1
A38: =(MOD(E38, 1000)+1000)*100+F38 -> 100304 | B38: 다비의 영혼 | C38: c003 | D38: =C38&"_presona_"&TEXT(F38+1, "00")&"_Name" -> c003_presona_05_Name | E38: 10000003 | F38: 4 | G38: NULL | H38: 1
A39: =(MOD(E39, 1000)+1000)*100+F39 -> 100305 | B39: 다비의 영혼 | C39: c003 | D39: =C39&"_presona_"&TEXT(F39+1, "00")&"_Name" -> c003_presona_06_Name | E39: 10000003 | F39: 5 | G39: NULL | H39: 1
A40: =(MOD(E40, 1000)+1000)*100+F40 -> 100306 | B40: 다비의 영혼 | C40: c003 | D40: =C40&"_presona_"&TEXT(F40+1, "00")&"_Name" -> c003_presona_07_Name | E40: 10000003 | F40: 6 | G40: NULL | H40: 1
A41: =(MOD(E41, 1000)+1000)*100+F41 -> 100307 | B41: 다비의 영혼 | C41: c003 | D41: =C41&"_presona_"&TEXT(F41+1, "00")&"_Name" -> c003_presona_08_Name | E41: 10000003 | F41: 7 | G41: NULL | H41: 1
A42: =(MOD(E42, 1000)+1000)*100+F42 -> 100308 | B42: 다비의 영혼 | C42: c003 | D42: =C42&"_presona_"&TEXT(F42+1, "00")&"_Name" -> c003_presona_09_Name | E42: 10000003 | F42: 8 | G42: NULL | H42: 1
A43: =(MOD(E43, 1000)+1000)*100+F43 -> 100309 | B43: 다비의 영혼 | C43: c003 | D43: =C43&"_presona_"&TEXT(F43+1, "00")&"_Name" -> c003_presona_10_Name | E43: 10000003 | F43: 9 | G43: NULL | H43: 1
A44: =(MOD(E44, 1000)+1000)*100+F44 -> 100310 | B44: 다비의 영혼 | C44: c003 | D44: =C44&"_presona_"&TEXT(F44+1, "00")&"_Name" -> c003_presona_11_Name | E44: 10000003 | F44: 10 | G44: NULL | H44: 1
A45: =(MOD(E45, 1000)+1000)*100+F45 -> 100311 | B45: 다비의 영혼 | C45: c003 | D45: =C45&"_presona_"&TEXT(F45+1, "00")&"_Name" -> c003_presona_12_Name | E45: 10000003 | F45: 11 | G45: NULL | H45: 1
... A63: =(MOD(E63, 1000)+1000)*100+F63 -> 146414 | B63: 아라한의 영혼 | C63: c464 | D63: =C63&"_presona_"&TEXT(F63+1, "00")&"_Name" -> c464_presona_15_Name | E63: 10000464 | F63: 14 | G63: NULL | H63: 1
A64: =(MOD(E64, 1000)+1000)*100+F64 -> 135300 | B64: 샤를의 영혼 | C64: c353 | D64: =C64&"_presona_"&TEXT(F64+1, "00")&"_Name" -> c353_presona_01_Name | E64: 10000353 | F64: 0 | G64: =C64&"_persona_"&TEXT(F64+1, "00") -> c353_persona_01 | H64: 1
A65: =(MOD(E65, 1000)+1000)*100+F65 -> 135301 | B65: 샤를의 영혼 | C65: c353 | D65: =C65&"_presona_"&TEXT(F65+1, "00")&"_Name" -> c353_presona_02_Name | E65: 10000353 | F65: 1 | G65: =C65&"_persona_"&TEXT(F65+1, "00") -> c353_persona_02 | H65: 1
A66: =(MOD(E66, 1000)+1000)*100+F66 -> 135302 | B66: 샤를의 영혼 | C66: c353 | D66: =C66&"_presona_"&TEXT(F66+1, "00")&"_Name" -> c353_presona_03_Name | E66: 10000353 | F66: 2 | G66: =C66&"_persona_"&TEXT(F66+1, "00") -> c353_persona_03 | H66: 1
A67: =(MOD(E67, 1000)+1000)*100+F67 -> 135303 | B67: 샤를의 영혼 | C67: c353 | D67: =C67&"_presona_"&TEXT(F67+1, "00")&"_Name" -> c353_presona_04_Name | E67: 10000353 | F67: 3 | G67: =C67&"_persona_"&TEXT(F67+1, "00") -> c353_persona_04 | H67: 1
A68: =(MOD(E68, 1000)+1000)*100+F68 -> 135304 | B68: 샤를의 영혼 | C68: c353 | D68: =C68&"_presona_"&TEXT(F68+1, "00")&"_Name" -> c353_presona_05_Name | E68: 10000353 | F68: 4 | G68: =C68&"_persona_"&TEXT(F68+1, "00") -> c353_persona_05 | H68: 1
A69: =(MOD(E69, 1000)+1000)*100+F69 -> 135305 | B69: 샤를의 영혼 | C69: c353 | D69: =C69&"_presona_"&TEXT(F69+1, "00")&"_Name" -> c353_presona_06_Name | E69: 10000353 | F69: 5 | G69: =C69&"_persona_"&TEXT(F69+1, "00") -> c353_persona_06 | H69: 1
A70: =(MOD(E70, 1000)+1000)*100+F70 -> 135306 | B70: 샤를의 영혼 | C70: c353 | D70: =C70&"_presona_"&TEXT(F70+1, "00")&"_Name" -> c353_presona_07_Name | E70: 10000353 | F70: 6 | G70: =C70&"_persona_"&TEXT(F70+1, "00") -> c353_persona_07 | H70: 1
A71: =(MOD(E71, 1000)+1000)*100+F71 -> 135307 | B71: 샤를의 영혼 | C71: c353 | D71: =C71&"_presona_"&TEXT(F71+1, "00")&"_Name" -> c353_presona_08_Name | E71: 10000353 | F71: 7 | G71: =C71&"_persona_"&TEXT(F71+1, "00") -> c353_persona_08 | H71: 1
A72: =(MOD(E72, 1000)+1000)*100+F72 -> 135308 | B72: 샤를의 영혼 | C72: c353 | D72: =C72&"_presona_"&TEXT(F72+1, "00")&"_Name" -> c353_presona_09_Name | E72: 10000353 | F72: 8 | G72: =C72&"_persona_"&TEXT(F72+1, "00") -> c353_persona_09 | H72: 1
A73: =(MOD(E73, 1000)+1000)*100+F73 -> 135309 | B73: 샤를의 영혼 | C73: c353 | D73: =C73&"_presona_"&TEXT(F73+1, "00")&"_Name" -> c353_presona_10_Name | E73: 10000353 | F73: 9 | G73: =C73&"_persona_"&TEXT(F73+1, "00") -> c353_persona_10 | H73: 1
A74: =(MOD(E74, 1000)+1000)*100+F74 -> 135310 | B74: 샤를의 영혼 | C74: c353 | D74: =C74&"_presona_"&TEXT(F74+1, "00")&"_Name" -> c353_presona_11_Name | E74: 10000353 | F74: 10 | G74: =C74&"_persona_"&TEXT(F74+1, "00") -> c353_persona_11 | H74: 1
A75: =(MOD(E75, 1000)+1000)*100+F75 -> 135311 | B75: 샤를의 영혼 | C75: c353 | D75: =C75&"_presona_"&TEXT(F75+1, "00")&"_Name" -> c353_presona_12_Name | E75: 10000353 | F75: 11 | G75: =C75&"_persona_"&TEXT(F75+1, "00") -> c353_persona_12 | H75: 1
... A123: =(MOD(E123, 1000)+1000)*100+F123 -> 118314 | B123: 다나의 영혼 | C123: c183 | D123: =C123&"_presona_"&TEXT(F123+1, "00")&"_Name" -> c183_presona_15_Name | E123: 10000183 | F123: 14 | G123: =C123&"_persona_"&TEXT(F123+1, "00") -> c183_persona_15 | H123: 1
A124: =(MOD(E124, 1000)+1000)*100+F124 -> 105100 | B124: 프레이의 영혼 | C124: c051 | D124: =C124&"_presona_"&TEXT(F124+1, "00")&"_Name" -> c051_presona_01_Name | E124: 10000051 | F124: 0 | G124: NULL | H124: 1
A125: =(MOD(E125, 1000)+1000)*100+F125 -> 105101 | B125: 프레이의 영혼 | C125: c051 | D125: =C125&"_presona_"&TEXT(F125+1, "00")&"_Name" -> c051_presona_02_Name | E125: 10000051 | F125: 1 | G125: NULL | H125: 1
A126: =(MOD(E126, 1000)+1000)*100+F126 -> 105102 | B126: 프레이의 영혼 | C126: c051 | D126: =C126&"_presona_"&TEXT(F126+1, "00")&"_Name" -> c051_presona_03_Name | E126: 10000051 | F126: 2 | G126: NULL | H126: 1
A127: =(MOD(E127, 1000)+1000)*100+F127 -> 105103 | B127: 프레이의 영혼 | C127: c051 | D127: =C127&"_presona_"&TEXT(F127+1, "00")&"_Name" -> c051_presona_04_Name | E127: 10000051 | F127: 3 | G127: NULL | H127: 1
A128: =(MOD(E128, 1000)+1000)*100+F128 -> 105104 | B128: 프레이의 영혼 | C128: c051 | D128: =C128&"_presona_"&TEXT(F128+1, "00")&"_Name" -> c051_presona_05_Name | E128: 10000051 | F128: 4 | G128: NULL | H128: 1
A129: =(MOD(E129, 1000)+1000)*100+F129 -> 105105 | B129: 프레이의 영혼 | C129: c051 | D129: =C129&"_presona_"&TEXT(F129+1, "00")&"_Name" -> c051_presona_06_Name | E129: 10000051 | F129: 5 | G129: NULL | H129: 1
A130: =(MOD(E130, 1000)+1000)*100+F130 -> 105106 | B130: 프레이의 영혼 | C130: c051 | D130: =C130&"_presona_"&TEXT(F130+1, "00")&"_Name" -> c051_presona_07_Name | E130: 10000051 | F130: 6 | G130: NULL | H130: 1
A131: =(MOD(E131, 1000)+1000)*100+F131 -> 105107 | B131: 프레이의 영혼 | C131: c051 | D131: =C131&"_presona_"&TEXT(F131+1, "00")&"_Name" -> c051_presona_08_Name | E131: 10000051 | F131: 7 | G131: NULL | H131: 1
A132: =(MOD(E132, 1000)+1000)*100+F132 -> 105108 | B132: 프레이의 영혼 | C132: c051 | D132: =C132&"_presona_"&TEXT(F132+1, "00")&"_Name" -> c051_presona_09_Name | E132: 10000051 | F132: 8 | G132: NULL | H132: 1
A133: =(MOD(E133, 1000)+1000)*100+F133 -> 105109 | B133: 프레이의 영혼 | C133: c051 | D133: =C133&"_presona_"&TEXT(F133+1, "00")&"_Name" -> c051_presona_10_Name | E133: 10000051 | F133: 9 | G133: NULL | H133: 1
A134: =(MOD(E134, 1000)+1000)*100+F134 -> 105110 | B134: 프레이의 영혼 | C134: c051 | D134: =C134&"_presona_"&TEXT(F134+1, "00")&"_Name" -> c051_presona_11_Name | E134: 10000051 | F134: 10 | G134: NULL | H134: 1
A135: =(MOD(E135, 1000)+1000)*100+F135 -> 105111 | B135: 프레이의 영혼 | C135: c051 | D135: =C135&"_presona_"&TEXT(F135+1, "00")&"_Name" -> c051_presona_12_Name | E135: 10000051 | F135: 11 | G135: NULL | H135: 1
... A168: =(MOD(E168, 1000)+1000)*100+F168 -> 100214 | B168: 리자의 영혼 | C168: c002 | D168: =C168&"_presona_"&TEXT(F168+1, "00")&"_Name" -> c002_presona_15_Name | E168: 10000002 | F168: 14 | G168: NULL | H168: 1
A169: =(MOD(E169, 1000)+1000)*100+F169 -> 141700 | B169: 구미호의 영혼 | C169: c417 | D169: =C169&"_presona_"&TEXT(F169+1, "00")&"_Name" -> c417_presona_01_Name | E169: 10000417 | F169: 0 | G169: =C169&"_persona_"&TEXT(F169+1, "00") -> c417_persona_01 | H169: 1
A170: =(MOD(E170, 1000)+1000)*100+F170 -> 141701 | B170: 구미호의 영혼 | C170: c417 | D170: =C170&"_presona_"&TEXT(F170+1, "00")&"_Name" -> c417_presona_02_Name | E170: 10000417 | F170: 1 | G170: =C170&"_persona_"&TEXT(F170+1, "00") -> c417_persona_02 | H170: 1
A171: =(MOD(E171, 1000)+1000)*100+F171 -> 141702 | B171: 구미호의 영혼 | C171: c417 | D171: =C171&"_presona_"&TEXT(F171+1, "00")&"_Name" -> c417_presona_03_Name | E171: 10000417 | F171: 2 | G171: =C171&"_persona_"&TEXT(F171+1, "00") -> c417_persona_03 | H171: 1
A172: =(MOD(E172, 1000)+1000)*100+F172 -> 141703 | B172: 구미호의 영혼 | C172: c417 | D172: =C172&"_presona_"&TEXT(F172+1, "00")&"_Name" -> c417_presona_04_Name | E172: 10000417 | F172: 3 | G172: =C172&"_persona_"&TEXT(F172+1, "00") -> c417_persona_04 | H172: 1
A173: =(MOD(E173, 1000)+1000)*100+F173 -> 141704 | B173: 구미호의 영혼 | C173: c417 | D173: =C173&"_presona_"&TEXT(F173+1, "00")&"_Name" -> c417_presona_05_Name | E173: 10000417 | F173: 4 | G173: =C173&"_persona_"&TEXT(F173+1, "00") -> c417_persona_05 | H173: 1
A174: =(MOD(E174, 1000)+1000)*100+F174 -> 141705 | B174: 구미호의 영혼 | C174: c417 | D174: =C174&"_presona_"&TEXT(F174+1, "00")&"_Name" -> c417_presona_06_Name | E174: 10000417 | F174: 5 | G174: =C174&"_persona_"&TEXT(F174+1, "00") -> c417_persona_06 | H174: 1
A175: =(MOD(E175, 1000)+1000)*100+F175 -> 141706 | B175: 구미호의 영혼 | C175: c417 | D175: =C175&"_presona_"&TEXT(F175+1, "00")&"_Name" -> c417_presona_07_Name | E175: 10000417 | F175: 6 | G175: =C175&"_persona_"&TEXT(F175+1, "00") -> c417_persona_07 | H175: 1
A176: =(MOD(E176, 1000)+1000)*100+F176 -> 141707 | B176: 구미호의 영혼 | C176: c417 | D176: =C176&"_presona_"&TEXT(F176+1, "00")&"_Name" -> c417_presona_08_Name | E176: 10000417 | F176: 7 | G176: =C176&"_persona_"&TEXT(F176+1, "00") -> c417_persona_08 | H176: 1
A177: =(MOD(E177, 1000)+1000)*100+F177 -> 141708 | B177: 구미호의 영혼 | C177: c417 | D177: =C177&"_presona_"&TEXT(F177+1, "00")&"_Name" -> c417_presona_09_Name | E177: 10000417 | F177: 8 | G177: =C177&"_persona_"&TEXT(F177+1, "00") -> c417_persona_09 | H177: 1
A178: =(MOD(E178, 1000)+1000)*100+F178 -> 141709 | B178: 구미호의 영혼 | C178: c417 | D178: =C178&"_presona_"&TEXT(F178+1, "00")&"_Name" -> c417_presona_10_Name | E178: 10000417 | F178: 9 | G178: =C178&"_persona_"&TEXT(F178+1, "00") -> c417_persona_10 | H178: 1
A179: =(MOD(E179, 1000)+1000)*100+F179 -> 141710 | B179: 구미호의 영혼 | C179: c417 | D179: =C179&"_presona_"&TEXT(F179+1, "00")&"_Name" -> c417_presona_11_Name | E179: 10000417 | F179: 10 | G179: =C179&"_persona_"&TEXT(F179+1, "00") -> c417_persona_11 | H179: 1
A180: =(MOD(E180, 1000)+1000)*100+F180 -> 141711 | B180: 구미호의 영혼 | C180: c417 | D180: =C180&"_presona_"&TEXT(F180+1, "00")&"_Name" -> c417_presona_12_Name | E180: 10000417 | F180: 11 | G180: =C180&"_persona_"&TEXT(F180+1, "00") -> c417_persona_12 | H180: 1
... A183: =(MOD(E183, 1000)+1000)*100+F183 -> 141714 | B183: 구미호의 영혼 | C183: c417 | D183: =C183&"_presona_"&TEXT(F183+1, "00")&"_Name" -> c417_presona_15_Name | E183: 10000417 | F183: 14 | G183: =C183&"_persona_"&TEXT(F183+1, "00") -> c417_persona_15 | H183: 1
A184: =(MOD(E184, 1000)+1000)*100+F184 -> 143200 | B184: 아르테미스의 영혼 | C184: c432 | D184: =C184&"_presona_"&TEXT(F184+1, "00")&"_Name" -> c432_presona_01_Name | E184: 10000432 | F184: 0 | G184: NULL | H184: 1
A185: =(MOD(E185, 1000)+1000)*100+F185 -> 143201 | B185: 아르테미스의 영혼 | C185: c432 | D185: =C185&"_presona_"&TEXT(F185+1, "00")&"_Name" -> c432_presona_02_Name | E185: 10000432 | F185: 1 | G185: NULL | H185: 1
A186: =(MOD(E186, 1000)+1000)*100+F186 -> 143202 | B186: 아르테미스의 영혼 | C186: c432 | D186: =C186&"_presona_"&TEXT(F186+1, "00")&"_Name" -> c432_presona_03_Name | E186: 10000432 | F186: 2 | G186: NULL | H186: 1
A187: =(MOD(E187, 1000)+1000)*100+F187 -> 143203 | B187: 아르테미스의 영혼 | C187: c432 | D187: =C187&"_presona_"&TEXT(F187+1, "00")&"_Name" -> c432_presona_04_Name | E187: 10000432 | F187: 3 | G187: NULL | H187: 1
A188: =(MOD(E188, 1000)+1000)*100+F188 -> 143204 | B188: 아르테미스의 영혼 | C188: c432 | D188: =C188&"_presona_"&TEXT(F188+1, "00")&"_Name" -> c432_presona_05_Name | E188: 10000432 | F188: 4 | G188: NULL | H188: 1
A189: =(MOD(E189, 1000)+1000)*100+F189 -> 143205 | B189: 아르테미스의 영혼 | C189: c432 | D189: =C189&"_presona_"&TEXT(F189+1, "00")&"_Name" -> c432_presona_06_Name | E189: 10000432 | F189: 5 | G189: NULL | H189: 1
A190: =(MOD(E190, 1000)+1000)*100+F190 -> 143206 | B190: 아르테미스의 영혼 | C190: c432 | D190: =C190&"_presona_"&TEXT(F190+1, "00")&"_Name" -> c432_presona_07_Name | E190: 10000432 | F190: 6 | G190: NULL | H190: 1
A191: =(MOD(E191, 1000)+1000)*100+F191 -> 143207 | B191: 아르테미스의 영혼 | C191: c432 | D191: =C191&"_presona_"&TEXT(F191+1, "00")&"_Name" -> c432_presona_08_Name | E191: 10000432 | F191: 7 | G191: NULL | H191: 1
A192: =(MOD(E192, 1000)+1000)*100+F192 -> 143208 | B192: 아르테미스의 영혼 | C192: c432 | D192: =C192&"_presona_"&TEXT(F192+1, "00")&"_Name" -> c432_presona_09_Name | E192: 10000432 | F192: 8 | G192: NULL | H192: 1
A193: =(MOD(E193, 1000)+1000)*100+F193 -> 143209 | B193: 아르테미스의 영혼 | C193: c432 | D193: =C193&"_presona_"&TEXT(F193+1, "00")&"_Name" -> c432_presona_10_Name | E193: 10000432 | F193: 9 | G193: NULL | H193: 1
A194: =(MOD(E194, 1000)+1000)*100+F194 -> 143210 | B194: 아르테미스의 영혼 | C194: c432 | D194: =C194&"_presona_"&TEXT(F194+1, "00")&"_Name" -> c432_presona_11_Name | E194: 10000432 | F194: 10 | G194: NULL | H194: 1
A195: =(MOD(E195, 1000)+1000)*100+F195 -> 143211 | B195: 아르테미스의 영혼 | C195: c432 | D195: =C195&"_presona_"&TEXT(F195+1, "00")&"_Name" -> c432_presona_12_Name | E195: 10000432 | F195: 11 | G195: NULL | H195: 1
... A213: =(MOD(E213, 1000)+1000)*100+F213 -> 148614 | B213: 쿠바바의 영혼 | C213: c486 | D213: =C213&"_presona_"&TEXT(F213+1, "00")&"_Name" -> c486_presona_15_Name | E213: 10000486 | F213: 14 | G213: NULL | H213: 1
A214: =(MOD(E214, 1000)+1000)*100+F214 -> 129400 | B214: 바토리의 영혼 | C214: c294 | D214: =C214&"_presona_"&TEXT(F214+1, "00")&"_Name" -> c294_presona_01_Name | E214: 10000294 | F214: 0 | G214: =C214&"_persona_"&TEXT(F214+1, "00") -> c294_persona_01 | H214: 1
A215: =(MOD(E215, 1000)+1000)*100+F215 -> 129401 | B215: 바토리의 영혼 | C215: c294 | D215: =C215&"_presona_"&TEXT(F215+1, "00")&"_Name" -> c294_presona_02_Name | E215: 10000294 | F215: 1 | G215: =C215&"_persona_"&TEXT(F215+1, "00") -> c294_persona_02 | H215: 1
A216: =(MOD(E216, 1000)+1000)*100+F216 -> 129402 | B216: 바토리의 영혼 | C216: c294 | D216: =C216&"_presona_"&TEXT(F216+1, "00")&"_Name" -> c294_presona_03_Name | E216: 10000294 | F216: 2 | G216: =C216&"_persona_"&TEXT(F216+1, "00") -> c294_persona_03 | H216: 1
A217: =(MOD(E217, 1000)+1000)*100+F217 -> 129403 | B217: 바토리의 영혼 | C217: c294 | D217: =C217&"_presona_"&TEXT(F217+1, "00")&"_Name" -> c294_presona_04_Name | E217: 10000294 | F217: 3 | G217: =C217&"_persona_"&TEXT(F217+1, "00") -> c294_persona_04 | H217: 1
A218: =(MOD(E218, 1000)+1000)*100+F218 -> 129404 | B218: 바토리의 영혼 | C218: c294 | D218: =C218&"_presona_"&TEXT(F218+1, "00")&"_Name" -> c294_presona_05_Name | E218: 10000294 | F218: 4 | G218: =C218&"_persona_"&TEXT(F218+1, "00") -> c294_persona_05 | H218: 1
A219: =(MOD(E219, 1000)+1000)*100+F219 -> 129405 | B219: 바토리의 영혼 | C219: c294 | D219: =C219&"_presona_"&TEXT(F219+1, "00")&"_Name" -> c294_presona_06_Name | E219: 10000294 | F219: 5 | G219: =C219&"_persona_"&TEXT(F219+1, "00") -> c294_persona_06 | H219: 1
A220: =(MOD(E220, 1000)+1000)*100+F220 -> 129406 | B220: 바토리의 영혼 | C220: c294 | D220: =C220&"_presona_"&TEXT(F220+1, "00")&"_Name" -> c294_presona_07_Name | E220: 10000294 | F220: 6 | G220: =C220&"_persona_"&TEXT(F220+1, "00") -> c294_persona_07 | H220: 1
A221: =(MOD(E221, 1000)+1000)*100+F221 -> 129407 | B221: 바토리의 영혼 | C221: c294 | D221: =C221&"_presona_"&TEXT(F221+1, "00")&"_Name" -> c294_presona_08_Name | E221: 10000294 | F221: 7 | G221: =C221&"_persona_"&TEXT(F221+1, "00") -> c294_persona_08 | H221: 1
A222: =(MOD(E222, 1000)+1000)*100+F222 -> 129408 | B222: 바토리의 영혼 | C222: c294 | D222: =C222&"_presona_"&TEXT(F222+1, "00")&"_Name" -> c294_presona_09_Name | E222: 10000294 | F222: 8 | G222: =C222&"_persona_"&TEXT(F222+1, "00") -> c294_persona_09 | H222: 1
A223: =(MOD(E223, 1000)+1000)*100+F223 -> 129409 | B223: 바토리의 영혼 | C223: c294 | D223: =C223&"_presona_"&TEXT(F223+1, "00")&"_Name" -> c294_presona_10_Name | E223: 10000294 | F223: 9 | G223: =C223&"_persona_"&TEXT(F223+1, "00") -> c294_persona_10 | H223: 1
A224: =(MOD(E224, 1000)+1000)*100+F224 -> 129410 | B224: 바토리의 영혼 | C224: c294 | D224: =C224&"_presona_"&TEXT(F224+1, "00")&"_Name" -> c294_presona_11_Name | E224: 10000294 | F224: 10 | G224: =C224&"_persona_"&TEXT(F224+1, "00") -> c294_persona_11 | H224: 1
A225: =(MOD(E225, 1000)+1000)*100+F225 -> 129411 | B225: 바토리의 영혼 | C225: c294 | D225: =C225&"_presona_"&TEXT(F225+1, "00")&"_Name" -> c294_presona_12_Name | E225: 10000294 | F225: 11 | G225: =C225&"_persona_"&TEXT(F225+1, "00") -> c294_persona_12 | H225: 1
... A228: =(MOD(E228, 1000)+1000)*100+F228 -> 129414 | B228: 바토리의 영혼 | C228: c294 | D228: =C228&"_presona_"&TEXT(F228+1, "00")&"_Name" -> c294_presona_15_Name | E228: 10000294 | F228: 14 | G228: =C228&"_persona_"&TEXT(F228+1, "00") -> c294_persona_15 | H228: 1
A229: =(MOD(E229, 1000)+1000)*100+F229 -> 150100 | B229: 라가라자 | C229: c501 | D229: =C229&"_presona_"&TEXT(F229+1, "00")&"_Name" -> c501_presona_01_Name | E229: 10000501 | F229: 0 | G229: NULL | H229: 1
A230: =(MOD(E230, 1000)+1000)*100+F230 -> 150101 | B230: 라가라자 | C230: c501 | D230: =C230&"_presona_"&TEXT(F230+1, "00")&"_Name" -> c501_presona_02_Name | E230: 10000501 | F230: 1 | G230: NULL | H230: 1
A231: =(MOD(E231, 1000)+1000)*100+F231 -> 150102 | B231: 라가라자 | C231: c501 | D231: =C231&"_presona_"&TEXT(F231+1, "00")&"_Name" -> c501_presona_03_Name | E231: 10000501 | F231: 2 | G231: NULL | H231: 1
A232: =(MOD(E232, 1000)+1000)*100+F232 -> 150103 | B232: 라가라자 | C232: c501 | D232: =C232&"_presona_"&TEXT(F232+1, "00")&"_Name" -> c501_presona_04_Name | E232: 10000501 | F232: 3 | G232: NULL | H232: 1
A233: =(MOD(E233, 1000)+1000)*100+F233 -> 150104 | B233: 라가라자 | C233: c501 | D233: =C233&"_presona_"&TEXT(F233+1, "00")&"_Name" -> c501_presona_05_Name | E233: 10000501 | F233: 4 | G233: NULL | H233: 1
A234: =(MOD(E234, 1000)+1000)*100+F234 -> 150105 | B234: 라가라자 | C234: c501 | D234: =C234&"_presona_"&TEXT(F234+1, "00")&"_Name" -> c501_presona_06_Name | E234: 10000501 | F234: 5 | G234: NULL | H234: 1
A235: =(MOD(E235, 1000)+1000)*100+F235 -> 150106 | B235: 라가라자 | C235: c501 | D235: =C235&"_presona_"&TEXT(F235+1, "00")&"_Name" -> c501_presona_07_Name | E235: 10000501 | F235: 6 | G235: NULL | H235: 1
A236: =(MOD(E236, 1000)+1000)*100+F236 -> 150107 | B236: 라가라자 | C236: c501 | D236: =C236&"_presona_"&TEXT(F236+1, "00")&"_Name" -> c501_presona_08_Name | E236: 10000501 | F236: 7 | G236: NULL | H236: 1
...

Sheet #Enhance
A1: Id | B1: SoulType | C1: #sort | D1: Level | E1: RequireCategroyType | F1: RequireId | G1: RequireValue | H1: ChildStatus | I1: StatValue | J1: ChildStatus | K1: StatValue | L1: ChildStatus | M1: StatValue
A4: =INT("1"&TEXT(C4,"00")&TEXT(D4,"0000")) -> 1010001 | B4: Fire | C4: 1 | D4: 1 | E4: Item | F4: 2 | G4: 10 | H4: DevilHpRatio | I4: =$D4*1000 -> 1000 | J4: DevilAtkRatio | K4: =$D4*1000 -> 1000 | L4: DevilDefRatio | M4: =$D4*1000 -> 1000
A5: =INT("1"&TEXT(C5,"00")&TEXT(D5,"0000")) -> 1010002 | B5: Fire | C5: 1 | D5: 2 | E5: Item | F5: 2 | G5: 10 | H5: DevilHpRatio | I5: =$D5*1000 -> 2000 | J5: DevilAtkRatio | K5: =$D5*1000 -> 2000 | L5: DevilDefRatio | M5: =$D5*1000 -> 2000
A6: =INT("1"&TEXT(C6,"00")&TEXT(D6,"0000")) -> 1010003 | B6: Fire | C6: 1 | D6: 3 | E6: Item | F6: 2 | G6: 10 | H6: DevilHpRatio | I6: =$D6*1000 -> 3000 | J6: DevilAtkRatio | K6: =$D6*1000 -> 3000 | L6: DevilDefRatio | M6: =$D6*1000 -> 3000
A7: =INT("1"&TEXT(C7,"00")&TEXT(D7,"0000")) -> 1010004 | B7: Fire | C7: 1 | D7: 4 | E7: Item | F7: 2 | G7: 10 | H7: DevilHpRatio | I7: =$D7*1000 -> 4000 | J7: DevilAtkRatio | K7: =$D7*1000 -> 4000 | L7: DevilDefRatio | M7: =$D7*1000 -> 4000
A8: =INT("1"&TEXT(C8,"00")&TEXT(D8,"0000")) -> 1010005 | B8: Fire | C8: 1 | D8: 5 | E8: Item | F8: 2 | G8: 10 | H8: DevilHpRatio | I8: =$D8*1000 -> 5000 | J8: DevilAtkRatio | K8: =$D8*1000 -> 5000 | L8: DevilDefRatio | M8: =$D8*1000 -> 5000
A9: =INT("1"&TEXT(C9,"00")&TEXT(D9,"0000")) -> 1010006 | B9: Fire | C9: 1 | D9: 6 | E9: Item | F9: 2 | G9: 10 | H9: DevilHpRatio | I9: =$D9*1000 -> 6000 | J9: DevilAtkRatio | K9: =$D9*1000 -> 6000 | L9: DevilDefRatio | M9: =$D9*1000 -> 6000
A10: =INT("1"&TEXT(C10,"00")&TEXT(D10,"0000")) -> 1010007 | B10: Fire | C10: 1 | D10: 7 | E10: Item | F10: 2 | G10: 10 | H10: DevilHpRatio | I10: =$D10*1000 -> 7000 | J10: DevilAtkRatio | K10: =$D10*1000 -> 7000 | L10: DevilDefRatio | M10: =$D10*1000 -> 7000
A11: =INT("1"&TEXT(C11,"00")&TEXT(D11,"0000")) -> 1010008 | B11: Fire | C11: 1 | D11: 8 | E11: Item | F11: 2 | G11: 10 | H11: DevilHpRatio | I11: =$D11*1000 -> 8000 | J11: DevilAtkRatio | K11: =$D11*1000 -> 8000 | L11: DevilDefRatio | M11: =$D11*1000 -> 8000
A12: =INT("1"&TEXT(C12,"00")&TEXT(D12,"0000")) -> 1010009 | B12: Fire | C12: 1 | D12: 9 | E12: Item | F12: 2 | G12: 10 | H12: DevilHpRatio | I12: =$D12*1000 -> 9000 | J12: DevilAtkRatio | K12: =$D12*1000 -> 9000 | L12: DevilDefRatio | M12: =$D12*1000 -> 9000
A13: =INT("1"&TEXT(C13,"00")&TEXT(D13,"0000")) -> 1010010 | B13: Fire | C13: 1 | D13: 10 | E13: Item | F13: 2 | G13: 10 | H13: DevilHpRatio | I13: =$D13*1000 -> 10000 | J13: DevilAtkRatio | K13: =$D13*1000 -> 10000 | L13: DevilDefRatio | M13: =$D13*1000 -> 10000
A14: =INT("1"&TEXT(C14,"00")&TEXT(D14,"0000")) -> 1020001 | B14: Water | C14: 2 | D14: 1 | E14: Item | F14: 2 | G14: 10 | H14: DevilHpRatio | I14: =$D14*1000 -> 1000 | J14: DevilAtkRatio | K14: =$D14*1000 -> 1000 | L14: DevilDefRatio | M14: =$D14*1000 -> 1000
A15: =INT("1"&TEXT(C15,"00")&TEXT(D15,"0000")) -> 1020002 | B15: Water | C15: 2 | D15: 2 | E15: Item | F15: 2 | G15: 10 | H15: DevilHpRatio | I15: =$D15*1000 -> 2000 | J15: DevilAtkRatio | K15: =$D15*1000 -> 2000 | L15: DevilDefRatio | M15: =$D15*1000 -> 2000
... A103: =INT("1"&TEXT(C103,"00")&TEXT(D103,"0000")) -> 1100010 | B103: Healer | C103: 10 | D103: 10 | E103: Item | F103: 2 | G103: 10 | H103: DevilHpRatio | I103: =$D103*1000 -> 10000 | J103: DevilAtkRatio | K103: =$D103*1000 -> 10000 | L103: DevilDefRatio | M103: =$D103*1000 -> 10000

Sheet #Decompose
A1: Id | B1: Grade | C1: #TierSort | D1: Tier | E1: RequireCategoty | F1: RequireId | G1: RequireCount
A4: =INT(B4&TEXT(C4,"00")) -> 100 | B4: 1 | C4: 0 | D4: Default | E4: Item | F4: 2 | G4: 1000
A5: =INT(B5&TEXT(C5,"00")) -> 101 | B5: 1 | C5: 1 | D5: Common1 | E5: Item | F5: 2 | G5: =G4+100 -> 1100
A6: =INT(B6&TEXT(C6,"00")) -> 102 | B6: 1 | C6: 2 | D6: Common2 | E6: Item | F6: 2 | G6: =G5+100 -> 1200
A7: =INT(B7&TEXT(C7,"00")) -> 103 | B7: 1 | C7: 3 | D7: Common3 | E7: Item | F7: 2 | G7: =G6+100 -> 1300
A8: =INT(B8&TEXT(C8,"00")) -> 104 | B8: 1 | C8: 4 | D8: Uncommon1 | E8: Item | F8: 2 | G8: =G7+100 -> 1400
A9: =INT(B9&TEXT(C9,"00")) -> 105 | B9: 1 | C9: 5 | D9: Uncommon2 | E9: Item | F9: 2 | G9: =G8+100 -> 1500
A10: =INT(B10&TEXT(C10,"00")) -> 106 | B10: 1 | C10: 6 | D10: Uncommon3 | E10: Item | F10: 2 | G10: =G9+100 -> 1600
A11: =INT(B11&TEXT(C11,"00")) -> 107 | B11: 1 | C11: 7 | D11: Rare1 | E11: Item | F11: 2 | G11: =G10+100 -> 1700
A12: =INT(B12&TEXT(C12,"00")) -> 108 | B12: 1 | C12: 8 | D12: Rare2 | E12: Item | F12: 2 | G12: =G11+100 -> 1800
A13: =INT(B13&TEXT(C13,"00")) -> 109 | B13: 1 | C13: 9 | D13: Rare3 | E13: Item | F13: 2 | G13: =G12+100 -> 1900
A14: =INT(B14&TEXT(C14,"00")) -> 110 | B14: 1 | C14: 10 | D14: Unique1 | E14: Item | F14: 2 | G14: =G13+100 -> 2000
A15: =INT(B15&TEXT(C15,"00")) -> 111 | B15: 1 | C15: 11 | D15: Unique2 | E15: Item | F15: 2 | G15: =G14+100 -> 2100
A16: =INT(B16&TEXT(C16,"00")) -> 112 | B16: 1 | C16: 12 | D16: Unique3 | E16: Item | F16: 2 | G16: =G15+100 -> 2200
... A22: =INT(B22&TEXT(C22,"00")) -> 118 | B22: 1 | C22: 18 | D22: Legendary3 | E22: Item | F22: 2 | G22: =G21+100 -> 2800
A23: =INT(B23&TEXT(C23,"00")) -> 200 | B23: 2 | C23: 0 | D23: Default | E23: Item | F23: 2 | G23: 2000
A24: =INT(B24&TEXT(C24,"00")) -> 201 | B24: 2 | C24: 1 | D24: Common1 | E24: Item | F24: 2 | G24: =G23+200 -> 2200
A25: =INT(B25&TEXT(C25,"00")) -> 202 | B25: 2 | C25: 2 | D25: Common2 | E25: Item | F25: 2 | G25: =G24+200 -> 2400
A26: =INT(B26&TEXT(C26,"00")) -> 203 | B26: 2 | C26: 3 | D26: Common3 | E26: Item | F26: 2 | G26: =G25+200 -> 2600
A27: =INT(B27&TEXT(C27,"00")) -> 204 | B27: 2 | C27: 4 | D27: Uncommon1 | E27: Item | F27: 2 | G27: =G26+200 -> 2800
A28: =INT(B28&TEXT(C28,"00")) -> 205 | B28: 2 | C28: 5 | D28: Uncommon2 | E28: Item | F28: 2 | G28: =G27+200 -> 3000
A29: =INT(B29&TEXT(C29,"00")) -> 206 | B29: 2 | C29: 6 | D29: Uncommon3 | E29: Item | F29: 2 | G29: =G28+200 -> 3200
A30: =INT(B30&TEXT(C30,"00")) -> 207 | B30: 2 | C30: 7 | D30: Rare1 | E30: Item | F30: 2 | G30: =G29+200 -> 3400
A31: =INT(B31&TEXT(C31,"00")) -> 208 | B31: 2 | C31: 8 | D31: Rare2 | E31: Item | F31: 2 | G31: =G30+200 -> 3600
A32: =INT(B32&TEXT(C32,"00")) -> 209 | B32: 2 | C32: 9 | D32: Rare3 | E32: Item | F32: 2 | G32: =G31+200 -> 3800
A33: =INT(B33&TEXT(C33,"00")) -> 210 | B33: 2 | C33: 10 | D33: Unique1 | E33: Item | F33: 2 | G33: =G32+200 -> 4000
A34: =INT(B34&TEXT(C34,"00")) -> 211 | B34: 2 | C34: 11 | D34: Unique2 | E34: Item | F34: 2 | G34: =G33+200 -> 4200
A35: =INT(B35&TEXT(C35,"00")) -> 212 | B35: 2 | C35: 12 | D35: Unique3 | E35: Item | F35: 2 | G35: =G34+200 -> 4400
... A41: =INT(B41&TEXT(C41,"00")) -> 218 | B41: 2 | C41: 18 | D41: Legendary3 | E41: Item | F41: 2 | G41: =G40+200 -> 5600
A42: =INT(B42&TEXT(C42,"00")) -> 300 | B42: 3 | C42: 0 | D42: Default | E42: Item | F42: 2 | G42: 3000
A43: =INT(B43&TEXT(C43,"00")) -> 301 | B43: 3 | C43: 1 | D43: Common1 | E43: Item | F43: 2 | G43: =G42+300 -> 3300
A44: =INT(B44&TEXT(C44,"00")) -> 302 | B44: 3 | C44: 2 | D44: Common2 | E44: Item | F44: 2 | G44: =G43+300 -> 3600
A45: =INT(B45&TEXT(C45,"00")) -> 303 | B45: 3 | C45: 3 | D45: Common3 | E45: Item | F45: 2 | G45: =G44+300 -> 3900
A46: =INT(B46&TEXT(C46,"00")) -> 304 | B46: 3 | C46: 4 | D46: Uncommon1 | E46: Item | F46: 2 | G46: =G45+300 -> 4200
A47: =INT(B47&TEXT(C47,"00")) -> 305 | B47: 3 | C47: 5 | D47: Uncommon2 | E47: Item | F47: 2 | G47: =G46+300 -> 4500
A48: =INT(B48&TEXT(C48,"00")) -> 306 | B48: 3 | C48: 6 | D48: Uncommon3 | E48: Item | F48: 2 | G48: =G47+300 -> 4800
A49: =INT(B49&TEXT(C49,"00")) -> 307 | B49: 3 | C49: 7 | D49: Rare1 | E49: Item | F49: 2 | G49: =G48+300 -> 5100
A50: =INT(B50&TEXT(C50,"00")) -> 308 | B50: 3 | C50: 8 | D50: Rare2 | E50: Item | F50: 2 | G50: =G49+300 -> 5400
A51: =INT(B51&TEXT(C51,"00")) -> 309 | B51: 3 | C51: 9 | D51: Rare3 | E51: Item | F51: 2 | G51: =G50+300 -> 5700
A52: =INT(B52&TEXT(C52,"00")) -> 310 | B52: 3 | C52: 10 | D52: Unique1 | E52: Item | F52: 2 | G52: =G51+300 -> 6000
A53: =INT(B53&TEXT(C53,"00")) -> 311 | B53: 3 | C53: 11 | D53: Unique2 | E53: Item | F53: 2 | G53: =G52+300 -> 6300
A54: =INT(B54&TEXT(C54,"00")) -> 312 | B54: 3 | C54: 12 | D54: Unique3 | E54: Item | F54: 2 | G54: =G53+300 -> 6600
... A60: =INT(B60&TEXT(C60,"00")) -> 318 | B60: 3 | C60: 18 | D60: Legendary3 | E60: Item | F60: 2 | G60: =G59+300 -> 8400

Sheet #참조
T1: 1 | U1: 선제공격 | V1: 7000101
I2: 0 | J2: <color=#5E5A66> | M2: 10000001 | N2: 드미테르 | P2: Fire | Q2: 1 | R2: Attacker | S2: 1 | T2: 2 | U2: 최후의일격 | V2: 7000102
I3: 1 | J3: <color=#E1E1E1> | M3: 10000002 | N3: 힐드 | P3: Water | Q3: 2 | R3: Defender | S3: 2 | T3: 3 | U3: 기본기마스터 | V3: 7000103
A4: 1 | B4: Common | C4: 50 | D4: =C4/SUM($C$4:$C$13) -> 0.25641026 | I4: 2 | J4: <color=#62C261> | M4: 10000003 | N4: 다비 | P4: Forest | Q4: 3 | R4: Magician | S4: 3 | T4: 4 | U4: 주력기연마 | V4: 7000104
A5: 2 | B5: Uncommon | C5: 45 | D5: =C5/SUM($C$4:$C$13) -> 0.23076923 | I5: 3 | J5: <color=#3C98FF> | M5: 10000004 | N5: 아라한 | P5: Light | Q5: 4 | R5: Supporter | S5: 4 | T5: 5 | U5: 궁극의힘 | V5: 7000105
A6: 3 | B6: Rare | C6: 40 | D6: =C6/SUM($C$4:$C$13) -> 0.20512821 | I6: 4 | J6: <color=#BF64FD> | M6: 10000005 | N6: 샤를 | P6: Dark | Q6: 5 | R6: Healer | S6: 5 | T6: 6 | U6: 폭주 | V6: 7000106
A7: 4 | B7: Unique | C7: 30 | D7: =C7/SUM($C$4:$C$13) -> 0.15384615 | I7: 5 | J7: <color=#FFDC0A> | M7: 10000006 | N7: 브라우니 | T7: 7 | U7: 천적 | V7: 7000107
A8: 5 | B8: Epic | C8: 20 | D8: =C8/SUM($C$4:$C$13) -> 0.1025641 | I8: 6 | J8: <color=#FF7158> | M8: 10000007 | N8: 맘몬 | T8: 8 | U8: 약점포착 | V8: 7000108
A9: 6 | B9: Legendary | C9: 10 | D9: =C9/SUM($C$4:$C$13) -> 0.051282051 | M9: 10000008 | N9: 다나 | T9: 9 | U9: 막판스퍼트 | V9: 7000109
A10: 7 | B10: Hero | M10: 10000009 | N10: 프레이 | T10: 10 | U10: 역경 | V10: 7000110
A11: 8 | B11: Ancient | M11: 10000010 | N11: 시트리 | T11: 11 | U11: {0}사냥꾼 | V11: 7000111
A12: 9 | B12: Mythical | M12: 10000011 | N12: 리자 | T12: 12 | U12: 선택과집중 | V12: 7000112
A13: 10 | B13: Ultra | M13: 10000012 | N13: 구미호 | T13: 13 | U13: 활력의 힘 | V13: 7000113
M14: =M13+1 -> 10000013 | N14: 아르테미스 | T14: 14 | U14: 억압해방 | V14: 7000114
M15: =M14+1 -> 10000014 | N15: 쿠바바 | T15: 15 | U15: 유지 | V15: 7000115
M16: =M15+1 -> 10000015 | N16: 바토리 | T16: 16 | U16: 강철관통 | V16: 7000116
T17: 17 | U17: 만전의준비 | V17: 7000117
T18: 18 | U18: 전선돌파 | V18: 7000118
T19: 19 | U19: 방벽 | V19: 7000201
T20: 20 | U20: 타입내성 | V20: 7000202
T21: 21 | U21: 상성무시 | V21: 7000203
T22: 22 | U22: 내열강화 | V22: 7000204
T23: 23 | U23: {0}의수호 | V23: 7000205
T24: 24 | U24: {0}경감 | V24: 7000206
T25: 25 | U25: 이중경감 | V25: 7000207
T26: 26 | U26: {0}단련 | V26: 7000208
T27: 27 | U27: 긴급방어 | V27: 7000209
T28: 28 | U28: 가시 | V28: 7000210
... T81: 81 | U81: 반격면역 | V81: 7000708

Sheet #캐릭터
A1: 10000354 | B1: 드미테르 | C1: c354
A2: 10000296 | B2: 힐드 | C2: c296
A3: 10000003 | B3: 다비 | C3: c003
A4: 10000464 | B4: 아라한 | C4: c464
A5: 10000353 | B5: 샤를 | C5: c353
A6: 10000229 | B6: 브라우니 | C6: c229
A7: 10000180 | B7: 맘몬 | C7: c180
A8: 10000183 | B8: 다나 | C8: c183
A9: 10000051 | B9: 프레이 | C9: c051
A10: 10000364 | B10: 시트리 | C10: c364
A11: 10000002 | B11: 리자 | C11: c002
A12: 10000417 | B12: 구미호 | C12: c417
... A34: 10000514 | B34: 두엣샤 | C34: c514
